solid OpenSCAD_Model
  facet normal 0.8314696123025427 0.5555702330196061 0
    outer loop
      vertex -5.060660171779821 102.93933982822018 50
      vertex -5.38581929876693 103.42597485145237 50
      vertex -5.060660171779821 102.93933982822018 52
    endloop
  endfacet
  facet normal 0.555570233019612 0.8314696123025388 0
    outer loop
      vertex -4.574025148547634 102.61418070123307 50
      vertex -5.060660171779821 102.93933982822018 50
      vertex -4.574025148547634 102.61418070123307 52
    endloop
  endfacet
  facet normal 0.19509032201612422 0.9807852804032313 0
    outer loop
      vertex -4 102.5 50
      vertex -4.574025148547634 102.61418070123307 50
      vertex -4 102.5 52
    endloop
  endfacet
  facet normal 0.8314696123025427 0.5555702330196061 0
    outer loop
      vertex -5.38581929876693 103.42597485145237 50
      vertex -5.38581929876693 103.42597485145237 52
      vertex -5.060660171779821 102.93933982822018 52
    endloop
  endfacet
  facet normal 0.555570233019612 0.8314696123025388 0
    outer loop
      vertex -5.060660171779821 102.93933982822018 50
      vertex -5.060660171779821 102.93933982822018 52
      vertex -4.574025148547634 102.61418070123307 52
    endloop
  endfacet
  facet normal 0.19509032201612422 0.9807852804032313 0
    outer loop
      vertex -4.574025148547634 102.61418070123307 50
      vertex -4.574025148547634 102.61418070123307 52
      vertex -4 102.5 52
    endloop
  endfacet
  facet normal 0.9807852804032304 0.1950903220161289 0
    outer loop
      vertex -5.5 104 50
      vertex -5.38581929876693 103.42597485145237 52
      vertex -5.38581929876693 103.42597485145237 50
    endloop
  endfacet
  facet normal 0.9807852804032304 -0.1950903220161289 0
    outer loop
      vertex -5.38581929876693 104.57402514854763 50
      vertex -5.5 104 52
      vertex -5.5 104 50
    endloop
  endfacet
  facet normal 0.8314696123025427 -0.5555702330196061 0
    outer loop
      vertex -5.060660171779821 105.06066017177982 50
      vertex -5.38581929876693 104.57402514854763 52
      vertex -5.38581929876693 104.57402514854763 50
    endloop
  endfacet
  facet normal 0.555570233019612 -0.8314696123025388 0
    outer loop
      vertex -4.574025148547634 105.38581929876693 50
      vertex -5.060660171779821 105.06066017177982 52
      vertex -5.060660171779821 105.06066017177982 50
    endloop
  endfacet
  facet normal 0.19509032201612422 -0.9807852804032313 0
    outer loop
      vertex -4.574025148547634 105.38581929876693 50
      vertex -4 105.5 50
      vertex -4.574025148547634 105.38581929876693 52
    endloop
  endfacet
  facet normal 0.9807852804032304 0.1950903220161289 0
    outer loop
      vertex -5.5 104 50
      vertex -5.5 104 52
      vertex -5.38581929876693 103.42597485145237 52
    endloop
  endfacet
  facet normal 0.9807852804032304 -0.1950903220161289 0
    outer loop
      vertex -5.38581929876693 104.57402514854763 50
      vertex -5.38581929876693 104.57402514854763 52
      vertex -5.5 104 52
    endloop
  endfacet
  facet normal 0.8314696123025427 -0.5555702330196061 0
    outer loop
      vertex -5.060660171779821 105.06066017177982 50
      vertex -5.060660171779821 105.06066017177982 52
      vertex -5.38581929876693 104.57402514854763 52
    endloop
  endfacet
  facet normal 0.555570233019612 -0.8314696123025388 0
    outer loop
      vertex -4.574025148547634 105.38581929876693 50
      vertex -4.574025148547634 105.38581929876693 52
      vertex -5.060660171779821 105.06066017177982 52
    endloop
  endfacet
  facet normal 0.19509032201612422 -0.9807852804032313 0
    outer loop
      vertex -4 105.5 50
      vertex -4 105.5 52
      vertex -4.574025148547634 105.38581929876693 52
    endloop
  endfacet
  facet normal -0.19509032201612422 0.9807852804032313 0
    outer loop
      vertex -3.4259748514523656 102.61418070123307 50
      vertex -4 102.5 50
      vertex -3.4259748514523656 102.61418070123307 52
    endloop
  endfacet
  facet normal -0.5555702330196116 0.8314696123025391 0
    outer loop
      vertex -3.4259748514523656 102.61418070123307 50
      vertex -2.9393398282201786 102.93933982822018 52
      vertex -2.9393398282201786 102.93933982822018 50
    endloop
  endfacet
  facet normal -0.831469612302543 0.5555702330196055 0
    outer loop
      vertex -2.9393398282201786 102.93933982822018 50
      vertex -2.61418070123307 103.42597485145237 52
      vertex -2.61418070123307 103.42597485145237 50
    endloop
  endfacet
  facet normal -0.19509032201612422 0.9807852804032313 0
    outer loop
      vertex -4 102.5 50
      vertex -4 102.5 52
      vertex -3.4259748514523656 102.61418070123307 52
    endloop
  endfacet
  facet normal -0.5555702330196116 0.8314696123025391 0
    outer loop
      vertex -3.4259748514523656 102.61418070123307 50
      vertex -3.4259748514523656 102.61418070123307 52
      vertex -2.9393398282201786 102.93933982822018 52
    endloop
  endfacet
  facet normal -0.831469612302543 0.5555702330196055 0
    outer loop
      vertex -2.9393398282201786 102.93933982822018 50
      vertex -2.9393398282201786 102.93933982822018 52
      vertex -2.61418070123307 103.42597485145237 52
    endloop
  endfacet
  facet normal -0.19509032201612422 -0.9807852804032313 0
    outer loop
      vertex -4 105.5 50
      vertex -3.4259748514523656 105.38581929876693 50
      vertex -4 105.5 52
    endloop
  endfacet
  facet normal -0.5555702330196116 -0.8314696123025391 0
    outer loop
      vertex -3.4259748514523656 105.38581929876693 50
      vertex -2.9393398282201786 105.06066017177982 50
      vertex -3.4259748514523656 105.38581929876693 52
    endloop
  endfacet
  facet normal -0.9807852804032304 0.1950903220161289 0
    outer loop
      vertex -2.61418070123307 103.42597485145237 50
      vertex -2.5 104 52
      vertex -2.5 104 50
    endloop
  endfacet
  facet normal -0.9807852804032304 -0.1950903220161289 0
    outer loop
      vertex -2.5 104 50
      vertex -2.61418070123307 104.57402514854763 52
      vertex -2.61418070123307 104.57402514854763 50
    endloop
  endfacet
  facet normal -0.831469612302543 -0.5555702330196055 0
    outer loop
      vertex -2.61418070123307 104.57402514854763 50
      vertex -2.9393398282201786 105.06066017177982 52
      vertex -2.9393398282201786 105.06066017177982 50
    endloop
  endfacet
  facet normal -0.19509032201612422 -0.9807852804032313 0
    outer loop
      vertex -3.4259748514523656 105.38581929876693 50
      vertex -3.4259748514523656 105.38581929876693 52
      vertex -4 105.5 52
    endloop
  endfacet
  facet normal -0.5555702330196116 -0.8314696123025391 0
    outer loop
      vertex -2.9393398282201786 105.06066017177982 50
      vertex -2.9393398282201786 105.06066017177982 52
      vertex -3.4259748514523656 105.38581929876693 52
    endloop
  endfacet
  facet normal -0.9807852804032304 0.1950903220161289 0
    outer loop
      vertex -2.61418070123307 103.42597485145237 50
      vertex -2.61418070123307 103.42597485145237 52
      vertex -2.5 104 52
    endloop
  endfacet
  facet normal -0.9807852804032304 -0.1950903220161289 0
    outer loop
      vertex -2.5 104 50
      vertex -2.5 104 52
      vertex -2.61418070123307 104.57402514854763 52
    endloop
  endfacet
  facet normal -0.831469612302543 -0.5555702330196055 0
    outer loop
      vertex -2.61418070123307 104.57402514854763 50
      vertex -2.61418070123307 104.57402514854763 52
      vertex -2.9393398282201786 105.06066017177982 52
    endloop
  endfacet
  facet normal 0.8314696123025427 0.5555702330196061 0
    outer loop
      vertex -5.060660171779821 108.93933982822018 50
      vertex -5.38581929876693 109.42597485145237 50
      vertex -5.060660171779821 108.93933982822018 52
    endloop
  endfacet
  facet normal 0.9807852804032304 0.1950903220161289 0
    outer loop
      vertex -5.5 110 50
      vertex -5.38581929876693 109.42597485145237 52
      vertex -5.38581929876693 109.42597485145237 50
    endloop
  endfacet
  facet normal 0.9807852804032304 -0.1950903220161289 0
    outer loop
      vertex -5.38581929876693 110.57402514854763 50
      vertex -5.5 110 52
      vertex -5.5 110 50
    endloop
  endfacet
  facet normal 0.8314696123025427 -0.5555702330196061 0
    outer loop
      vertex -5.060660171779821 111.06066017177982 50
      vertex -5.38581929876693 110.57402514854763 52
      vertex -5.38581929876693 110.57402514854763 50
    endloop
  endfacet
  facet normal 0.555570233019612 0.8314696123025388 0
    outer loop
      vertex -4.574025148547634 108.61418070123307 50
      vertex -5.060660171779821 108.93933982822018 50
      vertex -4.574025148547634 108.61418070123307 52
    endloop
  endfacet
  facet normal 0.19509032201612422 0.9807852804032313 0
    outer loop
      vertex -4 108.5 50
      vertex -4.574025148547634 108.61418070123307 50
      vertex -4 108.5 52
    endloop
  endfacet
  facet normal 0.8314696123025427 0.5555702330196061 0
    outer loop
      vertex -5.060660171779821 108.93933982822018 52
      vertex -5.38581929876693 109.42597485145237 50
      vertex -5.38581929876693 109.42597485145237 52
    endloop
  endfacet
  facet normal 0.9807852804032304 0.1950903220161289 0
    outer loop
      vertex -5.5 110 50
      vertex -5.5 110 52
      vertex -5.38581929876693 109.42597485145237 52
    endloop
  endfacet
  facet normal 0.9807852804032304 -0.1950903220161289 0
    outer loop
      vertex -5.38581929876693 110.57402514854763 50
      vertex -5.38581929876693 110.57402514854763 52
      vertex -5.5 110 52
    endloop
  endfacet
  facet normal 0.8314696123025427 -0.5555702330196061 0
    outer loop
      vertex -5.060660171779821 111.06066017177982 50
      vertex -5.060660171779821 111.06066017177982 52
      vertex -5.38581929876693 110.57402514854763 52
    endloop
  endfacet
  facet normal 0.555570233019612 0.8314696123025388 0
    outer loop
      vertex -5.060660171779821 108.93933982822018 50
      vertex -5.060660171779821 108.93933982822018 52
      vertex -4.574025148547634 108.61418070123307 52
    endloop
  endfacet
  facet normal 0.19509032201612422 0.9807852804032313 0
    outer loop
      vertex -4.574025148547634 108.61418070123307 50
      vertex -4.574025148547634 108.61418070123307 52
      vertex -4 108.5 52
    endloop
  endfacet
  facet normal -0.19509032201612422 0.9807852804032313 0
    outer loop
      vertex -3.4259748514523656 108.61418070123307 50
      vertex -4 108.5 50
      vertex -3.4259748514523656 108.61418070123307 52
    endloop
  endfacet
  facet normal -0.5555702330196116 0.8314696123025391 0
    outer loop
      vertex -3.4259748514523656 108.61418070123307 50
      vertex -2.9393398282201786 108.93933982822018 52
      vertex -2.9393398282201786 108.93933982822018 50
    endloop
  endfacet
  facet normal -0.831469612302543 0.5555702330196055 0
    outer loop
      vertex -2.9393398282201786 108.93933982822018 50
      vertex -2.61418070123307 109.42597485145237 52
      vertex -2.61418070123307 109.42597485145237 50
    endloop
  endfacet
  facet normal -0.9807852804032304 0.1950903220161289 0
    outer loop
      vertex -2.61418070123307 109.42597485145237 50
      vertex -2.5 110 52
      vertex -2.5 110 50
    endloop
  endfacet
  facet normal -0.9807852804032304 -0.1950903220161289 0
    outer loop
      vertex -2.5 110 50
      vertex -2.61418070123307 110.57402514854763 52
      vertex -2.61418070123307 110.57402514854763 50
    endloop
  endfacet
  facet normal -0.831469612302543 -0.5555702330196055 0
    outer loop
      vertex -2.61418070123307 110.57402514854763 50
      vertex -2.9393398282201786 111.06066017177982 52
      vertex -2.9393398282201786 111.06066017177982 50
    endloop
  endfacet
  facet normal -0.19509032201612422 0.9807852804032313 0
    outer loop
      vertex -4 108.5 50
      vertex -4 108.5 52
      vertex -3.4259748514523656 108.61418070123307 52
    endloop
  endfacet
  facet normal -0.5555702330196116 0.8314696123025391 0
    outer loop
      vertex -3.4259748514523656 108.61418070123307 50
      vertex -3.4259748514523656 108.61418070123307 52
      vertex -2.9393398282201786 108.93933982822018 52
    endloop
  endfacet
  facet normal -0.831469612302543 0.5555702330196055 0
    outer loop
      vertex -2.9393398282201786 108.93933982822018 50
      vertex -2.9393398282201786 108.93933982822018 52
      vertex -2.61418070123307 109.42597485145237 52
    endloop
  endfacet
  facet normal -0.9807852804032304 0.1950903220161289 0
    outer loop
      vertex -2.5 110 52
      vertex -2.61418070123307 109.42597485145237 50
      vertex -2.61418070123307 109.42597485145237 52
    endloop
  endfacet
  facet normal -0.9807852804032304 -0.1950903220161289 0
    outer loop
      vertex -2.5 110 50
      vertex -2.5 110 52
      vertex -2.61418070123307 110.57402514854763 52
    endloop
  endfacet
  facet normal -0.831469612302543 -0.5555702330196055 0
    outer loop
      vertex -2.61418070123307 110.57402514854763 50
      vertex -2.61418070123307 110.57402514854763 52
      vertex -2.9393398282201786 111.06066017177982 52
    endloop
  endfacet
  facet normal 0.555570233019612 -0.8314696123025388 0
    outer loop
      vertex -5.060660171779821 111.06066017177982 50
      vertex -4.574025148547634 111.38581929876693 50
      vertex -5.060660171779821 111.06066017177982 52
    endloop
  endfacet
  facet normal 0.19509032201612422 -0.9807852804032313 0
    outer loop
      vertex -4.574025148547634 111.38581929876693 50
      vertex -4 111.5 50
      vertex -4.574025148547634 111.38581929876693 52
    endloop
  endfacet
  facet normal 0.555570233019612 -0.8314696123025388 0
    outer loop
      vertex -4.574025148547634 111.38581929876693 50
      vertex -4.574025148547634 111.38581929876693 52
      vertex -5.060660171779821 111.06066017177982 52
    endloop
  endfacet
  facet normal 0.19509032201612422 -0.9807852804032313 0
    outer loop
      vertex -4 111.5 50
      vertex -4 111.5 52
      vertex -4.574025148547634 111.38581929876693 52
    endloop
  endfacet
  facet normal -0.19509032201612422 -0.9807852804032313 0
    outer loop
      vertex -4 111.5 50
      vertex -3.4259748514523656 111.38581929876693 50
      vertex -4 111.5 52
    endloop
  endfacet
  facet normal -0.5555702330196116 -0.8314696123025391 0
    outer loop
      vertex -3.4259748514523656 111.38581929876693 50
      vertex -2.9393398282201786 111.06066017177982 50
      vertex -3.4259748514523656 111.38581929876693 52
    endloop
  endfacet
  facet normal -0.19509032201612422 -0.9807852804032313 0
    outer loop
      vertex -3.4259748514523656 111.38581929876693 50
      vertex -3.4259748514523656 111.38581929876693 52
      vertex -4 111.5 52
    endloop
  endfacet
  facet normal -0.5555702330196116 -0.8314696123025391 0
    outer loop
      vertex -2.9393398282201786 111.06066017177982 50
      vertex -2.9393398282201786 111.06066017177982 52
      vertex -3.4259748514523656 111.38581929876693 52
    endloop
  endfacet
  facet normal 0.8314696123025427 0.5555702330196061 0
    outer loop
      vertex -5.060660171779821 114.93933982822018 50
      vertex -5.38581929876693 115.42597485145237 50
      vertex -5.060660171779821 114.93933982822018 52
    endloop
  endfacet
  facet normal 0.9807852804032304 0.1950903220161289 0
    outer loop
      vertex -5.5 116 50
      vertex -5.38581929876693 115.42597485145237 52
      vertex -5.38581929876693 115.42597485145237 50
    endloop
  endfacet
  facet normal 0.9807852804032304 -0.1950903220161289 0
    outer loop
      vertex -5.38581929876693 116.57402514854763 50
      vertex -5.5 116 52
      vertex -5.5 116 50
    endloop
  endfacet
  facet normal 0.555570233019612 0.8314696123025388 0
    outer loop
      vertex -4.574025148547634 114.61418070123307 50
      vertex -5.060660171779821 114.93933982822018 50
      vertex -4.574025148547634 114.61418070123307 52
    endloop
  endfacet
  facet normal 0.19509032201612422 0.9807852804032313 0
    outer loop
      vertex -4 114.5 50
      vertex -4.574025148547634 114.61418070123307 50
      vertex -4 114.5 52
    endloop
  endfacet
  facet normal 0.8314696123025427 0.5555702330196061 0
    outer loop
      vertex -5.38581929876693 115.42597485145237 50
      vertex -5.38581929876693 115.42597485145237 52
      vertex -5.060660171779821 114.93933982822018 52
    endloop
  endfacet
  facet normal 0.9807852804032304 0.1950903220161289 0
    outer loop
      vertex -5.5 116 50
      vertex -5.5 116 52
      vertex -5.38581929876693 115.42597485145237 52
    endloop
  endfacet
  facet normal 0.555570233019612 0.8314696123025388 0
    outer loop
      vertex -5.060660171779821 114.93933982822018 50
      vertex -5.060660171779821 114.93933982822018 52
      vertex -4.574025148547634 114.61418070123307 52
    endloop
  endfacet
  facet normal 0.19509032201612422 0.9807852804032313 0
    outer loop
      vertex -4.574025148547634 114.61418070123307 50
      vertex -4.574025148547634 114.61418070123307 52
      vertex -4 114.5 52
    endloop
  endfacet
  facet normal 0.8314696123025502 -0.5555702330195949 0
    outer loop
      vertex -5.060660171779821 117.06066017177983 50
      vertex -5.38581929876693 116.57402514854763 52
      vertex -5.38581929876693 116.57402514854763 50
    endloop
  endfacet
  facet normal 0.5555702330195952 -0.83146961230255 0
    outer loop
      vertex -5.060660171779821 117.06066017177983 50
      vertex -4.574025148547634 117.38581929876693 50
      vertex -5.060660171779821 117.06066017177983 52
    endloop
  endfacet
  facet normal 0.19509032201612422 -0.9807852804032313 0
    outer loop
      vertex -4.574025148547634 117.38581929876693 50
      vertex -4 117.5 50
      vertex -4.574025148547634 117.38581929876693 52
    endloop
  endfacet
  facet normal 0.9807852804032304 -0.1950903220161289 0
    outer loop
      vertex -5.38581929876693 116.57402514854763 50
      vertex -5.38581929876693 116.57402514854763 52
      vertex -5.5 116 52
    endloop
  endfacet
  facet normal 0.8314696123025502 -0.5555702330195949 0
    outer loop
      vertex -5.060660171779821 117.06066017177983 50
      vertex -5.060660171779821 117.06066017177983 52
      vertex -5.38581929876693 116.57402514854763 52
    endloop
  endfacet
  facet normal 0.5555702330195952 -0.83146961230255 0
    outer loop
      vertex -4.574025148547634 117.38581929876693 50
      vertex -4.574025148547634 117.38581929876693 52
      vertex -5.060660171779821 117.06066017177983 52
    endloop
  endfacet
  facet normal 0.19509032201612422 -0.9807852804032313 0
    outer loop
      vertex -4 117.5 50
      vertex -4 117.5 52
      vertex -4.574025148547634 117.38581929876693 52
    endloop
  endfacet
  facet normal -0.19509032201612422 0.9807852804032313 0
    outer loop
      vertex -3.4259748514523656 114.61418070123307 50
      vertex -4 114.5 50
      vertex -3.4259748514523656 114.61418070123307 52
    endloop
  endfacet
  facet normal -0.5555702330196116 0.8314696123025391 0
    outer loop
      vertex -2.9393398282201786 114.93933982822018 50
      vertex -3.4259748514523656 114.61418070123307 50
      vertex -2.9393398282201786 114.93933982822018 52
    endloop
  endfacet
  facet normal -0.831469612302543 0.5555702330196055 0
    outer loop
      vertex -2.9393398282201786 114.93933982822018 50
      vertex -2.61418070123307 115.42597485145237 52
      vertex -2.61418070123307 115.42597485145237 50
    endloop
  endfacet
  facet normal -0.9807852804032304 0.1950903220161289 0
    outer loop
      vertex -2.61418070123307 115.42597485145237 50
      vertex -2.5 116 52
      vertex -2.5 116 50
    endloop
  endfacet
  facet normal -0.19509032201612422 0.9807852804032313 0
    outer loop
      vertex -4 114.5 50
      vertex -4 114.5 52
      vertex -3.4259748514523656 114.61418070123307 52
    endloop
  endfacet
  facet normal -0.5555702330196116 0.8314696123025391 0
    outer loop
      vertex -3.4259748514523656 114.61418070123307 50
      vertex -3.4259748514523656 114.61418070123307 52
      vertex -2.9393398282201786 114.93933982822018 52
    endloop
  endfacet
  facet normal -0.831469612302543 0.5555702330196055 0
    outer loop
      vertex -2.9393398282201786 114.93933982822018 50
      vertex -2.9393398282201786 114.93933982822018 52
      vertex -2.61418070123307 115.42597485145237 52
    endloop
  endfacet
  facet normal -0.9807852804032304 0.1950903220161289 0
    outer loop
      vertex -2.61418070123307 115.42597485145237 50
      vertex -2.61418070123307 115.42597485145237 52
      vertex -2.5 116 52
    endloop
  endfacet
  facet normal -0.9807852804032304 -0.1950903220161289 0
    outer loop
      vertex -2.5 116 50
      vertex -2.5 116 52
      vertex -2.61418070123307 116.57402514854763 52
    endloop
  endfacet
  facet normal -0.19509032201612422 -0.9807852804032313 0
    outer loop
      vertex -4 117.5 50
      vertex -3.4259748514523656 117.38581929876693 50
      vertex -4 117.5 52
    endloop
  endfacet
  facet normal -0.5555702330195949 -0.8314696123025502 0
    outer loop
      vertex -3.4259748514523656 117.38581929876693 50
      vertex -2.9393398282201786 117.06066017177983 50
      vertex -3.4259748514523656 117.38581929876693 52
    endloop
  endfacet
  facet normal -0.9807852804032304 -0.1950903220161289 0
    outer loop
      vertex -2.5 116 50
      vertex -2.61418070123307 116.57402514854763 52
      vertex -2.61418070123307 116.57402514854763 50
    endloop
  endfacet
  facet normal -0.8314696123025506 -0.5555702330195943 0
    outer loop
      vertex -2.61418070123307 116.57402514854763 50
      vertex -2.9393398282201786 117.06066017177983 52
      vertex -2.9393398282201786 117.06066017177983 50
    endloop
  endfacet
  facet normal -0.19509032201612422 -0.9807852804032313 0
    outer loop
      vertex -3.4259748514523656 117.38581929876693 50
      vertex -3.4259748514523656 117.38581929876693 52
      vertex -4 117.5 52
    endloop
  endfacet
  facet normal -0.5555702330195949 -0.8314696123025502 0
    outer loop
      vertex -2.9393398282201786 117.06066017177983 50
      vertex -2.9393398282201786 117.06066017177983 52
      vertex -3.4259748514523656 117.38581929876693 52
    endloop
  endfacet
  facet normal -0.8314696123025506 -0.5555702330195943 0
    outer loop
      vertex -2.61418070123307 116.57402514854763 50
      vertex -2.61418070123307 116.57402514854763 52
      vertex -2.9393398282201786 117.06066017177983 52
    endloop
  endfacet
  facet normal 0.8314696123025502 0.5555702330195949 0
    outer loop
      vertex -5.060660171779821 120.93933982822017 50
      vertex -5.38581929876693 121.42597485145237 50
      vertex -5.060660171779821 120.93933982822017 52
    endloop
  endfacet
  facet normal 0.5555702330195952 0.83146961230255 0
    outer loop
      vertex -4.574025148547634 120.61418070123307 50
      vertex -5.060660171779821 120.93933982822017 50
      vertex -4.574025148547634 120.61418070123307 52
    endloop
  endfacet
  facet normal 0.19509032201612422 0.9807852804032313 0
    outer loop
      vertex -4 120.5 50
      vertex -4.574025148547634 120.61418070123307 50
      vertex -4 120.5 52
    endloop
  endfacet
  facet normal 0.8314696123025502 0.5555702330195949 0
    outer loop
      vertex -5.38581929876693 121.42597485145237 50
      vertex -5.38581929876693 121.42597485145237 52
      vertex -5.060660171779821 120.93933982822017 52
    endloop
  endfacet
  facet normal 0.5555702330195952 0.83146961230255 0
    outer loop
      vertex -5.060660171779821 120.93933982822017 50
      vertex -5.060660171779821 120.93933982822017 52
      vertex -4.574025148547634 120.61418070123307 52
    endloop
  endfacet
  facet normal 0.19509032201612422 0.9807852804032313 0
    outer loop
      vertex -4.574025148547634 120.61418070123307 50
      vertex -4.574025148547634 120.61418070123307 52
      vertex -4 120.5 52
    endloop
  endfacet
  facet normal -0.19509032201612422 0.9807852804032313 0
    outer loop
      vertex -3.4259748514523656 120.61418070123307 50
      vertex -4 120.5 50
      vertex -3.4259748514523656 120.61418070123307 52
    endloop
  endfacet
  facet normal -0.5555702330195949 0.8314696123025502 0
    outer loop
      vertex -3.4259748514523656 120.61418070123307 50
      vertex -2.9393398282201786 120.93933982822017 52
      vertex -2.9393398282201786 120.93933982822017 50
    endloop
  endfacet
  facet normal -0.8314696123025506 0.5555702330195943 0
    outer loop
      vertex -2.9393398282201786 120.93933982822017 50
      vertex -2.61418070123307 121.42597485145237 52
      vertex -2.61418070123307 121.42597485145237 50
    endloop
  endfacet
  facet normal -0.19509032201612422 0.9807852804032313 0
    outer loop
      vertex -4 120.5 50
      vertex -4 120.5 52
      vertex -3.4259748514523656 120.61418070123307 52
    endloop
  endfacet
  facet normal -0.5555702330195949 0.8314696123025502 0
    outer loop
      vertex -3.4259748514523656 120.61418070123307 50
      vertex -3.4259748514523656 120.61418070123307 52
      vertex -2.9393398282201786 120.93933982822017 52
    endloop
  endfacet
  facet normal -0.8314696123025506 0.5555702330195943 0
    outer loop
      vertex -2.9393398282201786 120.93933982822017 50
      vertex -2.9393398282201786 120.93933982822017 52
      vertex -2.61418070123307 121.42597485145237 52
    endloop
  endfacet
  facet normal 0.9807852804032304 0.1950903220161289 0
    outer loop
      vertex -5.5 122 50
      vertex -5.38581929876693 121.42597485145237 52
      vertex -5.38581929876693 121.42597485145237 50
    endloop
  endfacet
  facet normal 0.9807852804032304 -0.1950903220161289 0
    outer loop
      vertex -5.38581929876693 122.57402514854763 50
      vertex -5.5 122 52
      vertex -5.5 122 50
    endloop
  endfacet
  facet normal 0.8314696123025502 -0.5555702330195949 0
    outer loop
      vertex -5.060660171779821 123.06066017177983 50
      vertex -5.38581929876693 122.57402514854763 52
      vertex -5.38581929876693 122.57402514854763 50
    endloop
  endfacet
  facet normal 0.5555702330195952 -0.83146961230255 0
    outer loop
      vertex -4.574025148547634 123.38581929876693 50
      vertex -5.060660171779821 123.06066017177983 52
      vertex -5.060660171779821 123.06066017177983 50
    endloop
  endfacet
  facet normal 0.19509032201612422 -0.9807852804032313 0
    outer loop
      vertex -4.574025148547634 123.38581929876693 50
      vertex -4 123.5 50
      vertex -4.574025148547634 123.38581929876693 52
    endloop
  endfacet
  facet normal 0.9807852804032304 0.1950903220161289 0
    outer loop
      vertex -5.5 122 50
      vertex -5.5 122 52
      vertex -5.38581929876693 121.42597485145237 52
    endloop
  endfacet
  facet normal 0.9807852804032304 -0.1950903220161289 0
    outer loop
      vertex -5.38581929876693 122.57402514854763 50
      vertex -5.38581929876693 122.57402514854763 52
      vertex -5.5 122 52
    endloop
  endfacet
  facet normal 0.8314696123025502 -0.5555702330195949 0
    outer loop
      vertex -5.060660171779821 123.06066017177983 50
      vertex -5.060660171779821 123.06066017177983 52
      vertex -5.38581929876693 122.57402514854763 52
    endloop
  endfacet
  facet normal 0.5555702330195952 -0.83146961230255 0
    outer loop
      vertex -4.574025148547634 123.38581929876693 50
      vertex -4.574025148547634 123.38581929876693 52
      vertex -5.060660171779821 123.06066017177983 52
    endloop
  endfacet
  facet normal 0.19509032201612422 -0.9807852804032313 0
    outer loop
      vertex -4 123.5 50
      vertex -4 123.5 52
      vertex -4.574025148547634 123.38581929876693 52
    endloop
  endfacet
  facet normal -0.19509032201612422 -0.9807852804032313 0
    outer loop
      vertex -4 123.5 50
      vertex -3.4259748514523656 123.38581929876693 50
      vertex -4 123.5 52
    endloop
  endfacet
  facet normal -0.5555702330195949 -0.8314696123025502 0
    outer loop
      vertex -3.4259748514523656 123.38581929876693 50
      vertex -2.9393398282201786 123.06066017177983 50
      vertex -3.4259748514523656 123.38581929876693 52
    endloop
  endfacet
  facet normal -0.9807852804032304 0.1950903220161289 0
    outer loop
      vertex -2.61418070123307 121.42597485145237 50
      vertex -2.5 122 52
      vertex -2.5 122 50
    endloop
  endfacet
  facet normal -0.9807852804032304 -0.1950903220161289 0
    outer loop
      vertex -2.5 122 50
      vertex -2.61418070123307 122.57402514854763 52
      vertex -2.61418070123307 122.57402514854763 50
    endloop
  endfacet
  facet normal -0.8314696123025506 -0.5555702330195943 0
    outer loop
      vertex -2.61418070123307 122.57402514854763 50
      vertex -2.9393398282201786 123.06066017177983 52
      vertex -2.9393398282201786 123.06066017177983 50
    endloop
  endfacet
  facet normal -0.19509032201612422 -0.9807852804032313 0
    outer loop
      vertex -3.4259748514523656 123.38581929876693 50
      vertex -3.4259748514523656 123.38581929876693 52
      vertex -4 123.5 52
    endloop
  endfacet
  facet normal -0.5555702330195949 -0.8314696123025502 0
    outer loop
      vertex -2.9393398282201786 123.06066017177983 50
      vertex -2.9393398282201786 123.06066017177983 52
      vertex -3.4259748514523656 123.38581929876693 52
    endloop
  endfacet
  facet normal -0.9807852804032304 0.1950903220161289 0
    outer loop
      vertex -2.61418070123307 121.42597485145237 50
      vertex -2.61418070123307 121.42597485145237 52
      vertex -2.5 122 52
    endloop
  endfacet
  facet normal -0.9807852804032304 -0.1950903220161289 0
    outer loop
      vertex -2.5 122 50
      vertex -2.5 122 52
      vertex -2.61418070123307 122.57402514854763 52
    endloop
  endfacet
  facet normal -0.8314696123025506 -0.5555702330195943 0
    outer loop
      vertex -2.61418070123307 122.57402514854763 50
      vertex -2.61418070123307 122.57402514854763 52
      vertex -2.9393398282201786 123.06066017177983 52
    endloop
  endfacet
  facet normal 0.8314696123025433 0.555570233019605 0
    outer loop
      vertex -11.060660171779821 102.93933982822018 50
      vertex -11.385819298766929 103.42597485145237 50
      vertex -11.060660171779821 102.93933982822018 52
    endloop
  endfacet
  facet normal 0.5555702330196126 0.8314696123025382 0
    outer loop
      vertex -10.574025148547635 102.61418070123307 50
      vertex -11.060660171779821 102.93933982822018 50
      vertex -10.574025148547635 102.61418070123307 52
    endloop
  endfacet
  facet normal 0.19509032201612392 0.9807852804032314 0
    outer loop
      vertex -10 102.5 50
      vertex -10.574025148547635 102.61418070123307 50
      vertex -10 102.5 52
    endloop
  endfacet
  facet normal 0.8314696123025433 0.555570233019605 0
    outer loop
      vertex -11.385819298766929 103.42597485145237 50
      vertex -11.385819298766929 103.42597485145237 52
      vertex -11.060660171779821 102.93933982822018 52
    endloop
  endfacet
  facet normal 0.5555702330196126 0.8314696123025382 0
    outer loop
      vertex -11.060660171779821 102.93933982822018 50
      vertex -11.060660171779821 102.93933982822018 52
      vertex -10.574025148547635 102.61418070123307 52
    endloop
  endfacet
  facet normal 0.19509032201612392 0.9807852804032314 0
    outer loop
      vertex -10.574025148547635 102.61418070123307 50
      vertex -10.574025148547635 102.61418070123307 52
      vertex -10 102.5 52
    endloop
  endfacet
  facet normal 0.98078528040323 0.19509032201613033 0
    outer loop
      vertex -11.5 104 50
      vertex -11.385819298766929 103.42597485145237 52
      vertex -11.385819298766929 103.42597485145237 50
    endloop
  endfacet
  facet normal 0.98078528040323 -0.19509032201613033 0
    outer loop
      vertex -11.385819298766929 104.57402514854763 50
      vertex -11.5 104 52
      vertex -11.5 104 50
    endloop
  endfacet
  facet normal 0.8314696123025433 -0.555570233019605 0
    outer loop
      vertex -11.060660171779821 105.06066017177982 50
      vertex -11.385819298766929 104.57402514854763 52
      vertex -11.385819298766929 104.57402514854763 50
    endloop
  endfacet
  facet normal 0.5555702330196126 -0.8314696123025382 0
    outer loop
      vertex -10.574025148547635 105.38581929876693 50
      vertex -11.060660171779821 105.06066017177982 52
      vertex -11.060660171779821 105.06066017177982 50
    endloop
  endfacet
  facet normal 0.19509032201612392 -0.9807852804032314 0
    outer loop
      vertex -10.574025148547635 105.38581929876693 50
      vertex -10 105.5 50
      vertex -10.574025148547635 105.38581929876693 52
    endloop
  endfacet
  facet normal 0.98078528040323 0.19509032201613033 0
    outer loop
      vertex -11.5 104 50
      vertex -11.5 104 52
      vertex -11.385819298766929 103.42597485145237 52
    endloop
  endfacet
  facet normal 0.98078528040323 -0.19509032201613033 0
    outer loop
      vertex -11.385819298766929 104.57402514854763 50
      vertex -11.385819298766929 104.57402514854763 52
      vertex -11.5 104 52
    endloop
  endfacet
  facet normal 0.8314696123025433 -0.555570233019605 0
    outer loop
      vertex -11.060660171779821 105.06066017177982 50
      vertex -11.060660171779821 105.06066017177982 52
      vertex -11.385819298766929 104.57402514854763 52
    endloop
  endfacet
  facet normal 0.5555702330196126 -0.8314696123025382 0
    outer loop
      vertex -10.574025148547635 105.38581929876693 50
      vertex -10.574025148547635 105.38581929876693 52
      vertex -11.060660171779821 105.06066017177982 52
    endloop
  endfacet
  facet normal 0.19509032201612392 -0.9807852804032314 0
    outer loop
      vertex -10 105.5 50
      vertex -10 105.5 52
      vertex -10.574025148547635 105.38581929876693 52
    endloop
  endfacet
  facet normal -0.19509032201612392 0.9807852804032314 0
    outer loop
      vertex -9.425974851452365 102.61418070123307 50
      vertex -10 102.5 50
      vertex -9.425974851452365 102.61418070123307 52
    endloop
  endfacet
  facet normal -0.5555702330196126 0.8314696123025382 0
    outer loop
      vertex -9.425974851452365 102.61418070123307 50
      vertex -8.939339828220179 102.93933982822018 52
      vertex -8.939339828220179 102.93933982822018 50
    endloop
  endfacet
  facet normal -0.8314696123025433 0.555570233019605 0
    outer loop
      vertex -8.939339828220179 102.93933982822018 50
      vertex -8.614180701233071 103.42597485145237 52
      vertex -8.614180701233071 103.42597485145237 50
    endloop
  endfacet
  facet normal -0.19509032201612392 0.9807852804032314 0
    outer loop
      vertex -10 102.5 50
      vertex -10 102.5 52
      vertex -9.425974851452365 102.61418070123307 52
    endloop
  endfacet
  facet normal -0.5555702330196126 0.8314696123025382 0
    outer loop
      vertex -9.425974851452365 102.61418070123307 50
      vertex -9.425974851452365 102.61418070123307 52
      vertex -8.939339828220179 102.93933982822018 52
    endloop
  endfacet
  facet normal -0.8314696123025433 0.555570233019605 0
    outer loop
      vertex -8.939339828220179 102.93933982822018 50
      vertex -8.939339828220179 102.93933982822018 52
      vertex -8.614180701233071 103.42597485145237 52
    endloop
  endfacet
  facet normal -0.19509032201612392 -0.9807852804032314 0
    outer loop
      vertex -10 105.5 50
      vertex -9.425974851452365 105.38581929876693 50
      vertex -10 105.5 52
    endloop
  endfacet
  facet normal -0.5555702330196126 -0.8314696123025382 0
    outer loop
      vertex -9.425974851452365 105.38581929876693 50
      vertex -8.939339828220179 105.06066017177982 50
      vertex -9.425974851452365 105.38581929876693 52
    endloop
  endfacet
  facet normal -0.98078528040323 0.19509032201613033 0
    outer loop
      vertex -8.614180701233071 103.42597485145237 50
      vertex -8.5 104 52
      vertex -8.5 104 50
    endloop
  endfacet
  facet normal -0.98078528040323 -0.19509032201613033 0
    outer loop
      vertex -8.5 104 50
      vertex -8.614180701233071 104.57402514854763 52
      vertex -8.614180701233071 104.57402514854763 50
    endloop
  endfacet
  facet normal -0.8314696123025433 -0.555570233019605 0
    outer loop
      vertex -8.614180701233071 104.57402514854763 50
      vertex -8.939339828220179 105.06066017177982 52
      vertex -8.939339828220179 105.06066017177982 50
    endloop
  endfacet
  facet normal -0.19509032201612392 -0.9807852804032314 0
    outer loop
      vertex -9.425974851452365 105.38581929876693 50
      vertex -9.425974851452365 105.38581929876693 52
      vertex -10 105.5 52
    endloop
  endfacet
  facet normal -0.5555702330196126 -0.8314696123025382 0
    outer loop
      vertex -8.939339828220179 105.06066017177982 50
      vertex -8.939339828220179 105.06066017177982 52
      vertex -9.425974851452365 105.38581929876693 52
    endloop
  endfacet
  facet normal -0.98078528040323 0.19509032201613033 0
    outer loop
      vertex -8.614180701233071 103.42597485145237 50
      vertex -8.614180701233071 103.42597485145237 52
      vertex -8.5 104 52
    endloop
  endfacet
  facet normal -0.98078528040323 -0.19509032201613033 0
    outer loop
      vertex -8.5 104 50
      vertex -8.5 104 52
      vertex -8.614180701233071 104.57402514854763 52
    endloop
  endfacet
  facet normal -0.8314696123025433 -0.555570233019605 0
    outer loop
      vertex -8.614180701233071 104.57402514854763 50
      vertex -8.614180701233071 104.57402514854763 52
      vertex -8.939339828220179 105.06066017177982 52
    endloop
  endfacet
  facet normal 0.8314696123025433 0.555570233019605 0
    outer loop
      vertex -11.060660171779821 108.93933982822018 50
      vertex -11.385819298766929 109.42597485145237 50
      vertex -11.060660171779821 108.93933982822018 52
    endloop
  endfacet
  facet normal 0.98078528040323 0.19509032201613033 0
    outer loop
      vertex -11.5 110 50
      vertex -11.385819298766929 109.42597485145237 52
      vertex -11.385819298766929 109.42597485145237 50
    endloop
  endfacet
  facet normal 0.98078528040323 -0.19509032201613033 0
    outer loop
      vertex -11.385819298766929 110.57402514854763 50
      vertex -11.5 110 52
      vertex -11.5 110 50
    endloop
  endfacet
  facet normal 0.8314696123025433 -0.555570233019605 0
    outer loop
      vertex -11.060660171779821 111.06066017177982 50
      vertex -11.385819298766929 110.57402514854763 52
      vertex -11.385819298766929 110.57402514854763 50
    endloop
  endfacet
  facet normal 0.5555702330196126 0.8314696123025382 0
    outer loop
      vertex -10.574025148547635 108.61418070123307 50
      vertex -11.060660171779821 108.93933982822018 50
      vertex -10.574025148547635 108.61418070123307 52
    endloop
  endfacet
  facet normal 0.19509032201612392 0.9807852804032314 0
    outer loop
      vertex -10 108.5 50
      vertex -10.574025148547635 108.61418070123307 50
      vertex -10 108.5 52
    endloop
  endfacet
  facet normal 0.8314696123025433 0.555570233019605 0
    outer loop
      vertex -11.385819298766929 109.42597485145237 50
      vertex -11.385819298766929 109.42597485145237 52
      vertex -11.060660171779821 108.93933982822018 52
    endloop
  endfacet
  facet normal 0.98078528040323 0.19509032201613033 0
    outer loop
      vertex -11.5 110 50
      vertex -11.5 110 52
      vertex -11.385819298766929 109.42597485145237 52
    endloop
  endfacet
  facet normal 0.98078528040323 -0.19509032201613033 0
    outer loop
      vertex -11.385819298766929 110.57402514854763 50
      vertex -11.385819298766929 110.57402514854763 52
      vertex -11.5 110 52
    endloop
  endfacet
  facet normal 0.8314696123025433 -0.555570233019605 0
    outer loop
      vertex -11.060660171779821 111.06066017177982 50
      vertex -11.060660171779821 111.06066017177982 52
      vertex -11.385819298766929 110.57402514854763 52
    endloop
  endfacet
  facet normal 0.5555702330196126 0.8314696123025382 0
    outer loop
      vertex -11.060660171779821 108.93933982822018 50
      vertex -11.060660171779821 108.93933982822018 52
      vertex -10.574025148547635 108.61418070123307 52
    endloop
  endfacet
  facet normal 0.19509032201612392 0.9807852804032314 0
    outer loop
      vertex -10.574025148547635 108.61418070123307 50
      vertex -10.574025148547635 108.61418070123307 52
      vertex -10 108.5 52
    endloop
  endfacet
  facet normal -0.19509032201612392 0.9807852804032314 0
    outer loop
      vertex -9.425974851452365 108.61418070123307 50
      vertex -10 108.5 50
      vertex -9.425974851452365 108.61418070123307 52
    endloop
  endfacet
  facet normal -0.5555702330196126 0.8314696123025382 0
    outer loop
      vertex -9.425974851452365 108.61418070123307 50
      vertex -8.939339828220179 108.93933982822018 52
      vertex -8.939339828220179 108.93933982822018 50
    endloop
  endfacet
  facet normal -0.8314696123025433 0.555570233019605 0
    outer loop
      vertex -8.939339828220179 108.93933982822018 50
      vertex -8.614180701233071 109.42597485145237 52
      vertex -8.614180701233071 109.42597485145237 50
    endloop
  endfacet
  facet normal -0.98078528040323 0.19509032201613033 0
    outer loop
      vertex -8.614180701233071 109.42597485145237 50
      vertex -8.5 110 52
      vertex -8.5 110 50
    endloop
  endfacet
  facet normal -0.98078528040323 -0.19509032201613033 0
    outer loop
      vertex -8.5 110 50
      vertex -8.614180701233071 110.57402514854763 52
      vertex -8.614180701233071 110.57402514854763 50
    endloop
  endfacet
  facet normal -0.8314696123025433 -0.555570233019605 0
    outer loop
      vertex -8.614180701233071 110.57402514854763 50
      vertex -8.939339828220179 111.06066017177982 52
      vertex -8.939339828220179 111.06066017177982 50
    endloop
  endfacet
  facet normal -0.19509032201612392 0.9807852804032314 0
    outer loop
      vertex -10 108.5 50
      vertex -10 108.5 52
      vertex -9.425974851452365 108.61418070123307 52
    endloop
  endfacet
  facet normal -0.5555702330196126 0.8314696123025382 0
    outer loop
      vertex -9.425974851452365 108.61418070123307 50
      vertex -9.425974851452365 108.61418070123307 52
      vertex -8.939339828220179 108.93933982822018 52
    endloop
  endfacet
  facet normal -0.8314696123025433 0.555570233019605 0
    outer loop
      vertex -8.939339828220179 108.93933982822018 50
      vertex -8.939339828220179 108.93933982822018 52
      vertex -8.614180701233071 109.42597485145237 52
    endloop
  endfacet
  facet normal -0.98078528040323 0.19509032201613033 0
    outer loop
      vertex -8.614180701233071 109.42597485145237 50
      vertex -8.614180701233071 109.42597485145237 52
      vertex -8.5 110 52
    endloop
  endfacet
  facet normal -0.98078528040323 -0.19509032201613033 0
    outer loop
      vertex -8.5 110 50
      vertex -8.5 110 52
      vertex -8.614180701233071 110.57402514854763 52
    endloop
  endfacet
  facet normal -0.8314696123025433 -0.555570233019605 0
    outer loop
      vertex -8.614180701233071 110.57402514854763 50
      vertex -8.614180701233071 110.57402514854763 52
      vertex -8.939339828220179 111.06066017177982 52
    endloop
  endfacet
  facet normal 0.5555702330196126 -0.8314696123025382 0
    outer loop
      vertex -10.574025148547635 111.38581929876693 50
      vertex -11.060660171779821 111.06066017177982 52
      vertex -11.060660171779821 111.06066017177982 50
    endloop
  endfacet
  facet normal 0.19509032201612392 -0.9807852804032314 0
    outer loop
      vertex -10.574025148547635 111.38581929876693 50
      vertex -10 111.5 50
      vertex -10.574025148547635 111.38581929876693 52
    endloop
  endfacet
  facet normal 0.5555702330196126 -0.8314696123025382 0
    outer loop
      vertex -10.574025148547635 111.38581929876693 50
      vertex -10.574025148547635 111.38581929876693 52
      vertex -11.060660171779821 111.06066017177982 52
    endloop
  endfacet
  facet normal 0.19509032201612392 -0.9807852804032314 0
    outer loop
      vertex -10 111.5 50
      vertex -10 111.5 52
      vertex -10.574025148547635 111.38581929876693 52
    endloop
  endfacet
  facet normal -0.19509032201612392 -0.9807852804032314 0
    outer loop
      vertex -10 111.5 50
      vertex -9.425974851452365 111.38581929876693 50
      vertex -10 111.5 52
    endloop
  endfacet
  facet normal -0.5555702330196126 -0.8314696123025382 0
    outer loop
      vertex -9.425974851452365 111.38581929876693 50
      vertex -8.939339828220179 111.06066017177982 50
      vertex -9.425974851452365 111.38581929876693 52
    endloop
  endfacet
  facet normal -0.19509032201612392 -0.9807852804032314 0
    outer loop
      vertex -9.425974851452365 111.38581929876693 50
      vertex -9.425974851452365 111.38581929876693 52
      vertex -10 111.5 52
    endloop
  endfacet
  facet normal -0.5555702330196126 -0.8314696123025382 0
    outer loop
      vertex -8.939339828220179 111.06066017177982 50
      vertex -8.939339828220179 111.06066017177982 52
      vertex -9.425974851452365 111.38581929876693 52
    endloop
  endfacet
  facet normal 0.8314696123025433 0.555570233019605 0
    outer loop
      vertex -11.060660171779821 114.93933982822018 50
      vertex -11.385819298766929 115.42597485145237 50
      vertex -11.060660171779821 114.93933982822018 52
    endloop
  endfacet
  facet normal 0.98078528040323 0.19509032201613033 0
    outer loop
      vertex -11.5 116 50
      vertex -11.385819298766929 115.42597485145237 52
      vertex -11.385819298766929 115.42597485145237 50
    endloop
  endfacet
  facet normal 0.98078528040323 -0.19509032201613033 0
    outer loop
      vertex -11.385819298766929 116.57402514854763 50
      vertex -11.5 116 52
      vertex -11.5 116 50
    endloop
  endfacet
  facet normal 0.5555702330196126 0.8314696123025382 0
    outer loop
      vertex -10.574025148547635 114.61418070123307 50
      vertex -11.060660171779821 114.93933982822018 50
      vertex -10.574025148547635 114.61418070123307 52
    endloop
  endfacet
  facet normal 0.19509032201612392 0.9807852804032314 0
    outer loop
      vertex -10 114.5 50
      vertex -10.574025148547635 114.61418070123307 50
      vertex -10 114.5 52
    endloop
  endfacet
  facet normal 0.8314696123025433 0.555570233019605 0
    outer loop
      vertex -11.385819298766929 115.42597485145237 50
      vertex -11.385819298766929 115.42597485145237 52
      vertex -11.060660171779821 114.93933982822018 52
    endloop
  endfacet
  facet normal 0.98078528040323 0.19509032201613033 0
    outer loop
      vertex -11.5 116 50
      vertex -11.5 116 52
      vertex -11.385819298766929 115.42597485145237 52
    endloop
  endfacet
  facet normal 0.5555702330196126 0.8314696123025382 0
    outer loop
      vertex -11.060660171779821 114.93933982822018 50
      vertex -11.060660171779821 114.93933982822018 52
      vertex -10.574025148547635 114.61418070123307 52
    endloop
  endfacet
  facet normal 0.19509032201612392 0.9807852804032314 0
    outer loop
      vertex -10.574025148547635 114.61418070123307 50
      vertex -10.574025148547635 114.61418070123307 52
      vertex -10 114.5 52
    endloop
  endfacet
  facet normal -0.19509032201612392 0.9807852804032314 0
    outer loop
      vertex -9.425974851452365 114.61418070123307 50
      vertex -10 114.5 50
      vertex -9.425974851452365 114.61418070123307 52
    endloop
  endfacet
  facet normal -0.5555702330196126 0.8314696123025382 0
    outer loop
      vertex -9.425974851452365 114.61418070123307 50
      vertex -8.939339828220179 114.93933982822018 52
      vertex -8.939339828220179 114.93933982822018 50
    endloop
  endfacet
  facet normal -0.8314696123025433 0.555570233019605 0
    outer loop
      vertex -8.939339828220179 114.93933982822018 50
      vertex -8.614180701233071 115.42597485145237 52
      vertex -8.614180701233071 115.42597485145237 50
    endloop
  endfacet
  facet normal -0.98078528040323 0.19509032201613033 0
    outer loop
      vertex -8.614180701233071 115.42597485145237 50
      vertex -8.5 116 52
      vertex -8.5 116 50
    endloop
  endfacet
  facet normal -0.19509032201612392 0.9807852804032314 0
    outer loop
      vertex -10 114.5 50
      vertex -10 114.5 52
      vertex -9.425974851452365 114.61418070123307 52
    endloop
  endfacet
  facet normal -0.5555702330196126 0.8314696123025382 0
    outer loop
      vertex -9.425974851452365 114.61418070123307 50
      vertex -9.425974851452365 114.61418070123307 52
      vertex -8.939339828220179 114.93933982822018 52
    endloop
  endfacet
  facet normal -0.8314696123025433 0.555570233019605 0
    outer loop
      vertex -8.939339828220179 114.93933982822018 50
      vertex -8.939339828220179 114.93933982822018 52
      vertex -8.614180701233071 115.42597485145237 52
    endloop
  endfacet
  facet normal -0.98078528040323 0.19509032201613033 0
    outer loop
      vertex -8.614180701233071 115.42597485145237 50
      vertex -8.614180701233071 115.42597485145237 52
      vertex -8.5 116 52
    endloop
  endfacet
  facet normal -0.98078528040323 -0.19509032201613033 0
    outer loop
      vertex -8.5 116 50
      vertex -8.5 116 52
      vertex -8.614180701233071 116.57402514854763 52
    endloop
  endfacet
  facet normal 0.8314696123025509 -0.5555702330195937 0
    outer loop
      vertex -11.060660171779821 117.06066017177983 50
      vertex -11.385819298766929 116.57402514854763 52
      vertex -11.385819298766929 116.57402514854763 50
    endloop
  endfacet
  facet normal 0.5555702330195958 -0.8314696123025495 0
    outer loop
      vertex -11.060660171779821 117.06066017177983 50
      vertex -10.574025148547635 117.38581929876693 50
      vertex -11.060660171779821 117.06066017177983 52
    endloop
  endfacet
  facet normal 0.19509032201612392 -0.9807852804032314 0
    outer loop
      vertex -10.574025148547635 117.38581929876693 50
      vertex -10 117.5 50
      vertex -10.574025148547635 117.38581929876693 52
    endloop
  endfacet
  facet normal 0.98078528040323 -0.19509032201613033 0
    outer loop
      vertex -11.385819298766929 116.57402514854763 50
      vertex -11.385819298766929 116.57402514854763 52
      vertex -11.5 116 52
    endloop
  endfacet
  facet normal 0.8314696123025509 -0.5555702330195937 0
    outer loop
      vertex -11.060660171779821 117.06066017177983 50
      vertex -11.060660171779821 117.06066017177983 52
      vertex -11.385819298766929 116.57402514854763 52
    endloop
  endfacet
  facet normal 0.5555702330195958 -0.8314696123025495 0
    outer loop
      vertex -10.574025148547635 117.38581929876693 50
      vertex -10.574025148547635 117.38581929876693 52
      vertex -11.060660171779821 117.06066017177983 52
    endloop
  endfacet
  facet normal 0.19509032201612392 -0.9807852804032314 0
    outer loop
      vertex -10 117.5 50
      vertex -10 117.5 52
      vertex -10.574025148547635 117.38581929876693 52
    endloop
  endfacet
  facet normal -0.19509032201612392 -0.9807852804032314 0
    outer loop
      vertex -10 117.5 50
      vertex -9.425974851452365 117.38581929876693 50
      vertex -10 117.5 52
    endloop
  endfacet
  facet normal -0.5555702330195958 -0.8314696123025495 0
    outer loop
      vertex -9.425974851452365 117.38581929876693 50
      vertex -8.939339828220179 117.06066017177983 50
      vertex -9.425974851452365 117.38581929876693 52
    endloop
  endfacet
  facet normal -0.98078528040323 -0.19509032201613033 0
    outer loop
      vertex -8.5 116 50
      vertex -8.614180701233071 116.57402514854763 52
      vertex -8.614180701233071 116.57402514854763 50
    endloop
  endfacet
  facet normal -0.8314696123025509 -0.5555702330195937 0
    outer loop
      vertex -8.614180701233071 116.57402514854763 50
      vertex -8.939339828220179 117.06066017177983 52
      vertex -8.939339828220179 117.06066017177983 50
    endloop
  endfacet
  facet normal -0.19509032201612392 -0.9807852804032314 0
    outer loop
      vertex -9.425974851452365 117.38581929876693 50
      vertex -9.425974851452365 117.38581929876693 52
      vertex -10 117.5 52
    endloop
  endfacet
  facet normal -0.5555702330195958 -0.8314696123025495 0
    outer loop
      vertex -8.939339828220179 117.06066017177983 50
      vertex -8.939339828220179 117.06066017177983 52
      vertex -9.425974851452365 117.38581929876693 52
    endloop
  endfacet
  facet normal -0.8314696123025509 -0.5555702330195937 0
    outer loop
      vertex -8.614180701233071 116.57402514854763 50
      vertex -8.614180701233071 116.57402514854763 52
      vertex -8.939339828220179 117.06066017177983 52
    endloop
  endfacet
  facet normal 0.8314696123025509 0.5555702330195937 0
    outer loop
      vertex -11.060660171779821 120.93933982822017 50
      vertex -11.385819298766929 121.42597485145237 50
      vertex -11.060660171779821 120.93933982822017 52
    endloop
  endfacet
  facet normal 0.5555702330195958 0.8314696123025495 0
    outer loop
      vertex -10.574025148547635 120.61418070123307 50
      vertex -11.060660171779821 120.93933982822017 50
      vertex -10.574025148547635 120.61418070123307 52
    endloop
  endfacet
  facet normal 0.19509032201612392 0.9807852804032314 0
    outer loop
      vertex -10 120.5 50
      vertex -10.574025148547635 120.61418070123307 50
      vertex -10 120.5 52
    endloop
  endfacet
  facet normal 0.8314696123025509 0.5555702330195937 0
    outer loop
      vertex -11.385819298766929 121.42597485145237 50
      vertex -11.385819298766929 121.42597485145237 52
      vertex -11.060660171779821 120.93933982822017 52
    endloop
  endfacet
  facet normal 0.5555702330195958 0.8314696123025495 0
    outer loop
      vertex -11.060660171779821 120.93933982822017 50
      vertex -11.060660171779821 120.93933982822017 52
      vertex -10.574025148547635 120.61418070123307 52
    endloop
  endfacet
  facet normal 0.19509032201612392 0.9807852804032314 0
    outer loop
      vertex -10.574025148547635 120.61418070123307 50
      vertex -10.574025148547635 120.61418070123307 52
      vertex -10 120.5 52
    endloop
  endfacet
  facet normal -0.19509032201612392 0.9807852804032314 0
    outer loop
      vertex -9.425974851452365 120.61418070123307 50
      vertex -10 120.5 50
      vertex -9.425974851452365 120.61418070123307 52
    endloop
  endfacet
  facet normal -0.5555702330195958 0.8314696123025495 0
    outer loop
      vertex -9.425974851452365 120.61418070123307 50
      vertex -8.939339828220179 120.93933982822017 52
      vertex -8.939339828220179 120.93933982822017 50
    endloop
  endfacet
  facet normal -0.8314696123025509 0.5555702330195937 0
    outer loop
      vertex -8.939339828220179 120.93933982822017 50
      vertex -8.614180701233071 121.42597485145237 52
      vertex -8.614180701233071 121.42597485145237 50
    endloop
  endfacet
  facet normal -0.19509032201612392 0.9807852804032314 0
    outer loop
      vertex -10 120.5 50
      vertex -10 120.5 52
      vertex -9.425974851452365 120.61418070123307 52
    endloop
  endfacet
  facet normal -0.5555702330195958 0.8314696123025495 0
    outer loop
      vertex -9.425974851452365 120.61418070123307 50
      vertex -9.425974851452365 120.61418070123307 52
      vertex -8.939339828220179 120.93933982822017 52
    endloop
  endfacet
  facet normal -0.8314696123025509 0.5555702330195937 0
    outer loop
      vertex -8.939339828220179 120.93933982822017 50
      vertex -8.939339828220179 120.93933982822017 52
      vertex -8.614180701233071 121.42597485145237 52
    endloop
  endfacet
  facet normal 0.98078528040323 0.19509032201613033 0
    outer loop
      vertex -11.5 122 50
      vertex -11.385819298766929 121.42597485145237 52
      vertex -11.385819298766929 121.42597485145237 50
    endloop
  endfacet
  facet normal 0.98078528040323 -0.19509032201613033 0
    outer loop
      vertex -11.385819298766929 122.57402514854763 50
      vertex -11.5 122 52
      vertex -11.5 122 50
    endloop
  endfacet
  facet normal 0.8314696123025509 -0.5555702330195937 0
    outer loop
      vertex -11.060660171779821 123.06066017177983 50
      vertex -11.385819298766929 122.57402514854763 52
      vertex -11.385819298766929 122.57402514854763 50
    endloop
  endfacet
  facet normal 0.5555702330195958 -0.8314696123025495 0
    outer loop
      vertex -10.574025148547635 123.38581929876693 50
      vertex -11.060660171779821 123.06066017177983 52
      vertex -11.060660171779821 123.06066017177983 50
    endloop
  endfacet
  facet normal 0.19509032201612392 -0.9807852804032314 0
    outer loop
      vertex -10.574025148547635 123.38581929876693 50
      vertex -10 123.5 50
      vertex -10.574025148547635 123.38581929876693 52
    endloop
  endfacet
  facet normal 0.98078528040323 0.19509032201613033 0
    outer loop
      vertex -11.5 122 50
      vertex -11.5 122 52
      vertex -11.385819298766929 121.42597485145237 52
    endloop
  endfacet
  facet normal 0.98078528040323 -0.19509032201613033 0
    outer loop
      vertex -11.385819298766929 122.57402514854763 50
      vertex -11.385819298766929 122.57402514854763 52
      vertex -11.5 122 52
    endloop
  endfacet
  facet normal 0.8314696123025509 -0.5555702330195937 0
    outer loop
      vertex -11.060660171779821 123.06066017177983 50
      vertex -11.060660171779821 123.06066017177983 52
      vertex -11.385819298766929 122.57402514854763 52
    endloop
  endfacet
  facet normal 0.5555702330195958 -0.8314696123025495 0
    outer loop
      vertex -10.574025148547635 123.38581929876693 50
      vertex -10.574025148547635 123.38581929876693 52
      vertex -11.060660171779821 123.06066017177983 52
    endloop
  endfacet
  facet normal 0.19509032201612392 -0.9807852804032314 0
    outer loop
      vertex -10 123.5 50
      vertex -10 123.5 52
      vertex -10.574025148547635 123.38581929876693 52
    endloop
  endfacet
  facet normal -0.19509032201612392 -0.9807852804032314 0
    outer loop
      vertex -10 123.5 50
      vertex -9.425974851452365 123.38581929876693 50
      vertex -10 123.5 52
    endloop
  endfacet
  facet normal -0.5555702330195958 -0.8314696123025495 0
    outer loop
      vertex -9.425974851452365 123.38581929876693 50
      vertex -8.939339828220179 123.06066017177983 50
      vertex -9.425974851452365 123.38581929876693 52
    endloop
  endfacet
  facet normal -0.98078528040323 0.19509032201613033 0
    outer loop
      vertex -8.614180701233071 121.42597485145237 50
      vertex -8.5 122 52
      vertex -8.5 122 50
    endloop
  endfacet
  facet normal -0.98078528040323 -0.19509032201613033 0
    outer loop
      vertex -8.5 122 50
      vertex -8.614180701233071 122.57402514854763 52
      vertex -8.614180701233071 122.57402514854763 50
    endloop
  endfacet
  facet normal -0.8314696123025509 -0.5555702330195937 0
    outer loop
      vertex -8.614180701233071 122.57402514854763 50
      vertex -8.939339828220179 123.06066017177983 52
      vertex -8.939339828220179 123.06066017177983 50
    endloop
  endfacet
  facet normal -0.19509032201612392 -0.9807852804032314 0
    outer loop
      vertex -9.425974851452365 123.38581929876693 50
      vertex -9.425974851452365 123.38581929876693 52
      vertex -10 123.5 52
    endloop
  endfacet
  facet normal -0.5555702330195958 -0.8314696123025495 0
    outer loop
      vertex -8.939339828220179 123.06066017177983 50
      vertex -8.939339828220179 123.06066017177983 52
      vertex -9.425974851452365 123.38581929876693 52
    endloop
  endfacet
  facet normal -0.98078528040323 0.19509032201613033 0
    outer loop
      vertex -8.614180701233071 121.42597485145237 50
      vertex -8.614180701233071 121.42597485145237 52
      vertex -8.5 122 52
    endloop
  endfacet
  facet normal -0.98078528040323 -0.19509032201613033 0
    outer loop
      vertex -8.5 122 50
      vertex -8.5 122 52
      vertex -8.614180701233071 122.57402514854763 52
    endloop
  endfacet
  facet normal -0.8314696123025509 -0.5555702330195937 0
    outer loop
      vertex -8.614180701233071 122.57402514854763 50
      vertex -8.614180701233071 122.57402514854763 52
      vertex -8.939339828220179 123.06066017177983 52
    endloop
  endfacet
  facet normal 0.8314696123025448 0.5555702330196028 0
    outer loop
      vertex -17.060660171779823 102.93933982822018 50
      vertex -17.38581929876693 103.42597485145237 50
      vertex -17.060660171779823 102.93933982822018 52
    endloop
  endfacet
  facet normal 0.5555702330196098 0.8314696123025402 0
    outer loop
      vertex -16.574025148547634 102.61418070123307 50
      vertex -17.060660171779823 102.93933982822018 50
      vertex -16.574025148547634 102.61418070123307 52
    endloop
  endfacet
  facet normal 0.19509032201612447 0.9807852804032311 0
    outer loop
      vertex -16 102.5 50
      vertex -16.574025148547634 102.61418070123307 50
      vertex -16 102.5 52
    endloop
  endfacet
  facet normal 0.8314696123025448 0.5555702330196028 0
    outer loop
      vertex -17.38581929876693 103.42597485145237 50
      vertex -17.38581929876693 103.42597485145237 52
      vertex -17.060660171779823 102.93933982822018 52
    endloop
  endfacet
  facet normal 0.5555702330196098 0.8314696123025402 0
    outer loop
      vertex -17.060660171779823 102.93933982822018 50
      vertex -17.060660171779823 102.93933982822018 52
      vertex -16.574025148547634 102.61418070123307 52
    endloop
  endfacet
  facet normal 0.19509032201612447 0.9807852804032311 0
    outer loop
      vertex -16.574025148547634 102.61418070123307 50
      vertex -16.574025148547634 102.61418070123307 52
      vertex -16 102.5 52
    endloop
  endfacet
  facet normal 0.98078528040323 0.19509032201613033 0
    outer loop
      vertex -17.5 104 50
      vertex -17.38581929876693 103.42597485145237 52
      vertex -17.38581929876693 103.42597485145237 50
    endloop
  endfacet
  facet normal 0.98078528040323 -0.19509032201613033 0
    outer loop
      vertex -17.38581929876693 104.57402514854763 50
      vertex -17.5 104 52
      vertex -17.5 104 50
    endloop
  endfacet
  facet normal 0.8314696123025448 -0.5555702330196028 0
    outer loop
      vertex -17.060660171779823 105.06066017177982 50
      vertex -17.38581929876693 104.57402514854763 52
      vertex -17.38581929876693 104.57402514854763 50
    endloop
  endfacet
  facet normal 0.5555702330196098 -0.8314696123025402 0
    outer loop
      vertex -16.574025148547634 105.38581929876693 50
      vertex -17.060660171779823 105.06066017177982 52
      vertex -17.060660171779823 105.06066017177982 50
    endloop
  endfacet
  facet normal 0.19509032201612447 -0.9807852804032311 0
    outer loop
      vertex -16.574025148547634 105.38581929876693 50
      vertex -16 105.5 50
      vertex -16.574025148547634 105.38581929876693 52
    endloop
  endfacet
  facet normal 0.98078528040323 0.19509032201613033 0
    outer loop
      vertex -17.5 104 50
      vertex -17.5 104 52
      vertex -17.38581929876693 103.42597485145237 52
    endloop
  endfacet
  facet normal 0.98078528040323 -0.19509032201613033 0
    outer loop
      vertex -17.38581929876693 104.57402514854763 50
      vertex -17.38581929876693 104.57402514854763 52
      vertex -17.5 104 52
    endloop
  endfacet
  facet normal 0.8314696123025448 -0.5555702330196028 0
    outer loop
      vertex -17.060660171779823 105.06066017177982 50
      vertex -17.060660171779823 105.06066017177982 52
      vertex -17.38581929876693 104.57402514854763 52
    endloop
  endfacet
  facet normal 0.5555702330196098 -0.8314696123025402 0
    outer loop
      vertex -16.574025148547634 105.38581929876693 50
      vertex -16.574025148547634 105.38581929876693 52
      vertex -17.060660171779823 105.06066017177982 52
    endloop
  endfacet
  facet normal 0.19509032201612447 -0.9807852804032311 0
    outer loop
      vertex -16 105.5 50
      vertex -16 105.5 52
      vertex -16.574025148547634 105.38581929876693 52
    endloop
  endfacet
  facet normal -0.19509032201612392 0.9807852804032314 0
    outer loop
      vertex -15.425974851452365 102.61418070123307 50
      vertex -16 102.5 50
      vertex -15.425974851452365 102.61418070123307 52
    endloop
  endfacet
  facet normal -0.5555702330196126 0.8314696123025382 0
    outer loop
      vertex -14.939339828220179 102.93933982822018 50
      vertex -15.425974851452365 102.61418070123307 50
      vertex -14.939339828220179 102.93933982822018 52
    endloop
  endfacet
  facet normal -0.8314696123025433 0.555570233019605 0
    outer loop
      vertex -14.939339828220179 102.93933982822018 50
      vertex -14.614180701233071 103.42597485145237 52
      vertex -14.614180701233071 103.42597485145237 50
    endloop
  endfacet
  facet normal -0.19509032201612392 0.9807852804032314 0
    outer loop
      vertex -16 102.5 50
      vertex -16 102.5 52
      vertex -15.425974851452365 102.61418070123307 52
    endloop
  endfacet
  facet normal -0.5555702330196126 0.8314696123025382 0
    outer loop
      vertex -15.425974851452365 102.61418070123307 50
      vertex -15.425974851452365 102.61418070123307 52
      vertex -14.939339828220179 102.93933982822018 52
    endloop
  endfacet
  facet normal -0.8314696123025433 0.555570233019605 0
    outer loop
      vertex -14.939339828220179 102.93933982822018 50
      vertex -14.939339828220179 102.93933982822018 52
      vertex -14.614180701233071 103.42597485145237 52
    endloop
  endfacet
  facet normal -0.19509032201612392 -0.9807852804032314 0
    outer loop
      vertex -16 105.5 50
      vertex -15.425974851452365 105.38581929876693 50
      vertex -16 105.5 52
    endloop
  endfacet
  facet normal -0.5555702330196126 -0.8314696123025382 0
    outer loop
      vertex -15.425974851452365 105.38581929876693 50
      vertex -14.939339828220179 105.06066017177982 50
      vertex -15.425974851452365 105.38581929876693 52
    endloop
  endfacet
  facet normal -0.98078528040323 0.19509032201613033 0
    outer loop
      vertex -14.614180701233071 103.42597485145237 50
      vertex -14.5 104 52
      vertex -14.5 104 50
    endloop
  endfacet
  facet normal -0.98078528040323 -0.19509032201613033 0
    outer loop
      vertex -14.5 104 50
      vertex -14.614180701233071 104.57402514854763 52
      vertex -14.614180701233071 104.57402514854763 50
    endloop
  endfacet
  facet normal -0.8314696123025433 -0.555570233019605 0
    outer loop
      vertex -14.614180701233071 104.57402514854763 50
      vertex -14.939339828220179 105.06066017177982 52
      vertex -14.939339828220179 105.06066017177982 50
    endloop
  endfacet
  facet normal -0.19509032201612392 -0.9807852804032314 0
    outer loop
      vertex -15.425974851452365 105.38581929876693 50
      vertex -15.425974851452365 105.38581929876693 52
      vertex -16 105.5 52
    endloop
  endfacet
  facet normal -0.5555702330196126 -0.8314696123025382 0
    outer loop
      vertex -14.939339828220179 105.06066017177982 50
      vertex -14.939339828220179 105.06066017177982 52
      vertex -15.425974851452365 105.38581929876693 52
    endloop
  endfacet
  facet normal -0.98078528040323 0.19509032201613033 0
    outer loop
      vertex -14.614180701233071 103.42597485145237 50
      vertex -14.614180701233071 103.42597485145237 52
      vertex -14.5 104 52
    endloop
  endfacet
  facet normal -0.98078528040323 -0.19509032201613033 0
    outer loop
      vertex -14.5 104 50
      vertex -14.5 104 52
      vertex -14.614180701233071 104.57402514854763 52
    endloop
  endfacet
  facet normal -0.8314696123025433 -0.555570233019605 0
    outer loop
      vertex -14.614180701233071 104.57402514854763 50
      vertex -14.614180701233071 104.57402514854763 52
      vertex -14.939339828220179 105.06066017177982 52
    endloop
  endfacet
  facet normal 0.8314696123025448 0.5555702330196028 0
    outer loop
      vertex -17.060660171779823 108.93933982822018 50
      vertex -17.38581929876693 109.42597485145237 50
      vertex -17.060660171779823 108.93933982822018 52
    endloop
  endfacet
  facet normal 0.98078528040323 0.19509032201613033 0
    outer loop
      vertex -17.5 110 50
      vertex -17.38581929876693 109.42597485145237 52
      vertex -17.38581929876693 109.42597485145237 50
    endloop
  endfacet
  facet normal 0.98078528040323 -0.19509032201613033 0
    outer loop
      vertex -17.38581929876693 110.57402514854763 50
      vertex -17.5 110 52
      vertex -17.5 110 50
    endloop
  endfacet
  facet normal 0.8314696123025448 -0.5555702330196028 0
    outer loop
      vertex -17.060660171779823 111.06066017177982 50
      vertex -17.38581929876693 110.57402514854763 52
      vertex -17.38581929876693 110.57402514854763 50
    endloop
  endfacet
  facet normal 0.5555702330196098 0.8314696123025402 0
    outer loop
      vertex -16.574025148547634 108.61418070123307 50
      vertex -17.060660171779823 108.93933982822018 50
      vertex -16.574025148547634 108.61418070123307 52
    endloop
  endfacet
  facet normal 0.19509032201612447 0.9807852804032311 0
    outer loop
      vertex -16 108.5 50
      vertex -16.574025148547634 108.61418070123307 50
      vertex -16 108.5 52
    endloop
  endfacet
  facet normal 0.8314696123025448 0.5555702330196028 0
    outer loop
      vertex -17.38581929876693 109.42597485145237 50
      vertex -17.38581929876693 109.42597485145237 52
      vertex -17.060660171779823 108.93933982822018 52
    endloop
  endfacet
  facet normal 0.98078528040323 0.19509032201613033 0
    outer loop
      vertex -17.5 110 50
      vertex -17.5 110 52
      vertex -17.38581929876693 109.42597485145237 52
    endloop
  endfacet
  facet normal 0.98078528040323 -0.19509032201613033 0
    outer loop
      vertex -17.38581929876693 110.57402514854763 50
      vertex -17.38581929876693 110.57402514854763 52
      vertex -17.5 110 52
    endloop
  endfacet
  facet normal 0.8314696123025448 -0.5555702330196028 0
    outer loop
      vertex -17.060660171779823 111.06066017177982 50
      vertex -17.060660171779823 111.06066017177982 52
      vertex -17.38581929876693 110.57402514854763 52
    endloop
  endfacet
  facet normal 0.5555702330196098 0.8314696123025402 0
    outer loop
      vertex -17.060660171779823 108.93933982822018 50
      vertex -17.060660171779823 108.93933982822018 52
      vertex -16.574025148547634 108.61418070123307 52
    endloop
  endfacet
  facet normal 0.19509032201612447 0.9807852804032311 0
    outer loop
      vertex -16.574025148547634 108.61418070123307 50
      vertex -16.574025148547634 108.61418070123307 52
      vertex -16 108.5 52
    endloop
  endfacet
  facet normal 0.5555702330196098 -0.8314696123025402 0
    outer loop
      vertex -16.574025148547634 111.38581929876693 50
      vertex -17.060660171779823 111.06066017177982 52
      vertex -17.060660171779823 111.06066017177982 50
    endloop
  endfacet
  facet normal 0.19509032201612447 -0.9807852804032311 0
    outer loop
      vertex -16.574025148547634 111.38581929876693 50
      vertex -16 111.5 50
      vertex -16.574025148547634 111.38581929876693 52
    endloop
  endfacet
  facet normal 0.5555702330196098 -0.8314696123025402 0
    outer loop
      vertex -16.574025148547634 111.38581929876693 50
      vertex -16.574025148547634 111.38581929876693 52
      vertex -17.060660171779823 111.06066017177982 52
    endloop
  endfacet
  facet normal 0.19509032201612447 -0.9807852804032311 0
    outer loop
      vertex -16 111.5 50
      vertex -16 111.5 52
      vertex -16.574025148547634 111.38581929876693 52
    endloop
  endfacet
  facet normal -0.19509032201612392 0.9807852804032314 0
    outer loop
      vertex -15.425974851452365 108.61418070123307 50
      vertex -16 108.5 50
      vertex -15.425974851452365 108.61418070123307 52
    endloop
  endfacet
  facet normal -0.5555702330196126 0.8314696123025382 0
    outer loop
      vertex -15.425974851452365 108.61418070123307 50
      vertex -14.939339828220179 108.93933982822018 52
      vertex -14.939339828220179 108.93933982822018 50
    endloop
  endfacet
  facet normal -0.8314696123025433 0.555570233019605 0
    outer loop
      vertex -14.939339828220179 108.93933982822018 50
      vertex -14.614180701233071 109.42597485145237 52
      vertex -14.614180701233071 109.42597485145237 50
    endloop
  endfacet
  facet normal -0.98078528040323 0.19509032201613033 0
    outer loop
      vertex -14.614180701233071 109.42597485145237 50
      vertex -14.5 110 52
      vertex -14.5 110 50
    endloop
  endfacet
  facet normal -0.98078528040323 -0.19509032201613033 0
    outer loop
      vertex -14.5 110 50
      vertex -14.614180701233071 110.57402514854763 52
      vertex -14.614180701233071 110.57402514854763 50
    endloop
  endfacet
  facet normal -0.8314696123025433 -0.555570233019605 0
    outer loop
      vertex -14.614180701233071 110.57402514854763 50
      vertex -14.939339828220179 111.06066017177982 52
      vertex -14.939339828220179 111.06066017177982 50
    endloop
  endfacet
  facet normal -0.19509032201612392 0.9807852804032314 0
    outer loop
      vertex -16 108.5 50
      vertex -16 108.5 52
      vertex -15.425974851452365 108.61418070123307 52
    endloop
  endfacet
  facet normal -0.5555702330196126 0.8314696123025382 0
    outer loop
      vertex -15.425974851452365 108.61418070123307 50
      vertex -15.425974851452365 108.61418070123307 52
      vertex -14.939339828220179 108.93933982822018 52
    endloop
  endfacet
  facet normal -0.8314696123025433 0.555570233019605 0
    outer loop
      vertex -14.939339828220179 108.93933982822018 50
      vertex -14.939339828220179 108.93933982822018 52
      vertex -14.614180701233071 109.42597485145237 52
    endloop
  endfacet
  facet normal -0.98078528040323 0.19509032201613033 0
    outer loop
      vertex -14.614180701233071 109.42597485145237 50
      vertex -14.614180701233071 109.42597485145237 52
      vertex -14.5 110 52
    endloop
  endfacet
  facet normal -0.98078528040323 -0.19509032201613033 0
    outer loop
      vertex -14.5 110 50
      vertex -14.5 110 52
      vertex -14.614180701233071 110.57402514854763 52
    endloop
  endfacet
  facet normal -0.8314696123025433 -0.555570233019605 0
    outer loop
      vertex -14.614180701233071 110.57402514854763 50
      vertex -14.614180701233071 110.57402514854763 52
      vertex -14.939339828220179 111.06066017177982 52
    endloop
  endfacet
  facet normal -0.19509032201612392 -0.9807852804032314 0
    outer loop
      vertex -16 111.5 50
      vertex -15.425974851452365 111.38581929876693 50
      vertex -16 111.5 52
    endloop
  endfacet
  facet normal -0.5555702330196126 -0.8314696123025382 0
    outer loop
      vertex -15.425974851452365 111.38581929876693 50
      vertex -14.939339828220179 111.06066017177982 50
      vertex -15.425974851452365 111.38581929876693 52
    endloop
  endfacet
  facet normal -0.19509032201612392 -0.9807852804032314 0
    outer loop
      vertex -15.425974851452365 111.38581929876693 50
      vertex -15.425974851452365 111.38581929876693 52
      vertex -16 111.5 52
    endloop
  endfacet
  facet normal -0.5555702330196126 -0.8314696123025382 0
    outer loop
      vertex -14.939339828220179 111.06066017177982 50
      vertex -14.939339828220179 111.06066017177982 52
      vertex -15.425974851452365 111.38581929876693 52
    endloop
  endfacet
  facet normal 0.8314696123025448 0.5555702330196028 0
    outer loop
      vertex -17.060660171779823 114.93933982822018 50
      vertex -17.38581929876693 115.42597485145237 50
      vertex -17.060660171779823 114.93933982822018 52
    endloop
  endfacet
  facet normal 0.98078528040323 0.19509032201613033 0
    outer loop
      vertex -17.5 116 50
      vertex -17.38581929876693 115.42597485145237 52
      vertex -17.38581929876693 115.42597485145237 50
    endloop
  endfacet
  facet normal 0.98078528040323 -0.19509032201613033 0
    outer loop
      vertex -17.38581929876693 116.57402514854763 50
      vertex -17.5 116 52
      vertex -17.5 116 50
    endloop
  endfacet
  facet normal 0.5555702330196098 0.8314696123025402 0
    outer loop
      vertex -16.574025148547634 114.61418070123307 50
      vertex -17.060660171779823 114.93933982822018 50
      vertex -16.574025148547634 114.61418070123307 52
    endloop
  endfacet
  facet normal 0.19509032201612447 0.9807852804032311 0
    outer loop
      vertex -16 114.5 50
      vertex -16.574025148547634 114.61418070123307 50
      vertex -16 114.5 52
    endloop
  endfacet
  facet normal 0.8314696123025448 0.5555702330196028 0
    outer loop
      vertex -17.38581929876693 115.42597485145237 50
      vertex -17.38581929876693 115.42597485145237 52
      vertex -17.060660171779823 114.93933982822018 52
    endloop
  endfacet
  facet normal 0.98078528040323 0.19509032201613033 0
    outer loop
      vertex -17.5 116 50
      vertex -17.5 116 52
      vertex -17.38581929876693 115.42597485145237 52
    endloop
  endfacet
  facet normal 0.5555702330196098 0.8314696123025402 0
    outer loop
      vertex -17.060660171779823 114.93933982822018 50
      vertex -17.060660171779823 114.93933982822018 52
      vertex -16.574025148547634 114.61418070123307 52
    endloop
  endfacet
  facet normal 0.19509032201612447 0.9807852804032311 0
    outer loop
      vertex -16.574025148547634 114.61418070123307 50
      vertex -16.574025148547634 114.61418070123307 52
      vertex -16 114.5 52
    endloop
  endfacet
  facet normal 0.8314696123025523 -0.5555702330195916 0
    outer loop
      vertex -17.060660171779823 117.06066017177983 50
      vertex -17.38581929876693 116.57402514854763 52
      vertex -17.38581929876693 116.57402514854763 50
    endloop
  endfacet
  facet normal 0.5555702330195931 -0.8314696123025513 0
    outer loop
      vertex -17.060660171779823 117.06066017177983 50
      vertex -16.574025148547634 117.38581929876693 50
      vertex -17.060660171779823 117.06066017177983 52
    endloop
  endfacet
  facet normal 0.19509032201612447 -0.9807852804032311 0
    outer loop
      vertex -16.574025148547634 117.38581929876693 50
      vertex -16 117.5 50
      vertex -16.574025148547634 117.38581929876693 52
    endloop
  endfacet
  facet normal 0.98078528040323 -0.19509032201613033 0
    outer loop
      vertex -17.38581929876693 116.57402514854763 50
      vertex -17.38581929876693 116.57402514854763 52
      vertex -17.5 116 52
    endloop
  endfacet
  facet normal 0.8314696123025523 -0.5555702330195916 0
    outer loop
      vertex -17.060660171779823 117.06066017177983 50
      vertex -17.060660171779823 117.06066017177983 52
      vertex -17.38581929876693 116.57402514854763 52
    endloop
  endfacet
  facet normal 0.5555702330195931 -0.8314696123025513 0
    outer loop
      vertex -16.574025148547634 117.38581929876693 50
      vertex -16.574025148547634 117.38581929876693 52
      vertex -17.060660171779823 117.06066017177983 52
    endloop
  endfacet
  facet normal 0.19509032201612447 -0.9807852804032311 0
    outer loop
      vertex -16 117.5 50
      vertex -16 117.5 52
      vertex -16.574025148547634 117.38581929876693 52
    endloop
  endfacet
  facet normal -0.19509032201612392 0.9807852804032314 0
    outer loop
      vertex -15.425974851452365 114.61418070123307 50
      vertex -16 114.5 50
      vertex -15.425974851452365 114.61418070123307 52
    endloop
  endfacet
  facet normal -0.5555702330196126 0.8314696123025382 0
    outer loop
      vertex -14.939339828220179 114.93933982822018 50
      vertex -15.425974851452365 114.61418070123307 50
      vertex -14.939339828220179 114.93933982822018 52
    endloop
  endfacet
  facet normal -0.8314696123025433 0.555570233019605 0
    outer loop
      vertex -14.939339828220179 114.93933982822018 50
      vertex -14.614180701233071 115.42597485145237 52
      vertex -14.614180701233071 115.42597485145237 50
    endloop
  endfacet
  facet normal -0.98078528040323 0.19509032201613033 0
    outer loop
      vertex -14.614180701233071 115.42597485145237 50
      vertex -14.5 116 52
      vertex -14.5 116 50
    endloop
  endfacet
  facet normal -0.19509032201612392 0.9807852804032314 0
    outer loop
      vertex -16 114.5 50
      vertex -16 114.5 52
      vertex -15.425974851452365 114.61418070123307 52
    endloop
  endfacet
  facet normal -0.5555702330196126 0.8314696123025382 0
    outer loop
      vertex -15.425974851452365 114.61418070123307 50
      vertex -15.425974851452365 114.61418070123307 52
      vertex -14.939339828220179 114.93933982822018 52
    endloop
  endfacet
  facet normal -0.8314696123025433 0.555570233019605 0
    outer loop
      vertex -14.939339828220179 114.93933982822018 50
      vertex -14.939339828220179 114.93933982822018 52
      vertex -14.614180701233071 115.42597485145237 52
    endloop
  endfacet
  facet normal -0.98078528040323 0.19509032201613033 0
    outer loop
      vertex -14.614180701233071 115.42597485145237 50
      vertex -14.614180701233071 115.42597485145237 52
      vertex -14.5 116 52
    endloop
  endfacet
  facet normal -0.98078528040323 -0.19509032201613033 0
    outer loop
      vertex -14.5 116 50
      vertex -14.5 116 52
      vertex -14.614180701233071 116.57402514854763 52
    endloop
  endfacet
  facet normal -0.19509032201612392 -0.9807852804032314 0
    outer loop
      vertex -16 117.5 50
      vertex -15.425974851452365 117.38581929876693 50
      vertex -16 117.5 52
    endloop
  endfacet
  facet normal -0.5555702330195958 -0.8314696123025495 0
    outer loop
      vertex -15.425974851452365 117.38581929876693 50
      vertex -14.939339828220179 117.06066017177983 50
      vertex -15.425974851452365 117.38581929876693 52
    endloop
  endfacet
  facet normal -0.98078528040323 -0.19509032201613033 0
    outer loop
      vertex -14.5 116 50
      vertex -14.614180701233071 116.57402514854763 52
      vertex -14.614180701233071 116.57402514854763 50
    endloop
  endfacet
  facet normal -0.8314696123025509 -0.5555702330195937 0
    outer loop
      vertex -14.614180701233071 116.57402514854763 50
      vertex -14.939339828220179 117.06066017177983 52
      vertex -14.939339828220179 117.06066017177983 50
    endloop
  endfacet
  facet normal -0.19509032201612392 -0.9807852804032314 0
    outer loop
      vertex -15.425974851452365 117.38581929876693 50
      vertex -15.425974851452365 117.38581929876693 52
      vertex -16 117.5 52
    endloop
  endfacet
  facet normal -0.5555702330195958 -0.8314696123025495 0
    outer loop
      vertex -14.939339828220179 117.06066017177983 50
      vertex -14.939339828220179 117.06066017177983 52
      vertex -15.425974851452365 117.38581929876693 52
    endloop
  endfacet
  facet normal -0.8314696123025509 -0.5555702330195937 0
    outer loop
      vertex -14.614180701233071 116.57402514854763 50
      vertex -14.614180701233071 116.57402514854763 52
      vertex -14.939339828220179 117.06066017177983 52
    endloop
  endfacet
  facet normal 0.8314696123025523 0.5555702330195916 0
    outer loop
      vertex -17.060660171779823 120.93933982822017 50
      vertex -17.38581929876693 121.42597485145237 50
      vertex -17.060660171779823 120.93933982822017 52
    endloop
  endfacet
  facet normal 0.5555702330195931 0.8314696123025513 0
    outer loop
      vertex -16.574025148547634 120.61418070123307 50
      vertex -17.060660171779823 120.93933982822017 50
      vertex -16.574025148547634 120.61418070123307 52
    endloop
  endfacet
  facet normal 0.19509032201612447 0.9807852804032311 0
    outer loop
      vertex -16 120.5 50
      vertex -16.574025148547634 120.61418070123307 50
      vertex -16 120.5 52
    endloop
  endfacet
  facet normal 0.8314696123025523 0.5555702330195916 0
    outer loop
      vertex -17.38581929876693 121.42597485145237 50
      vertex -17.38581929876693 121.42597485145237 52
      vertex -17.060660171779823 120.93933982822017 52
    endloop
  endfacet
  facet normal 0.5555702330195931 0.8314696123025513 0
    outer loop
      vertex -17.060660171779823 120.93933982822017 50
      vertex -17.060660171779823 120.93933982822017 52
      vertex -16.574025148547634 120.61418070123307 52
    endloop
  endfacet
  facet normal 0.19509032201612447 0.9807852804032311 0
    outer loop
      vertex -16.574025148547634 120.61418070123307 50
      vertex -16.574025148547634 120.61418070123307 52
      vertex -16 120.5 52
    endloop
  endfacet
  facet normal -0.19509032201612392 0.9807852804032314 0
    outer loop
      vertex -15.425974851452365 120.61418070123307 50
      vertex -16 120.5 50
      vertex -15.425974851452365 120.61418070123307 52
    endloop
  endfacet
  facet normal -0.5555702330195958 0.8314696123025495 0
    outer loop
      vertex -14.939339828220179 120.93933982822017 50
      vertex -15.425974851452365 120.61418070123307 50
      vertex -14.939339828220179 120.93933982822017 52
    endloop
  endfacet
  facet normal -0.8314696123025509 0.5555702330195937 0
    outer loop
      vertex -14.939339828220179 120.93933982822017 50
      vertex -14.614180701233071 121.42597485145237 52
      vertex -14.614180701233071 121.42597485145237 50
    endloop
  endfacet
  facet normal -0.19509032201612392 0.9807852804032314 0
    outer loop
      vertex -16 120.5 50
      vertex -16 120.5 52
      vertex -15.425974851452365 120.61418070123307 52
    endloop
  endfacet
  facet normal -0.5555702330195958 0.8314696123025495 0
    outer loop
      vertex -15.425974851452365 120.61418070123307 50
      vertex -15.425974851452365 120.61418070123307 52
      vertex -14.939339828220179 120.93933982822017 52
    endloop
  endfacet
  facet normal -0.8314696123025509 0.5555702330195937 0
    outer loop
      vertex -14.939339828220179 120.93933982822017 50
      vertex -14.939339828220179 120.93933982822017 52
      vertex -14.614180701233071 121.42597485145237 52
    endloop
  endfacet
  facet normal 0.98078528040323 0.19509032201613033 0
    outer loop
      vertex -17.5 122 50
      vertex -17.38581929876693 121.42597485145237 52
      vertex -17.38581929876693 121.42597485145237 50
    endloop
  endfacet
  facet normal 0.98078528040323 -0.19509032201613033 0
    outer loop
      vertex -17.38581929876693 122.57402514854763 50
      vertex -17.5 122 52
      vertex -17.5 122 50
    endloop
  endfacet
  facet normal 0.8314696123025523 -0.5555702330195916 0
    outer loop
      vertex -17.060660171779823 123.06066017177983 50
      vertex -17.38581929876693 122.57402514854763 52
      vertex -17.38581929876693 122.57402514854763 50
    endloop
  endfacet
  facet normal 0.5555702330195931 -0.8314696123025513 0
    outer loop
      vertex -16.574025148547634 123.38581929876693 50
      vertex -17.060660171779823 123.06066017177983 52
      vertex -17.060660171779823 123.06066017177983 50
    endloop
  endfacet
  facet normal 0.19509032201612447 -0.9807852804032311 0
    outer loop
      vertex -16.574025148547634 123.38581929876693 50
      vertex -16 123.5 50
      vertex -16.574025148547634 123.38581929876693 52
    endloop
  endfacet
  facet normal 0.98078528040323 0.19509032201613033 0
    outer loop
      vertex -17.5 122 50
      vertex -17.5 122 52
      vertex -17.38581929876693 121.42597485145237 52
    endloop
  endfacet
  facet normal 0.98078528040323 -0.19509032201613033 0
    outer loop
      vertex -17.38581929876693 122.57402514854763 50
      vertex -17.38581929876693 122.57402514854763 52
      vertex -17.5 122 52
    endloop
  endfacet
  facet normal 0.8314696123025523 -0.5555702330195916 0
    outer loop
      vertex -17.060660171779823 123.06066017177983 50
      vertex -17.060660171779823 123.06066017177983 52
      vertex -17.38581929876693 122.57402514854763 52
    endloop
  endfacet
  facet normal 0.5555702330195931 -0.8314696123025513 0
    outer loop
      vertex -16.574025148547634 123.38581929876693 50
      vertex -16.574025148547634 123.38581929876693 52
      vertex -17.060660171779823 123.06066017177983 52
    endloop
  endfacet
  facet normal 0.19509032201612447 -0.9807852804032311 0
    outer loop
      vertex -16 123.5 50
      vertex -16 123.5 52
      vertex -16.574025148547634 123.38581929876693 52
    endloop
  endfacet
  facet normal -0.19509032201612392 -0.9807852804032314 0
    outer loop
      vertex -16 123.5 50
      vertex -15.425974851452365 123.38581929876693 50
      vertex -16 123.5 52
    endloop
  endfacet
  facet normal -0.5555702330195958 -0.8314696123025495 0
    outer loop
      vertex -15.425974851452365 123.38581929876693 50
      vertex -14.939339828220179 123.06066017177983 50
      vertex -15.425974851452365 123.38581929876693 52
    endloop
  endfacet
  facet normal -0.98078528040323 0.19509032201613033 0
    outer loop
      vertex -14.614180701233071 121.42597485145237 50
      vertex -14.5 122 52
      vertex -14.5 122 50
    endloop
  endfacet
  facet normal -0.98078528040323 -0.19509032201613033 0
    outer loop
      vertex -14.5 122 50
      vertex -14.614180701233071 122.57402514854763 52
      vertex -14.614180701233071 122.57402514854763 50
    endloop
  endfacet
  facet normal -0.8314696123025509 -0.5555702330195937 0
    outer loop
      vertex -14.614180701233071 122.57402514854763 50
      vertex -14.939339828220179 123.06066017177983 52
      vertex -14.939339828220179 123.06066017177983 50
    endloop
  endfacet
  facet normal -0.19509032201612392 -0.9807852804032314 0
    outer loop
      vertex -15.425974851452365 123.38581929876693 50
      vertex -15.425974851452365 123.38581929876693 52
      vertex -16 123.5 52
    endloop
  endfacet
  facet normal -0.5555702330195958 -0.8314696123025495 0
    outer loop
      vertex -14.939339828220179 123.06066017177983 50
      vertex -14.939339828220179 123.06066017177983 52
      vertex -15.425974851452365 123.38581929876693 52
    endloop
  endfacet
  facet normal -0.98078528040323 0.19509032201613033 0
    outer loop
      vertex -14.614180701233071 121.42597485145237 50
      vertex -14.614180701233071 121.42597485145237 52
      vertex -14.5 122 52
    endloop
  endfacet
  facet normal -0.98078528040323 -0.19509032201613033 0
    outer loop
      vertex -14.5 122 50
      vertex -14.5 122 52
      vertex -14.614180701233071 122.57402514854763 52
    endloop
  endfacet
  facet normal -0.8314696123025509 -0.5555702330195937 0
    outer loop
      vertex -14.614180701233071 122.57402514854763 50
      vertex -14.614180701233071 122.57402514854763 52
      vertex -14.939339828220179 123.06066017177983 52
    endloop
  endfacet
  facet normal 0.8314696123025448 0.5555702330196028 0
    outer loop
      vertex -23.060660171779823 102.93933982822018 50
      vertex -23.38581929876693 103.42597485145237 50
      vertex -23.060660171779823 102.93933982822018 52
    endloop
  endfacet
  facet normal 0.5555702330196098 0.8314696123025402 0
    outer loop
      vertex -22.574025148547634 102.61418070123307 50
      vertex -23.060660171779823 102.93933982822018 50
      vertex -22.574025148547634 102.61418070123307 52
    endloop
  endfacet
  facet normal 0.19509032201612447 0.9807852804032311 0
    outer loop
      vertex -22 102.5 50
      vertex -22.574025148547634 102.61418070123307 50
      vertex -22 102.5 52
    endloop
  endfacet
  facet normal 0.8314696123025448 0.5555702330196028 0
    outer loop
      vertex -23.38581929876693 103.42597485145237 50
      vertex -23.38581929876693 103.42597485145237 52
      vertex -23.060660171779823 102.93933982822018 52
    endloop
  endfacet
  facet normal 0.5555702330196098 0.8314696123025402 0
    outer loop
      vertex -23.060660171779823 102.93933982822018 50
      vertex -23.060660171779823 102.93933982822018 52
      vertex -22.574025148547634 102.61418070123307 52
    endloop
  endfacet
  facet normal 0.19509032201612447 0.9807852804032311 0
    outer loop
      vertex -22.574025148547634 102.61418070123307 50
      vertex -22.574025148547634 102.61418070123307 52
      vertex -22 102.5 52
    endloop
  endfacet
  facet normal 0.98078528040323 0.19509032201613033 0
    outer loop
      vertex -23.5 104 50
      vertex -23.38581929876693 103.42597485145237 52
      vertex -23.38581929876693 103.42597485145237 50
    endloop
  endfacet
  facet normal 0.98078528040323 -0.19509032201613033 0
    outer loop
      vertex -23.38581929876693 104.57402514854763 50
      vertex -23.5 104 52
      vertex -23.5 104 50
    endloop
  endfacet
  facet normal 0.8314696123025448 -0.5555702330196028 0
    outer loop
      vertex -23.060660171779823 105.06066017177982 50
      vertex -23.38581929876693 104.57402514854763 52
      vertex -23.38581929876693 104.57402514854763 50
    endloop
  endfacet
  facet normal 0.5555702330196098 -0.8314696123025402 0
    outer loop
      vertex -22.574025148547634 105.38581929876693 50
      vertex -23.060660171779823 105.06066017177982 52
      vertex -23.060660171779823 105.06066017177982 50
    endloop
  endfacet
  facet normal 0.19509032201612447 -0.9807852804032311 0
    outer loop
      vertex -22.574025148547634 105.38581929876693 50
      vertex -22 105.5 50
      vertex -22.574025148547634 105.38581929876693 52
    endloop
  endfacet
  facet normal 0.98078528040323 0.19509032201613033 0
    outer loop
      vertex -23.5 104 50
      vertex -23.5 104 52
      vertex -23.38581929876693 103.42597485145237 52
    endloop
  endfacet
  facet normal 0.98078528040323 -0.19509032201613033 0
    outer loop
      vertex -23.38581929876693 104.57402514854763 50
      vertex -23.38581929876693 104.57402514854763 52
      vertex -23.5 104 52
    endloop
  endfacet
  facet normal 0.8314696123025448 -0.5555702330196028 0
    outer loop
      vertex -23.060660171779823 105.06066017177982 50
      vertex -23.060660171779823 105.06066017177982 52
      vertex -23.38581929876693 104.57402514854763 52
    endloop
  endfacet
  facet normal 0.5555702330196098 -0.8314696123025402 0
    outer loop
      vertex -22.574025148547634 105.38581929876693 50
      vertex -22.574025148547634 105.38581929876693 52
      vertex -23.060660171779823 105.06066017177982 52
    endloop
  endfacet
  facet normal 0.19509032201612447 -0.9807852804032311 0
    outer loop
      vertex -22 105.5 50
      vertex -22 105.5 52
      vertex -22.574025148547634 105.38581929876693 52
    endloop
  endfacet
  facet normal -0.19509032201612447 0.9807852804032311 0
    outer loop
      vertex -21.425974851452366 102.61418070123307 50
      vertex -22 102.5 50
      vertex -21.425974851452366 102.61418070123307 52
    endloop
  endfacet
  facet normal -0.5555702330196098 0.8314696123025402 0
    outer loop
      vertex -21.425974851452366 102.61418070123307 50
      vertex -20.939339828220177 102.93933982822018 52
      vertex -20.939339828220177 102.93933982822018 50
    endloop
  endfacet
  facet normal -0.8314696123025448 0.5555702330196028 0
    outer loop
      vertex -20.939339828220177 102.93933982822018 50
      vertex -20.61418070123307 103.42597485145237 52
      vertex -20.61418070123307 103.42597485145237 50
    endloop
  endfacet
  facet normal -0.19509032201612447 0.9807852804032311 0
    outer loop
      vertex -22 102.5 50
      vertex -22 102.5 52
      vertex -21.425974851452366 102.61418070123307 52
    endloop
  endfacet
  facet normal -0.5555702330196098 0.8314696123025402 0
    outer loop
      vertex -21.425974851452366 102.61418070123307 50
      vertex -21.425974851452366 102.61418070123307 52
      vertex -20.939339828220177 102.93933982822018 52
    endloop
  endfacet
  facet normal -0.8314696123025448 0.5555702330196028 0
    outer loop
      vertex -20.939339828220177 102.93933982822018 50
      vertex -20.939339828220177 102.93933982822018 52
      vertex -20.61418070123307 103.42597485145237 52
    endloop
  endfacet
  facet normal -0.19509032201612447 -0.9807852804032311 0
    outer loop
      vertex -22 105.5 50
      vertex -21.425974851452366 105.38581929876693 50
      vertex -22 105.5 52
    endloop
  endfacet
  facet normal -0.5555702330196098 -0.8314696123025402 0
    outer loop
      vertex -21.425974851452366 105.38581929876693 50
      vertex -20.939339828220177 105.06066017177982 50
      vertex -21.425974851452366 105.38581929876693 52
    endloop
  endfacet
  facet normal -0.98078528040323 0.19509032201613033 0
    outer loop
      vertex -20.61418070123307 103.42597485145237 50
      vertex -20.5 104 52
      vertex -20.5 104 50
    endloop
  endfacet
  facet normal -0.98078528040323 -0.19509032201613033 0
    outer loop
      vertex -20.5 104 50
      vertex -20.61418070123307 104.57402514854763 52
      vertex -20.61418070123307 104.57402514854763 50
    endloop
  endfacet
  facet normal -0.8314696123025448 -0.5555702330196028 0
    outer loop
      vertex -20.61418070123307 104.57402514854763 50
      vertex -20.939339828220177 105.06066017177982 52
      vertex -20.939339828220177 105.06066017177982 50
    endloop
  endfacet
  facet normal -0.19509032201612447 -0.9807852804032311 0
    outer loop
      vertex -21.425974851452366 105.38581929876693 50
      vertex -21.425974851452366 105.38581929876693 52
      vertex -22 105.5 52
    endloop
  endfacet
  facet normal -0.5555702330196098 -0.8314696123025402 0
    outer loop
      vertex -20.939339828220177 105.06066017177982 50
      vertex -20.939339828220177 105.06066017177982 52
      vertex -21.425974851452366 105.38581929876693 52
    endloop
  endfacet
  facet normal -0.98078528040323 0.19509032201613033 0
    outer loop
      vertex -20.61418070123307 103.42597485145237 50
      vertex -20.61418070123307 103.42597485145237 52
      vertex -20.5 104 52
    endloop
  endfacet
  facet normal -0.98078528040323 -0.19509032201613033 0
    outer loop
      vertex -20.5 104 50
      vertex -20.5 104 52
      vertex -20.61418070123307 104.57402514854763 52
    endloop
  endfacet
  facet normal -0.8314696123025448 -0.5555702330196028 0
    outer loop
      vertex -20.61418070123307 104.57402514854763 50
      vertex -20.61418070123307 104.57402514854763 52
      vertex -20.939339828220177 105.06066017177982 52
    endloop
  endfacet
  facet normal 0.8314696123025448 0.5555702330196028 0
    outer loop
      vertex -23.060660171779823 108.93933982822018 50
      vertex -23.38581929876693 109.42597485145237 50
      vertex -23.060660171779823 108.93933982822018 52
    endloop
  endfacet
  facet normal 0.98078528040323 0.19509032201613033 0
    outer loop
      vertex -23.5 110 50
      vertex -23.38581929876693 109.42597485145237 52
      vertex -23.38581929876693 109.42597485145237 50
    endloop
  endfacet
  facet normal 0.98078528040323 -0.19509032201613033 0
    outer loop
      vertex -23.38581929876693 110.57402514854763 50
      vertex -23.5 110 52
      vertex -23.5 110 50
    endloop
  endfacet
  facet normal 0.8314696123025448 -0.5555702330196028 0
    outer loop
      vertex -23.060660171779823 111.06066017177982 50
      vertex -23.38581929876693 110.57402514854763 52
      vertex -23.38581929876693 110.57402514854763 50
    endloop
  endfacet
  facet normal 0.5555702330196098 0.8314696123025402 0
    outer loop
      vertex -22.574025148547634 108.61418070123307 50
      vertex -23.060660171779823 108.93933982822018 50
      vertex -22.574025148547634 108.61418070123307 52
    endloop
  endfacet
  facet normal 0.19509032201612447 0.9807852804032311 0
    outer loop
      vertex -22 108.5 50
      vertex -22.574025148547634 108.61418070123307 50
      vertex -22 108.5 52
    endloop
  endfacet
  facet normal 0.8314696123025448 0.5555702330196028 0
    outer loop
      vertex -23.38581929876693 109.42597485145237 50
      vertex -23.38581929876693 109.42597485145237 52
      vertex -23.060660171779823 108.93933982822018 52
    endloop
  endfacet
  facet normal 0.98078528040323 0.19509032201613033 0
    outer loop
      vertex -23.5 110 50
      vertex -23.5 110 52
      vertex -23.38581929876693 109.42597485145237 52
    endloop
  endfacet
  facet normal 0.98078528040323 -0.19509032201613033 0
    outer loop
      vertex -23.38581929876693 110.57402514854763 50
      vertex -23.38581929876693 110.57402514854763 52
      vertex -23.5 110 52
    endloop
  endfacet
  facet normal 0.8314696123025448 -0.5555702330196028 0
    outer loop
      vertex -23.060660171779823 111.06066017177982 50
      vertex -23.060660171779823 111.06066017177982 52
      vertex -23.38581929876693 110.57402514854763 52
    endloop
  endfacet
  facet normal 0.5555702330196098 0.8314696123025402 0
    outer loop
      vertex -23.060660171779823 108.93933982822018 50
      vertex -23.060660171779823 108.93933982822018 52
      vertex -22.574025148547634 108.61418070123307 52
    endloop
  endfacet
  facet normal 0.19509032201612447 0.9807852804032311 0
    outer loop
      vertex -22.574025148547634 108.61418070123307 50
      vertex -22.574025148547634 108.61418070123307 52
      vertex -22 108.5 52
    endloop
  endfacet
  facet normal -0.19509032201612447 0.9807852804032311 0
    outer loop
      vertex -21.425974851452366 108.61418070123307 50
      vertex -22 108.5 50
      vertex -21.425974851452366 108.61418070123307 52
    endloop
  endfacet
  facet normal -0.5555702330196098 0.8314696123025402 0
    outer loop
      vertex -21.425974851452366 108.61418070123307 50
      vertex -20.939339828220177 108.93933982822018 52
      vertex -20.939339828220177 108.93933982822018 50
    endloop
  endfacet
  facet normal -0.8314696123025448 0.5555702330196028 0
    outer loop
      vertex -20.939339828220177 108.93933982822018 50
      vertex -20.61418070123307 109.42597485145237 52
      vertex -20.61418070123307 109.42597485145237 50
    endloop
  endfacet
  facet normal -0.98078528040323 0.19509032201613033 0
    outer loop
      vertex -20.61418070123307 109.42597485145237 50
      vertex -20.5 110 52
      vertex -20.5 110 50
    endloop
  endfacet
  facet normal -0.98078528040323 -0.19509032201613033 0
    outer loop
      vertex -20.5 110 50
      vertex -20.61418070123307 110.57402514854763 52
      vertex -20.61418070123307 110.57402514854763 50
    endloop
  endfacet
  facet normal -0.8314696123025448 -0.5555702330196028 0
    outer loop
      vertex -20.61418070123307 110.57402514854763 50
      vertex -20.939339828220177 111.06066017177982 52
      vertex -20.939339828220177 111.06066017177982 50
    endloop
  endfacet
  facet normal -0.19509032201612447 0.9807852804032311 0
    outer loop
      vertex -22 108.5 50
      vertex -22 108.5 52
      vertex -21.425974851452366 108.61418070123307 52
    endloop
  endfacet
  facet normal -0.5555702330196098 0.8314696123025402 0
    outer loop
      vertex -21.425974851452366 108.61418070123307 50
      vertex -21.425974851452366 108.61418070123307 52
      vertex -20.939339828220177 108.93933982822018 52
    endloop
  endfacet
  facet normal -0.8314696123025448 0.5555702330196028 0
    outer loop
      vertex -20.939339828220177 108.93933982822018 50
      vertex -20.939339828220177 108.93933982822018 52
      vertex -20.61418070123307 109.42597485145237 52
    endloop
  endfacet
  facet normal -0.98078528040323 0.19509032201613033 0
    outer loop
      vertex -20.61418070123307 109.42597485145237 50
      vertex -20.61418070123307 109.42597485145237 52
      vertex -20.5 110 52
    endloop
  endfacet
  facet normal -0.98078528040323 -0.19509032201613033 0
    outer loop
      vertex -20.5 110 50
      vertex -20.5 110 52
      vertex -20.61418070123307 110.57402514854763 52
    endloop
  endfacet
  facet normal -0.8314696123025448 -0.5555702330196028 0
    outer loop
      vertex -20.61418070123307 110.57402514854763 50
      vertex -20.61418070123307 110.57402514854763 52
      vertex -20.939339828220177 111.06066017177982 52
    endloop
  endfacet
  facet normal 0.5555702330196098 -0.8314696123025402 0
    outer loop
      vertex -23.060660171779823 111.06066017177982 50
      vertex -22.574025148547634 111.38581929876693 50
      vertex -23.060660171779823 111.06066017177982 52
    endloop
  endfacet
  facet normal 0.19509032201612447 -0.9807852804032311 0
    outer loop
      vertex -22.574025148547634 111.38581929876693 50
      vertex -22 111.5 50
      vertex -22.574025148547634 111.38581929876693 52
    endloop
  endfacet
  facet normal 0.5555702330196098 -0.8314696123025402 0
    outer loop
      vertex -22.574025148547634 111.38581929876693 50
      vertex -22.574025148547634 111.38581929876693 52
      vertex -23.060660171779823 111.06066017177982 52
    endloop
  endfacet
  facet normal 0.19509032201612447 -0.9807852804032311 0
    outer loop
      vertex -22 111.5 50
      vertex -22 111.5 52
      vertex -22.574025148547634 111.38581929876693 52
    endloop
  endfacet
  facet normal -0.19509032201612447 -0.9807852804032311 0
    outer loop
      vertex -22 111.5 50
      vertex -21.425974851452366 111.38581929876693 50
      vertex -22 111.5 52
    endloop
  endfacet
  facet normal -0.5555702330196098 -0.8314696123025402 0
    outer loop
      vertex -21.425974851452366 111.38581929876693 50
      vertex -20.939339828220177 111.06066017177982 50
      vertex -21.425974851452366 111.38581929876693 52
    endloop
  endfacet
  facet normal -0.19509032201612447 -0.9807852804032311 0
    outer loop
      vertex -21.425974851452366 111.38581929876693 50
      vertex -21.425974851452366 111.38581929876693 52
      vertex -22 111.5 52
    endloop
  endfacet
  facet normal -0.5555702330196098 -0.8314696123025402 0
    outer loop
      vertex -20.939339828220177 111.06066017177982 50
      vertex -20.939339828220177 111.06066017177982 52
      vertex -21.425974851452366 111.38581929876693 52
    endloop
  endfacet
  facet normal 0.8314696123025448 0.5555702330196028 0
    outer loop
      vertex -23.060660171779823 114.93933982822018 50
      vertex -23.38581929876693 115.42597485145237 50
      vertex -23.060660171779823 114.93933982822018 52
    endloop
  endfacet
  facet normal 0.98078528040323 0.19509032201613033 0
    outer loop
      vertex -23.5 116 50
      vertex -23.38581929876693 115.42597485145237 52
      vertex -23.38581929876693 115.42597485145237 50
    endloop
  endfacet
  facet normal 0.98078528040323 -0.19509032201613033 0
    outer loop
      vertex -23.38581929876693 116.57402514854763 50
      vertex -23.5 116 52
      vertex -23.5 116 50
    endloop
  endfacet
  facet normal 0.5555702330196098 0.8314696123025402 0
    outer loop
      vertex -22.574025148547634 114.61418070123307 50
      vertex -23.060660171779823 114.93933982822018 50
      vertex -22.574025148547634 114.61418070123307 52
    endloop
  endfacet
  facet normal 0.19509032201612447 0.9807852804032311 0
    outer loop
      vertex -22 114.5 50
      vertex -22.574025148547634 114.61418070123307 50
      vertex -22 114.5 52
    endloop
  endfacet
  facet normal 0.8314696123025448 0.5555702330196028 0
    outer loop
      vertex -23.38581929876693 115.42597485145237 50
      vertex -23.38581929876693 115.42597485145237 52
      vertex -23.060660171779823 114.93933982822018 52
    endloop
  endfacet
  facet normal 0.98078528040323 0.19509032201613033 0
    outer loop
      vertex -23.5 116 50
      vertex -23.5 116 52
      vertex -23.38581929876693 115.42597485145237 52
    endloop
  endfacet
  facet normal 0.5555702330196098 0.8314696123025402 0
    outer loop
      vertex -23.060660171779823 114.93933982822018 50
      vertex -23.060660171779823 114.93933982822018 52
      vertex -22.574025148547634 114.61418070123307 52
    endloop
  endfacet
  facet normal 0.19509032201612447 0.9807852804032311 0
    outer loop
      vertex -22.574025148547634 114.61418070123307 50
      vertex -22.574025148547634 114.61418070123307 52
      vertex -22 114.5 52
    endloop
  endfacet
  facet normal -0.19509032201612447 0.9807852804032311 0
    outer loop
      vertex -21.425974851452366 114.61418070123307 50
      vertex -22 114.5 50
      vertex -21.425974851452366 114.61418070123307 52
    endloop
  endfacet
  facet normal -0.5555702330196098 0.8314696123025402 0
    outer loop
      vertex -21.425974851452366 114.61418070123307 50
      vertex -20.939339828220177 114.93933982822018 52
      vertex -20.939339828220177 114.93933982822018 50
    endloop
  endfacet
  facet normal -0.8314696123025448 0.5555702330196028 0
    outer loop
      vertex -20.939339828220177 114.93933982822018 50
      vertex -20.61418070123307 115.42597485145237 52
      vertex -20.61418070123307 115.42597485145237 50
    endloop
  endfacet
  facet normal -0.98078528040323 0.19509032201613033 0
    outer loop
      vertex -20.61418070123307 115.42597485145237 50
      vertex -20.5 116 52
      vertex -20.5 116 50
    endloop
  endfacet
  facet normal -0.19509032201612447 0.9807852804032311 0
    outer loop
      vertex -22 114.5 50
      vertex -22 114.5 52
      vertex -21.425974851452366 114.61418070123307 52
    endloop
  endfacet
  facet normal -0.5555702330196098 0.8314696123025402 0
    outer loop
      vertex -21.425974851452366 114.61418070123307 50
      vertex -21.425974851452366 114.61418070123307 52
      vertex -20.939339828220177 114.93933982822018 52
    endloop
  endfacet
  facet normal -0.8314696123025448 0.5555702330196028 0
    outer loop
      vertex -20.939339828220177 114.93933982822018 50
      vertex -20.939339828220177 114.93933982822018 52
      vertex -20.61418070123307 115.42597485145237 52
    endloop
  endfacet
  facet normal -0.98078528040323 0.19509032201613033 0
    outer loop
      vertex -20.61418070123307 115.42597485145237 50
      vertex -20.61418070123307 115.42597485145237 52
      vertex -20.5 116 52
    endloop
  endfacet
  facet normal -0.98078528040323 -0.19509032201613033 0
    outer loop
      vertex -20.5 116 50
      vertex -20.5 116 52
      vertex -20.61418070123307 116.57402514854763 52
    endloop
  endfacet
  facet normal 0.8314696123025523 -0.5555702330195916 0
    outer loop
      vertex -23.060660171779823 117.06066017177983 50
      vertex -23.38581929876693 116.57402514854763 52
      vertex -23.38581929876693 116.57402514854763 50
    endloop
  endfacet
  facet normal 0.5555702330195931 -0.8314696123025513 0
    outer loop
      vertex -23.060660171779823 117.06066017177983 50
      vertex -22.574025148547634 117.38581929876693 50
      vertex -23.060660171779823 117.06066017177983 52
    endloop
  endfacet
  facet normal 0.19509032201612447 -0.9807852804032311 0
    outer loop
      vertex -22.574025148547634 117.38581929876693 50
      vertex -22 117.5 50
      vertex -22.574025148547634 117.38581929876693 52
    endloop
  endfacet
  facet normal 0.98078528040323 -0.19509032201613033 0
    outer loop
      vertex -23.38581929876693 116.57402514854763 50
      vertex -23.38581929876693 116.57402514854763 52
      vertex -23.5 116 52
    endloop
  endfacet
  facet normal 0.8314696123025523 -0.5555702330195916 0
    outer loop
      vertex -23.060660171779823 117.06066017177983 50
      vertex -23.060660171779823 117.06066017177983 52
      vertex -23.38581929876693 116.57402514854763 52
    endloop
  endfacet
  facet normal 0.5555702330195931 -0.8314696123025513 0
    outer loop
      vertex -22.574025148547634 117.38581929876693 50
      vertex -22.574025148547634 117.38581929876693 52
      vertex -23.060660171779823 117.06066017177983 52
    endloop
  endfacet
  facet normal 0.19509032201612447 -0.9807852804032311 0
    outer loop
      vertex -22 117.5 50
      vertex -22 117.5 52
      vertex -22.574025148547634 117.38581929876693 52
    endloop
  endfacet
  facet normal -0.19509032201612447 -0.9807852804032311 0
    outer loop
      vertex -22 117.5 50
      vertex -21.425974851452366 117.38581929876693 50
      vertex -22 117.5 52
    endloop
  endfacet
  facet normal -0.5555702330195931 -0.8314696123025513 0
    outer loop
      vertex -21.425974851452366 117.38581929876693 50
      vertex -20.939339828220177 117.06066017177983 50
      vertex -21.425974851452366 117.38581929876693 52
    endloop
  endfacet
  facet normal -0.98078528040323 -0.19509032201613033 0
    outer loop
      vertex -20.5 116 50
      vertex -20.61418070123307 116.57402514854763 52
      vertex -20.61418070123307 116.57402514854763 50
    endloop
  endfacet
  facet normal -0.8314696123025523 -0.5555702330195916 0
    outer loop
      vertex -20.61418070123307 116.57402514854763 50
      vertex -20.939339828220177 117.06066017177983 52
      vertex -20.939339828220177 117.06066017177983 50
    endloop
  endfacet
  facet normal -0.19509032201612447 -0.9807852804032311 0
    outer loop
      vertex -21.425974851452366 117.38581929876693 50
      vertex -21.425974851452366 117.38581929876693 52
      vertex -22 117.5 52
    endloop
  endfacet
  facet normal -0.5555702330195931 -0.8314696123025513 0
    outer loop
      vertex -20.939339828220177 117.06066017177983 50
      vertex -20.939339828220177 117.06066017177983 52
      vertex -21.425974851452366 117.38581929876693 52
    endloop
  endfacet
  facet normal -0.8314696123025523 -0.5555702330195916 0
    outer loop
      vertex -20.61418070123307 116.57402514854763 50
      vertex -20.61418070123307 116.57402514854763 52
      vertex -20.939339828220177 117.06066017177983 52
    endloop
  endfacet
  facet normal 0.8314696123025523 0.5555702330195916 0
    outer loop
      vertex -23.060660171779823 120.93933982822017 50
      vertex -23.38581929876693 121.42597485145237 50
      vertex -23.060660171779823 120.93933982822017 52
    endloop
  endfacet
  facet normal 0.5555702330195931 0.8314696123025513 0
    outer loop
      vertex -22.574025148547634 120.61418070123307 50
      vertex -23.060660171779823 120.93933982822017 50
      vertex -22.574025148547634 120.61418070123307 52
    endloop
  endfacet
  facet normal 0.19509032201612447 0.9807852804032311 0
    outer loop
      vertex -22 120.5 50
      vertex -22.574025148547634 120.61418070123307 50
      vertex -22 120.5 52
    endloop
  endfacet
  facet normal 0.8314696123025523 0.5555702330195916 0
    outer loop
      vertex -23.38581929876693 121.42597485145237 50
      vertex -23.38581929876693 121.42597485145237 52
      vertex -23.060660171779823 120.93933982822017 52
    endloop
  endfacet
  facet normal 0.5555702330195931 0.8314696123025513 0
    outer loop
      vertex -23.060660171779823 120.93933982822017 50
      vertex -23.060660171779823 120.93933982822017 52
      vertex -22.574025148547634 120.61418070123307 52
    endloop
  endfacet
  facet normal 0.19509032201612447 0.9807852804032311 0
    outer loop
      vertex -22.574025148547634 120.61418070123307 50
      vertex -22.574025148547634 120.61418070123307 52
      vertex -22 120.5 52
    endloop
  endfacet
  facet normal -0.19509032201612447 0.9807852804032311 0
    outer loop
      vertex -21.425974851452366 120.61418070123307 50
      vertex -22 120.5 50
      vertex -21.425974851452366 120.61418070123307 52
    endloop
  endfacet
  facet normal -0.5555702330195931 0.8314696123025513 0
    outer loop
      vertex -21.425974851452366 120.61418070123307 50
      vertex -20.939339828220177 120.93933982822017 52
      vertex -20.939339828220177 120.93933982822017 50
    endloop
  endfacet
  facet normal -0.8314696123025523 0.5555702330195916 0
    outer loop
      vertex -20.939339828220177 120.93933982822017 50
      vertex -20.61418070123307 121.42597485145237 52
      vertex -20.61418070123307 121.42597485145237 50
    endloop
  endfacet
  facet normal -0.19509032201612447 0.9807852804032311 0
    outer loop
      vertex -22 120.5 50
      vertex -22 120.5 52
      vertex -21.425974851452366 120.61418070123307 52
    endloop
  endfacet
  facet normal -0.5555702330195931 0.8314696123025513 0
    outer loop
      vertex -21.425974851452366 120.61418070123307 50
      vertex -21.425974851452366 120.61418070123307 52
      vertex -20.939339828220177 120.93933982822017 52
    endloop
  endfacet
  facet normal -0.8314696123025523 0.5555702330195916 0
    outer loop
      vertex -20.939339828220177 120.93933982822017 50
      vertex -20.939339828220177 120.93933982822017 52
      vertex -20.61418070123307 121.42597485145237 52
    endloop
  endfacet
  facet normal 0.98078528040323 0.19509032201613033 0
    outer loop
      vertex -23.5 122 50
      vertex -23.38581929876693 121.42597485145237 52
      vertex -23.38581929876693 121.42597485145237 50
    endloop
  endfacet
  facet normal 0.98078528040323 -0.19509032201613033 0
    outer loop
      vertex -23.38581929876693 122.57402514854763 50
      vertex -23.5 122 52
      vertex -23.5 122 50
    endloop
  endfacet
  facet normal 0.8314696123025523 -0.5555702330195916 0
    outer loop
      vertex -23.060660171779823 123.06066017177983 50
      vertex -23.38581929876693 122.57402514854763 52
      vertex -23.38581929876693 122.57402514854763 50
    endloop
  endfacet
  facet normal 0.5555702330195931 -0.8314696123025513 0
    outer loop
      vertex -22.574025148547634 123.38581929876693 50
      vertex -23.060660171779823 123.06066017177983 52
      vertex -23.060660171779823 123.06066017177983 50
    endloop
  endfacet
  facet normal 0.19509032201612447 -0.9807852804032311 0
    outer loop
      vertex -22.574025148547634 123.38581929876693 50
      vertex -22 123.5 50
      vertex -22.574025148547634 123.38581929876693 52
    endloop
  endfacet
  facet normal 0.98078528040323 0.19509032201613033 0
    outer loop
      vertex -23.5 122 50
      vertex -23.5 122 52
      vertex -23.38581929876693 121.42597485145237 52
    endloop
  endfacet
  facet normal 0.98078528040323 -0.19509032201613033 0
    outer loop
      vertex -23.38581929876693 122.57402514854763 50
      vertex -23.38581929876693 122.57402514854763 52
      vertex -23.5 122 52
    endloop
  endfacet
  facet normal 0.8314696123025523 -0.5555702330195916 0
    outer loop
      vertex -23.060660171779823 123.06066017177983 50
      vertex -23.060660171779823 123.06066017177983 52
      vertex -23.38581929876693 122.57402514854763 52
    endloop
  endfacet
  facet normal 0.5555702330195931 -0.8314696123025513 0
    outer loop
      vertex -22.574025148547634 123.38581929876693 50
      vertex -22.574025148547634 123.38581929876693 52
      vertex -23.060660171779823 123.06066017177983 52
    endloop
  endfacet
  facet normal 0.19509032201612447 -0.9807852804032311 0
    outer loop
      vertex -22 123.5 50
      vertex -22 123.5 52
      vertex -22.574025148547634 123.38581929876693 52
    endloop
  endfacet
  facet normal -0.19509032201612447 -0.9807852804032311 0
    outer loop
      vertex -22 123.5 50
      vertex -21.425974851452366 123.38581929876693 50
      vertex -22 123.5 52
    endloop
  endfacet
  facet normal -0.5555702330195931 -0.8314696123025513 0
    outer loop
      vertex -21.425974851452366 123.38581929876693 50
      vertex -20.939339828220177 123.06066017177983 50
      vertex -21.425974851452366 123.38581929876693 52
    endloop
  endfacet
  facet normal -0.98078528040323 0.19509032201613033 0
    outer loop
      vertex -20.61418070123307 121.42597485145237 50
      vertex -20.5 122 52
      vertex -20.5 122 50
    endloop
  endfacet
  facet normal -0.98078528040323 -0.19509032201613033 0
    outer loop
      vertex -20.5 122 50
      vertex -20.61418070123307 122.57402514854763 52
      vertex -20.61418070123307 122.57402514854763 50
    endloop
  endfacet
  facet normal -0.8314696123025523 -0.5555702330195916 0
    outer loop
      vertex -20.61418070123307 122.57402514854763 50
      vertex -20.939339828220177 123.06066017177983 52
      vertex -20.939339828220177 123.06066017177983 50
    endloop
  endfacet
  facet normal -0.19509032201612447 -0.9807852804032311 0
    outer loop
      vertex -21.425974851452366 123.38581929876693 50
      vertex -21.425974851452366 123.38581929876693 52
      vertex -22 123.5 52
    endloop
  endfacet
  facet normal -0.5555702330195931 -0.8314696123025513 0
    outer loop
      vertex -20.939339828220177 123.06066017177983 50
      vertex -20.939339828220177 123.06066017177983 52
      vertex -21.425974851452366 123.38581929876693 52
    endloop
  endfacet
  facet normal -0.98078528040323 0.19509032201613033 0
    outer loop
      vertex -20.61418070123307 121.42597485145237 50
      vertex -20.61418070123307 121.42597485145237 52
      vertex -20.5 122 52
    endloop
  endfacet
  facet normal -0.98078528040323 -0.19509032201613033 0
    outer loop
      vertex -20.5 122 50
      vertex -20.5 122 52
      vertex -20.61418070123307 122.57402514854763 52
    endloop
  endfacet
  facet normal -0.8314696123025523 -0.5555702330195916 0
    outer loop
      vertex -20.61418070123307 122.57402514854763 50
      vertex -20.61418070123307 122.57402514854763 52
      vertex -20.939339828220177 123.06066017177983 52
    endloop
  endfacet
  facet normal 0.8314696123025448 0.5555702330196028 0
    outer loop
      vertex -29.060660171779823 102.93933982822018 50
      vertex -29.38581929876693 103.42597485145237 50
      vertex -29.060660171779823 102.93933982822018 52
    endloop
  endfacet
  facet normal 0.5555702330196098 0.8314696123025402 0
    outer loop
      vertex -28.574025148547634 102.61418070123307 50
      vertex -29.060660171779823 102.93933982822018 50
      vertex -28.574025148547634 102.61418070123307 52
    endloop
  endfacet
  facet normal 0.19509032201612447 0.9807852804032311 0
    outer loop
      vertex -28 102.5 50
      vertex -28.574025148547634 102.61418070123307 50
      vertex -28 102.5 52
    endloop
  endfacet
  facet normal 0.8314696123025448 0.5555702330196028 0
    outer loop
      vertex -29.38581929876693 103.42597485145237 50
      vertex -29.38581929876693 103.42597485145237 52
      vertex -29.060660171779823 102.93933982822018 52
    endloop
  endfacet
  facet normal 0.5555702330196098 0.8314696123025402 0
    outer loop
      vertex -29.060660171779823 102.93933982822018 50
      vertex -29.060660171779823 102.93933982822018 52
      vertex -28.574025148547634 102.61418070123307 52
    endloop
  endfacet
  facet normal 0.19509032201612447 0.9807852804032311 0
    outer loop
      vertex -28.574025148547634 102.61418070123307 50
      vertex -28.574025148547634 102.61418070123307 52
      vertex -28 102.5 52
    endloop
  endfacet
  facet normal 0.98078528040323 0.19509032201613033 0
    outer loop
      vertex -29.5 104 50
      vertex -29.38581929876693 103.42597485145237 52
      vertex -29.38581929876693 103.42597485145237 50
    endloop
  endfacet
  facet normal 0.98078528040323 -0.19509032201613033 0
    outer loop
      vertex -29.38581929876693 104.57402514854763 50
      vertex -29.5 104 52
      vertex -29.5 104 50
    endloop
  endfacet
  facet normal 0.8314696123025448 -0.5555702330196028 0
    outer loop
      vertex -29.060660171779823 105.06066017177982 50
      vertex -29.38581929876693 104.57402514854763 52
      vertex -29.38581929876693 104.57402514854763 50
    endloop
  endfacet
  facet normal 0.5555702330196098 -0.8314696123025402 0
    outer loop
      vertex -28.574025148547634 105.38581929876693 50
      vertex -29.060660171779823 105.06066017177982 52
      vertex -29.060660171779823 105.06066017177982 50
    endloop
  endfacet
  facet normal 0.19509032201612447 -0.9807852804032311 0
    outer loop
      vertex -28.574025148547634 105.38581929876693 50
      vertex -28 105.5 50
      vertex -28.574025148547634 105.38581929876693 52
    endloop
  endfacet
  facet normal 0.98078528040323 0.19509032201613033 0
    outer loop
      vertex -29.5 104 50
      vertex -29.5 104 52
      vertex -29.38581929876693 103.42597485145237 52
    endloop
  endfacet
  facet normal 0.98078528040323 -0.19509032201613033 0
    outer loop
      vertex -29.38581929876693 104.57402514854763 50
      vertex -29.38581929876693 104.57402514854763 52
      vertex -29.5 104 52
    endloop
  endfacet
  facet normal 0.8314696123025448 -0.5555702330196028 0
    outer loop
      vertex -29.060660171779823 105.06066017177982 50
      vertex -29.060660171779823 105.06066017177982 52
      vertex -29.38581929876693 104.57402514854763 52
    endloop
  endfacet
  facet normal 0.5555702330196098 -0.8314696123025402 0
    outer loop
      vertex -28.574025148547634 105.38581929876693 50
      vertex -28.574025148547634 105.38581929876693 52
      vertex -29.060660171779823 105.06066017177982 52
    endloop
  endfacet
  facet normal 0.19509032201612447 -0.9807852804032311 0
    outer loop
      vertex -28 105.5 50
      vertex -28 105.5 52
      vertex -28.574025148547634 105.38581929876693 52
    endloop
  endfacet
  facet normal -0.19509032201612447 0.9807852804032311 0
    outer loop
      vertex -27.425974851452366 102.61418070123307 50
      vertex -28 102.5 50
      vertex -27.425974851452366 102.61418070123307 52
    endloop
  endfacet
  facet normal -0.5555702330196098 0.8314696123025402 0
    outer loop
      vertex -27.425974851452366 102.61418070123307 50
      vertex -26.939339828220177 102.93933982822018 52
      vertex -26.939339828220177 102.93933982822018 50
    endloop
  endfacet
  facet normal -0.8314696123025448 0.5555702330196028 0
    outer loop
      vertex -26.939339828220177 102.93933982822018 50
      vertex -26.61418070123307 103.42597485145237 52
      vertex -26.61418070123307 103.42597485145237 50
    endloop
  endfacet
  facet normal -0.19509032201612447 0.9807852804032311 0
    outer loop
      vertex -28 102.5 50
      vertex -28 102.5 52
      vertex -27.425974851452366 102.61418070123307 52
    endloop
  endfacet
  facet normal -0.5555702330196098 0.8314696123025402 0
    outer loop
      vertex -27.425974851452366 102.61418070123307 50
      vertex -27.425974851452366 102.61418070123307 52
      vertex -26.939339828220177 102.93933982822018 52
    endloop
  endfacet
  facet normal -0.8314696123025448 0.5555702330196028 0
    outer loop
      vertex -26.939339828220177 102.93933982822018 50
      vertex -26.939339828220177 102.93933982822018 52
      vertex -26.61418070123307 103.42597485145237 52
    endloop
  endfacet
  facet normal -0.19509032201612447 -0.9807852804032311 0
    outer loop
      vertex -28 105.5 50
      vertex -27.425974851452366 105.38581929876693 50
      vertex -28 105.5 52
    endloop
  endfacet
  facet normal -0.5555702330196098 -0.8314696123025402 0
    outer loop
      vertex -27.425974851452366 105.38581929876693 50
      vertex -26.939339828220177 105.06066017177982 50
      vertex -27.425974851452366 105.38581929876693 52
    endloop
  endfacet
  facet normal -0.98078528040323 0.19509032201613033 0
    outer loop
      vertex -26.61418070123307 103.42597485145237 50
      vertex -26.5 104 52
      vertex -26.5 104 50
    endloop
  endfacet
  facet normal -0.98078528040323 -0.19509032201613033 0
    outer loop
      vertex -26.5 104 50
      vertex -26.61418070123307 104.57402514854763 52
      vertex -26.61418070123307 104.57402514854763 50
    endloop
  endfacet
  facet normal -0.8314696123025448 -0.5555702330196028 0
    outer loop
      vertex -26.61418070123307 104.57402514854763 50
      vertex -26.939339828220177 105.06066017177982 52
      vertex -26.939339828220177 105.06066017177982 50
    endloop
  endfacet
  facet normal -0.19509032201612447 -0.9807852804032311 0
    outer loop
      vertex -27.425974851452366 105.38581929876693 50
      vertex -27.425974851452366 105.38581929876693 52
      vertex -28 105.5 52
    endloop
  endfacet
  facet normal -0.5555702330196098 -0.8314696123025402 0
    outer loop
      vertex -27.425974851452366 105.38581929876693 52
      vertex -26.939339828220177 105.06066017177982 50
      vertex -26.939339828220177 105.06066017177982 52
    endloop
  endfacet
  facet normal -0.98078528040323 0.19509032201613033 0
    outer loop
      vertex -26.61418070123307 103.42597485145237 50
      vertex -26.61418070123307 103.42597485145237 52
      vertex -26.5 104 52
    endloop
  endfacet
  facet normal -0.98078528040323 -0.19509032201613033 0
    outer loop
      vertex -26.5 104 50
      vertex -26.5 104 52
      vertex -26.61418070123307 104.57402514854763 52
    endloop
  endfacet
  facet normal -0.8314696123025448 -0.5555702330196028 0
    outer loop
      vertex -26.61418070123307 104.57402514854763 50
      vertex -26.61418070123307 104.57402514854763 52
      vertex -26.939339828220177 105.06066017177982 52
    endloop
  endfacet
  facet normal 0.8314696123025448 0.5555702330196028 0
    outer loop
      vertex -29.060660171779823 108.93933982822018 50
      vertex -29.38581929876693 109.42597485145237 50
      vertex -29.060660171779823 108.93933982822018 52
    endloop
  endfacet
  facet normal 0.98078528040323 0.19509032201613033 0
    outer loop
      vertex -29.5 110 50
      vertex -29.38581929876693 109.42597485145237 52
      vertex -29.38581929876693 109.42597485145237 50
    endloop
  endfacet
  facet normal 0.98078528040323 -0.19509032201613033 0
    outer loop
      vertex -29.38581929876693 110.57402514854763 50
      vertex -29.5 110 52
      vertex -29.5 110 50
    endloop
  endfacet
  facet normal 0.8314696123025448 -0.5555702330196028 0
    outer loop
      vertex -29.060660171779823 111.06066017177982 50
      vertex -29.38581929876693 110.57402514854763 52
      vertex -29.38581929876693 110.57402514854763 50
    endloop
  endfacet
  facet normal 0.5555702330196098 0.8314696123025402 0
    outer loop
      vertex -28.574025148547634 108.61418070123307 50
      vertex -29.060660171779823 108.93933982822018 50
      vertex -28.574025148547634 108.61418070123307 52
    endloop
  endfacet
  facet normal 0.19509032201612447 0.9807852804032311 0
    outer loop
      vertex -28 108.5 50
      vertex -28.574025148547634 108.61418070123307 50
      vertex -28 108.5 52
    endloop
  endfacet
  facet normal 0.8314696123025448 0.5555702330196028 0
    outer loop
      vertex -29.38581929876693 109.42597485145237 50
      vertex -29.38581929876693 109.42597485145237 52
      vertex -29.060660171779823 108.93933982822018 52
    endloop
  endfacet
  facet normal 0.98078528040323 0.19509032201613033 0
    outer loop
      vertex -29.5 110 50
      vertex -29.5 110 52
      vertex -29.38581929876693 109.42597485145237 52
    endloop
  endfacet
  facet normal 0.98078528040323 -0.19509032201613033 0
    outer loop
      vertex -29.38581929876693 110.57402514854763 50
      vertex -29.38581929876693 110.57402514854763 52
      vertex -29.5 110 52
    endloop
  endfacet
  facet normal 0.8314696123025448 -0.5555702330196028 0
    outer loop
      vertex -29.060660171779823 111.06066017177982 50
      vertex -29.060660171779823 111.06066017177982 52
      vertex -29.38581929876693 110.57402514854763 52
    endloop
  endfacet
  facet normal 0.5555702330196098 0.8314696123025402 0
    outer loop
      vertex -29.060660171779823 108.93933982822018 50
      vertex -29.060660171779823 108.93933982822018 52
      vertex -28.574025148547634 108.61418070123307 52
    endloop
  endfacet
  facet normal 0.19509032201612447 0.9807852804032311 0
    outer loop
      vertex -28.574025148547634 108.61418070123307 50
      vertex -28.574025148547634 108.61418070123307 52
      vertex -28 108.5 52
    endloop
  endfacet
  facet normal -0.19509032201612447 0.9807852804032311 0
    outer loop
      vertex -27.425974851452366 108.61418070123307 50
      vertex -28 108.5 50
      vertex -27.425974851452366 108.61418070123307 52
    endloop
  endfacet
  facet normal -0.5555702330196098 0.8314696123025402 0
    outer loop
      vertex -27.425974851452366 108.61418070123307 50
      vertex -26.939339828220177 108.93933982822018 52
      vertex -26.939339828220177 108.93933982822018 50
    endloop
  endfacet
  facet normal -0.8314696123025448 0.5555702330196028 0
    outer loop
      vertex -26.939339828220177 108.93933982822018 50
      vertex -26.61418070123307 109.42597485145237 52
      vertex -26.61418070123307 109.42597485145237 50
    endloop
  endfacet
  facet normal -0.98078528040323 0.19509032201613033 0
    outer loop
      vertex -26.61418070123307 109.42597485145237 50
      vertex -26.5 110 52
      vertex -26.5 110 50
    endloop
  endfacet
  facet normal -0.98078528040323 -0.19509032201613033 0
    outer loop
      vertex -26.5 110 50
      vertex -26.61418070123307 110.57402514854763 52
      vertex -26.61418070123307 110.57402514854763 50
    endloop
  endfacet
  facet normal -0.8314696123025448 -0.5555702330196028 0
    outer loop
      vertex -26.61418070123307 110.57402514854763 50
      vertex -26.939339828220177 111.06066017177982 52
      vertex -26.939339828220177 111.06066017177982 50
    endloop
  endfacet
  facet normal -0.19509032201612447 0.9807852804032311 0
    outer loop
      vertex -28 108.5 50
      vertex -28 108.5 52
      vertex -27.425974851452366 108.61418070123307 52
    endloop
  endfacet
  facet normal -0.5555702330196098 0.8314696123025402 0
    outer loop
      vertex -27.425974851452366 108.61418070123307 50
      vertex -27.425974851452366 108.61418070123307 52
      vertex -26.939339828220177 108.93933982822018 52
    endloop
  endfacet
  facet normal -0.8314696123025448 0.5555702330196028 0
    outer loop
      vertex -26.939339828220177 108.93933982822018 50
      vertex -26.939339828220177 108.93933982822018 52
      vertex -26.61418070123307 109.42597485145237 52
    endloop
  endfacet
  facet normal -0.98078528040323 0.19509032201613033 0
    outer loop
      vertex -26.61418070123307 109.42597485145237 50
      vertex -26.61418070123307 109.42597485145237 52
      vertex -26.5 110 52
    endloop
  endfacet
  facet normal -0.98078528040323 -0.19509032201613033 0
    outer loop
      vertex -26.5 110 50
      vertex -26.5 110 52
      vertex -26.61418070123307 110.57402514854763 52
    endloop
  endfacet
  facet normal -0.8314696123025448 -0.5555702330196028 0
    outer loop
      vertex -26.61418070123307 110.57402514854763 50
      vertex -26.61418070123307 110.57402514854763 52
      vertex -26.939339828220177 111.06066017177982 52
    endloop
  endfacet
  facet normal 0.5555702330196098 -0.8314696123025402 0
    outer loop
      vertex -29.060660171779823 111.06066017177982 50
      vertex -28.574025148547634 111.38581929876693 50
      vertex -29.060660171779823 111.06066017177982 52
    endloop
  endfacet
  facet normal 0.19509032201612447 -0.9807852804032311 0
    outer loop
      vertex -28.574025148547634 111.38581929876693 50
      vertex -28 111.5 50
      vertex -28.574025148547634 111.38581929876693 52
    endloop
  endfacet
  facet normal 0.5555702330196098 -0.8314696123025402 0
    outer loop
      vertex -28.574025148547634 111.38581929876693 50
      vertex -28.574025148547634 111.38581929876693 52
      vertex -29.060660171779823 111.06066017177982 52
    endloop
  endfacet
  facet normal 0.19509032201612447 -0.9807852804032311 0
    outer loop
      vertex -28 111.5 50
      vertex -28 111.5 52
      vertex -28.574025148547634 111.38581929876693 52
    endloop
  endfacet
  facet normal -0.19509032201612447 -0.9807852804032311 0
    outer loop
      vertex -28 111.5 50
      vertex -27.425974851452366 111.38581929876693 50
      vertex -28 111.5 52
    endloop
  endfacet
  facet normal -0.5555702330196098 -0.8314696123025402 0
    outer loop
      vertex -27.425974851452366 111.38581929876693 50
      vertex -26.939339828220177 111.06066017177982 50
      vertex -27.425974851452366 111.38581929876693 52
    endloop
  endfacet
  facet normal -0.19509032201612447 -0.9807852804032311 0
    outer loop
      vertex -27.425974851452366 111.38581929876693 50
      vertex -27.425974851452366 111.38581929876693 52
      vertex -28 111.5 52
    endloop
  endfacet
  facet normal -0.5555702330196098 -0.8314696123025402 0
    outer loop
      vertex -26.939339828220177 111.06066017177982 50
      vertex -26.939339828220177 111.06066017177982 52
      vertex -27.425974851452366 111.38581929876693 52
    endloop
  endfacet
  facet normal 0.8314696123025448 0.5555702330196028 0
    outer loop
      vertex -29.060660171779823 114.93933982822018 50
      vertex -29.38581929876693 115.42597485145237 50
      vertex -29.060660171779823 114.93933982822018 52
    endloop
  endfacet
  facet normal 0.98078528040323 0.19509032201613033 0
    outer loop
      vertex -29.5 116 50
      vertex -29.38581929876693 115.42597485145237 52
      vertex -29.38581929876693 115.42597485145237 50
    endloop
  endfacet
  facet normal 0.98078528040323 -0.19509032201613033 0
    outer loop
      vertex -29.38581929876693 116.57402514854763 50
      vertex -29.5 116 52
      vertex -29.5 116 50
    endloop
  endfacet
  facet normal 0.5555702330196098 0.8314696123025402 0
    outer loop
      vertex -28.574025148547634 114.61418070123307 50
      vertex -29.060660171779823 114.93933982822018 50
      vertex -28.574025148547634 114.61418070123307 52
    endloop
  endfacet
  facet normal 0.19509032201612447 0.9807852804032311 0
    outer loop
      vertex -28 114.5 50
      vertex -28.574025148547634 114.61418070123307 50
      vertex -28 114.5 52
    endloop
  endfacet
  facet normal 0.8314696123025448 0.5555702330196028 0
    outer loop
      vertex -29.38581929876693 115.42597485145237 50
      vertex -29.38581929876693 115.42597485145237 52
      vertex -29.060660171779823 114.93933982822018 52
    endloop
  endfacet
  facet normal 0.98078528040323 0.19509032201613033 0
    outer loop
      vertex -29.5 116 50
      vertex -29.5 116 52
      vertex -29.38581929876693 115.42597485145237 52
    endloop
  endfacet
  facet normal 0.5555702330196098 0.8314696123025402 0
    outer loop
      vertex -29.060660171779823 114.93933982822018 50
      vertex -29.060660171779823 114.93933982822018 52
      vertex -28.574025148547634 114.61418070123307 52
    endloop
  endfacet
  facet normal 0.19509032201612447 0.9807852804032311 0
    outer loop
      vertex -28.574025148547634 114.61418070123307 50
      vertex -28.574025148547634 114.61418070123307 52
      vertex -28 114.5 52
    endloop
  endfacet
  facet normal 0.8314696123025523 -0.5555702330195916 0
    outer loop
      vertex -29.060660171779823 117.06066017177983 50
      vertex -29.38581929876693 116.57402514854763 52
      vertex -29.38581929876693 116.57402514854763 50
    endloop
  endfacet
  facet normal 0.5555702330195931 -0.8314696123025513 0
    outer loop
      vertex -29.060660171779823 117.06066017177983 50
      vertex -28.574025148547634 117.38581929876693 50
      vertex -29.060660171779823 117.06066017177983 52
    endloop
  endfacet
  facet normal 0.19509032201612447 -0.9807852804032311 0
    outer loop
      vertex -28.574025148547634 117.38581929876693 50
      vertex -28 117.5 50
      vertex -28.574025148547634 117.38581929876693 52
    endloop
  endfacet
  facet normal 0.98078528040323 -0.19509032201613033 0
    outer loop
      vertex -29.38581929876693 116.57402514854763 50
      vertex -29.38581929876693 116.57402514854763 52
      vertex -29.5 116 52
    endloop
  endfacet
  facet normal 0.8314696123025523 -0.5555702330195916 0
    outer loop
      vertex -29.060660171779823 117.06066017177983 50
      vertex -29.060660171779823 117.06066017177983 52
      vertex -29.38581929876693 116.57402514854763 52
    endloop
  endfacet
  facet normal 0.5555702330195931 -0.8314696123025513 0
    outer loop
      vertex -28.574025148547634 117.38581929876693 50
      vertex -28.574025148547634 117.38581929876693 52
      vertex -29.060660171779823 117.06066017177983 52
    endloop
  endfacet
  facet normal 0.19509032201612447 -0.9807852804032311 0
    outer loop
      vertex -28 117.5 50
      vertex -28 117.5 52
      vertex -28.574025148547634 117.38581929876693 52
    endloop
  endfacet
  facet normal -0.19509032201612447 0.9807852804032311 0
    outer loop
      vertex -27.425974851452366 114.61418070123307 50
      vertex -28 114.5 50
      vertex -27.425974851452366 114.61418070123307 52
    endloop
  endfacet
  facet normal -0.5555702330196098 0.8314696123025402 0
    outer loop
      vertex -26.939339828220177 114.93933982822018 50
      vertex -27.425974851452366 114.61418070123307 50
      vertex -26.939339828220177 114.93933982822018 52
    endloop
  endfacet
  facet normal -0.8314696123025448 0.5555702330196028 0
    outer loop
      vertex -26.939339828220177 114.93933982822018 50
      vertex -26.61418070123307 115.42597485145237 52
      vertex -26.61418070123307 115.42597485145237 50
    endloop
  endfacet
  facet normal -0.98078528040323 0.19509032201613033 0
    outer loop
      vertex -26.61418070123307 115.42597485145237 50
      vertex -26.5 116 52
      vertex -26.5 116 50
    endloop
  endfacet
  facet normal -0.19509032201612447 0.9807852804032311 0
    outer loop
      vertex -28 114.5 50
      vertex -28 114.5 52
      vertex -27.425974851452366 114.61418070123307 52
    endloop
  endfacet
  facet normal -0.5555702330196098 0.8314696123025402 0
    outer loop
      vertex -27.425974851452366 114.61418070123307 50
      vertex -27.425974851452366 114.61418070123307 52
      vertex -26.939339828220177 114.93933982822018 52
    endloop
  endfacet
  facet normal -0.8314696123025448 0.5555702330196028 0
    outer loop
      vertex -26.939339828220177 114.93933982822018 50
      vertex -26.939339828220177 114.93933982822018 52
      vertex -26.61418070123307 115.42597485145237 52
    endloop
  endfacet
  facet normal -0.98078528040323 0.19509032201613033 0
    outer loop
      vertex -26.61418070123307 115.42597485145237 50
      vertex -26.61418070123307 115.42597485145237 52
      vertex -26.5 116 52
    endloop
  endfacet
  facet normal -0.98078528040323 -0.19509032201613033 0
    outer loop
      vertex -26.5 116 50
      vertex -26.5 116 52
      vertex -26.61418070123307 116.57402514854763 52
    endloop
  endfacet
  facet normal -0.19509032201612447 -0.9807852804032311 0
    outer loop
      vertex -28 117.5 50
      vertex -27.425974851452366 117.38581929876693 50
      vertex -28 117.5 52
    endloop
  endfacet
  facet normal -0.5555702330195931 -0.8314696123025513 0
    outer loop
      vertex -27.425974851452366 117.38581929876693 50
      vertex -26.939339828220177 117.06066017177983 50
      vertex -27.425974851452366 117.38581929876693 52
    endloop
  endfacet
  facet normal -0.98078528040323 -0.19509032201613033 0
    outer loop
      vertex -26.5 116 50
      vertex -26.61418070123307 116.57402514854763 52
      vertex -26.61418070123307 116.57402514854763 50
    endloop
  endfacet
  facet normal -0.8314696123025523 -0.5555702330195916 0
    outer loop
      vertex -26.61418070123307 116.57402514854763 50
      vertex -26.939339828220177 117.06066017177983 52
      vertex -26.939339828220177 117.06066017177983 50
    endloop
  endfacet
  facet normal -0.19509032201612447 -0.9807852804032311 0
    outer loop
      vertex -27.425974851452366 117.38581929876693 50
      vertex -27.425974851452366 117.38581929876693 52
      vertex -28 117.5 52
    endloop
  endfacet
  facet normal -0.5555702330195931 -0.8314696123025513 0
    outer loop
      vertex -26.939339828220177 117.06066017177983 50
      vertex -26.939339828220177 117.06066017177983 52
      vertex -27.425974851452366 117.38581929876693 52
    endloop
  endfacet
  facet normal -0.8314696123025523 -0.5555702330195916 0
    outer loop
      vertex -26.61418070123307 116.57402514854763 50
      vertex -26.61418070123307 116.57402514854763 52
      vertex -26.939339828220177 117.06066017177983 52
    endloop
  endfacet
  facet normal 0.8314696123025523 0.5555702330195916 0
    outer loop
      vertex -29.060660171779823 120.93933982822017 50
      vertex -29.38581929876693 121.42597485145237 50
      vertex -29.060660171779823 120.93933982822017 52
    endloop
  endfacet
  facet normal 0.5555702330195931 0.8314696123025513 0
    outer loop
      vertex -28.574025148547634 120.61418070123307 50
      vertex -29.060660171779823 120.93933982822017 50
      vertex -28.574025148547634 120.61418070123307 52
    endloop
  endfacet
  facet normal 0.19509032201612447 0.9807852804032311 0
    outer loop
      vertex -28.574025148547634 120.61418070123307 50
      vertex -28 120.5 52
      vertex -28 120.5 50
    endloop
  endfacet
  facet normal 0.8314696123025523 0.5555702330195916 0
    outer loop
      vertex -29.38581929876693 121.42597485145237 50
      vertex -29.38581929876693 121.42597485145237 52
      vertex -29.060660171779823 120.93933982822017 52
    endloop
  endfacet
  facet normal 0.5555702330195931 0.8314696123025513 0
    outer loop
      vertex -29.060660171779823 120.93933982822017 50
      vertex -29.060660171779823 120.93933982822017 52
      vertex -28.574025148547634 120.61418070123307 52
    endloop
  endfacet
  facet normal 0.19509032201612447 0.9807852804032311 0
    outer loop
      vertex -28.574025148547634 120.61418070123307 50
      vertex -28.574025148547634 120.61418070123307 52
      vertex -28 120.5 52
    endloop
  endfacet
  facet normal -0.19509032201612447 0.9807852804032311 0
    outer loop
      vertex -28 120.5 50
      vertex -27.425974851452366 120.61418070123307 52
      vertex -27.425974851452366 120.61418070123307 50
    endloop
  endfacet
  facet normal -0.5555702330195931 0.8314696123025513 0
    outer loop
      vertex -27.425974851452366 120.61418070123307 50
      vertex -26.939339828220177 120.93933982822017 52
      vertex -26.939339828220177 120.93933982822017 50
    endloop
  endfacet
  facet normal -0.8314696123025523 0.5555702330195916 0
    outer loop
      vertex -26.939339828220177 120.93933982822017 50
      vertex -26.61418070123307 121.42597485145237 52
      vertex -26.61418070123307 121.42597485145237 50
    endloop
  endfacet
  facet normal -0.19509032201612447 0.9807852804032311 0
    outer loop
      vertex -28 120.5 50
      vertex -28 120.5 52
      vertex -27.425974851452366 120.61418070123307 52
    endloop
  endfacet
  facet normal -0.5555702330195931 0.8314696123025513 0
    outer loop
      vertex -27.425974851452366 120.61418070123307 50
      vertex -27.425974851452366 120.61418070123307 52
      vertex -26.939339828220177 120.93933982822017 52
    endloop
  endfacet
  facet normal -0.8314696123025523 0.5555702330195916 0
    outer loop
      vertex -26.939339828220177 120.93933982822017 50
      vertex -26.939339828220177 120.93933982822017 52
      vertex -26.61418070123307 121.42597485145237 52
    endloop
  endfacet
  facet normal 0.98078528040323 0.19509032201613033 0
    outer loop
      vertex -29.5 122 50
      vertex -29.38581929876693 121.42597485145237 52
      vertex -29.38581929876693 121.42597485145237 50
    endloop
  endfacet
  facet normal 0.98078528040323 -0.19509032201613033 0
    outer loop
      vertex -29.38581929876693 122.57402514854763 50
      vertex -29.5 122 52
      vertex -29.5 122 50
    endloop
  endfacet
  facet normal 0.8314696123025523 -0.5555702330195916 0
    outer loop
      vertex -29.060660171779823 123.06066017177983 50
      vertex -29.38581929876693 122.57402514854763 52
      vertex -29.38581929876693 122.57402514854763 50
    endloop
  endfacet
  facet normal 0.5555702330195931 -0.8314696123025513 0
    outer loop
      vertex -28.574025148547634 123.38581929876693 50
      vertex -29.060660171779823 123.06066017177983 52
      vertex -29.060660171779823 123.06066017177983 50
    endloop
  endfacet
  facet normal 0.19509032201612447 -0.9807852804032311 0
    outer loop
      vertex -28.574025148547634 123.38581929876693 50
      vertex -28 123.5 50
      vertex -28.574025148547634 123.38581929876693 52
    endloop
  endfacet
  facet normal 0.98078528040323 0.19509032201613033 0
    outer loop
      vertex -29.5 122 50
      vertex -29.5 122 52
      vertex -29.38581929876693 121.42597485145237 52
    endloop
  endfacet
  facet normal 0.98078528040323 -0.19509032201613033 0
    outer loop
      vertex -29.38581929876693 122.57402514854763 50
      vertex -29.38581929876693 122.57402514854763 52
      vertex -29.5 122 52
    endloop
  endfacet
  facet normal 0.8314696123025523 -0.5555702330195916 0
    outer loop
      vertex -29.060660171779823 123.06066017177983 50
      vertex -29.060660171779823 123.06066017177983 52
      vertex -29.38581929876693 122.57402514854763 52
    endloop
  endfacet
  facet normal 0.5555702330195931 -0.8314696123025513 0
    outer loop
      vertex -28.574025148547634 123.38581929876693 50
      vertex -28.574025148547634 123.38581929876693 52
      vertex -29.060660171779823 123.06066017177983 52
    endloop
  endfacet
  facet normal 0.19509032201612447 -0.9807852804032311 0
    outer loop
      vertex -28 123.5 50
      vertex -28 123.5 52
      vertex -28.574025148547634 123.38581929876693 52
    endloop
  endfacet
  facet normal -0.19509032201612447 -0.9807852804032311 0
    outer loop
      vertex -28 123.5 50
      vertex -27.425974851452366 123.38581929876693 50
      vertex -28 123.5 52
    endloop
  endfacet
  facet normal -0.5555702330195931 -0.8314696123025513 0
    outer loop
      vertex -27.425974851452366 123.38581929876693 50
      vertex -26.939339828220177 123.06066017177983 50
      vertex -27.425974851452366 123.38581929876693 52
    endloop
  endfacet
  facet normal -0.98078528040323 0.19509032201613033 0
    outer loop
      vertex -26.61418070123307 121.42597485145237 50
      vertex -26.5 122 52
      vertex -26.5 122 50
    endloop
  endfacet
  facet normal -0.98078528040323 -0.19509032201613033 0
    outer loop
      vertex -26.5 122 50
      vertex -26.61418070123307 122.57402514854763 52
      vertex -26.61418070123307 122.57402514854763 50
    endloop
  endfacet
  facet normal -0.8314696123025523 -0.5555702330195916 0
    outer loop
      vertex -26.61418070123307 122.57402514854763 50
      vertex -26.939339828220177 123.06066017177983 52
      vertex -26.939339828220177 123.06066017177983 50
    endloop
  endfacet
  facet normal -0.19509032201612447 -0.9807852804032311 0
    outer loop
      vertex -27.425974851452366 123.38581929876693 50
      vertex -27.425974851452366 123.38581929876693 52
      vertex -28 123.5 52
    endloop
  endfacet
  facet normal -0.5555702330195931 -0.8314696123025513 0
    outer loop
      vertex -26.939339828220177 123.06066017177983 50
      vertex -26.939339828220177 123.06066017177983 52
      vertex -27.425974851452366 123.38581929876693 52
    endloop
  endfacet
  facet normal -0.98078528040323 0.19509032201613033 0
    outer loop
      vertex -26.61418070123307 121.42597485145237 50
      vertex -26.61418070123307 121.42597485145237 52
      vertex -26.5 122 52
    endloop
  endfacet
  facet normal -0.98078528040323 -0.19509032201613033 0
    outer loop
      vertex -26.5 122 50
      vertex -26.5 122 52
      vertex -26.61418070123307 122.57402514854763 52
    endloop
  endfacet
  facet normal -0.8314696123025523 -0.5555702330195916 0
    outer loop
      vertex -26.61418070123307 122.57402514854763 50
      vertex -26.61418070123307 122.57402514854763 52
      vertex -26.939339828220177 123.06066017177983 52
    endloop
  endfacet
  facet normal 0.8314696123025419 0.555570233019607 0
    outer loop
      vertex -35.06066017177982 102.93933982822018 50
      vertex -35.38581929876693 103.42597485145237 50
      vertex -35.06066017177982 102.93933982822018 52
    endloop
  endfacet
  facet normal 0.5555702330196098 0.8314696123025402 0
    outer loop
      vertex -34.57402514854763 102.61418070123307 50
      vertex -35.06066017177982 102.93933982822018 50
      vertex -34.57402514854763 102.61418070123307 52
    endloop
  endfacet
  facet normal 0.19509032201612447 0.9807852804032311 0
    outer loop
      vertex -34 102.5 50
      vertex -34.57402514854763 102.61418070123307 50
      vertex -34 102.5 52
    endloop
  endfacet
  facet normal 0.8314696123025419 0.555570233019607 0
    outer loop
      vertex -35.38581929876693 103.42597485145237 50
      vertex -35.38581929876693 103.42597485145237 52
      vertex -35.06066017177982 102.93933982822018 52
    endloop
  endfacet
  facet normal 0.5555702330196098 0.8314696123025402 0
    outer loop
      vertex -35.06066017177982 102.93933982822018 50
      vertex -35.06066017177982 102.93933982822018 52
      vertex -34.57402514854763 102.61418070123307 52
    endloop
  endfacet
  facet normal 0.19509032201612447 0.9807852804032311 0
    outer loop
      vertex -34.57402514854763 102.61418070123307 50
      vertex -34.57402514854763 102.61418070123307 52
      vertex -34 102.5 52
    endloop
  endfacet
  facet normal 0.9807852804032311 0.19509032201612447 0
    outer loop
      vertex -35.5 104 50
      vertex -35.38581929876693 103.42597485145237 52
      vertex -35.38581929876693 103.42597485145237 50
    endloop
  endfacet
  facet normal 0.9807852804032311 -0.19509032201612447 0
    outer loop
      vertex -35.38581929876693 104.57402514854763 50
      vertex -35.5 104 52
      vertex -35.5 104 50
    endloop
  endfacet
  facet normal 0.8314696123025419 -0.555570233019607 0
    outer loop
      vertex -35.06066017177982 105.06066017177982 50
      vertex -35.38581929876693 104.57402514854763 52
      vertex -35.38581929876693 104.57402514854763 50
    endloop
  endfacet
  facet normal 0.5555702330196098 -0.8314696123025402 0
    outer loop
      vertex -34.57402514854763 105.38581929876693 50
      vertex -35.06066017177982 105.06066017177982 52
      vertex -35.06066017177982 105.06066017177982 50
    endloop
  endfacet
  facet normal 0.19509032201612447 -0.9807852804032311 0
    outer loop
      vertex -34.57402514854763 105.38581929876693 50
      vertex -34 105.5 50
      vertex -34.57402514854763 105.38581929876693 52
    endloop
  endfacet
  facet normal 0.9807852804032311 0.19509032201612447 0
    outer loop
      vertex -35.5 104 50
      vertex -35.5 104 52
      vertex -35.38581929876693 103.42597485145237 52
    endloop
  endfacet
  facet normal 0.9807852804032311 -0.19509032201612447 0
    outer loop
      vertex -35.38581929876693 104.57402514854763 50
      vertex -35.38581929876693 104.57402514854763 52
      vertex -35.5 104 52
    endloop
  endfacet
  facet normal 0.8314696123025419 -0.555570233019607 0
    outer loop
      vertex -35.06066017177982 105.06066017177982 50
      vertex -35.06066017177982 105.06066017177982 52
      vertex -35.38581929876693 104.57402514854763 52
    endloop
  endfacet
  facet normal 0.5555702330196098 -0.8314696123025402 0
    outer loop
      vertex -34.57402514854763 105.38581929876693 50
      vertex -34.57402514854763 105.38581929876693 52
      vertex -35.06066017177982 105.06066017177982 52
    endloop
  endfacet
  facet normal 0.19509032201612447 -0.9807852804032311 0
    outer loop
      vertex -34 105.5 50
      vertex -34 105.5 52
      vertex -34.57402514854763 105.38581929876693 52
    endloop
  endfacet
  facet normal -0.19509032201612447 0.9807852804032311 0
    outer loop
      vertex -33.42597485145237 102.61418070123307 50
      vertex -34 102.5 50
      vertex -33.42597485145237 102.61418070123307 52
    endloop
  endfacet
  facet normal -0.5555702330196098 0.8314696123025402 0
    outer loop
      vertex -33.42597485145237 102.61418070123307 50
      vertex -32.93933982822018 102.93933982822018 52
      vertex -32.93933982822018 102.93933982822018 50
    endloop
  endfacet
  facet normal -0.8314696123025419 0.555570233019607 0
    outer loop
      vertex -32.93933982822018 102.93933982822018 50
      vertex -32.61418070123307 103.42597485145237 52
      vertex -32.61418070123307 103.42597485145237 50
    endloop
  endfacet
  facet normal -0.19509032201612447 0.9807852804032311 0
    outer loop
      vertex -34 102.5 50
      vertex -34 102.5 52
      vertex -33.42597485145237 102.61418070123307 52
    endloop
  endfacet
  facet normal -0.5555702330196098 0.8314696123025402 0
    outer loop
      vertex -33.42597485145237 102.61418070123307 50
      vertex -33.42597485145237 102.61418070123307 52
      vertex -32.93933982822018 102.93933982822018 52
    endloop
  endfacet
  facet normal -0.8314696123025419 0.555570233019607 0
    outer loop
      vertex -32.93933982822018 102.93933982822018 50
      vertex -32.93933982822018 102.93933982822018 52
      vertex -32.61418070123307 103.42597485145237 52
    endloop
  endfacet
  facet normal -0.19509032201612447 -0.9807852804032311 0
    outer loop
      vertex -34 105.5 50
      vertex -33.42597485145237 105.38581929876693 50
      vertex -34 105.5 52
    endloop
  endfacet
  facet normal -0.5555702330196098 -0.8314696123025402 0
    outer loop
      vertex -33.42597485145237 105.38581929876693 50
      vertex -32.93933982822018 105.06066017177982 50
      vertex -33.42597485145237 105.38581929876693 52
    endloop
  endfacet
  facet normal -0.9807852804032311 0.19509032201612447 0
    outer loop
      vertex -32.61418070123307 103.42597485145237 50
      vertex -32.5 104 52
      vertex -32.5 104 50
    endloop
  endfacet
  facet normal -0.9807852804032311 -0.19509032201612447 0
    outer loop
      vertex -32.5 104 50
      vertex -32.61418070123307 104.57402514854763 52
      vertex -32.61418070123307 104.57402514854763 50
    endloop
  endfacet
  facet normal -0.8314696123025419 -0.555570233019607 0
    outer loop
      vertex -32.61418070123307 104.57402514854763 50
      vertex -32.93933982822018 105.06066017177982 52
      vertex -32.93933982822018 105.06066017177982 50
    endloop
  endfacet
  facet normal -0.19509032201612447 -0.9807852804032311 0
    outer loop
      vertex -33.42597485145237 105.38581929876693 50
      vertex -33.42597485145237 105.38581929876693 52
      vertex -34 105.5 52
    endloop
  endfacet
  facet normal -0.5555702330196098 -0.8314696123025402 0
    outer loop
      vertex -32.93933982822018 105.06066017177982 50
      vertex -32.93933982822018 105.06066017177982 52
      vertex -33.42597485145237 105.38581929876693 52
    endloop
  endfacet
  facet normal -0.9807852804032311 0.19509032201612447 0
    outer loop
      vertex -32.61418070123307 103.42597485145237 50
      vertex -32.61418070123307 103.42597485145237 52
      vertex -32.5 104 52
    endloop
  endfacet
  facet normal -0.9807852804032311 -0.19509032201612447 0
    outer loop
      vertex -32.61418070123307 104.57402514854763 52
      vertex -32.5 104 50
      vertex -32.5 104 52
    endloop
  endfacet
  facet normal -0.8314696123025419 -0.555570233019607 0
    outer loop
      vertex -32.61418070123307 104.57402514854763 50
      vertex -32.61418070123307 104.57402514854763 52
      vertex -32.93933982822018 105.06066017177982 52
    endloop
  endfacet
  facet normal 0.8314696123025419 0.555570233019607 0
    outer loop
      vertex -35.06066017177982 108.93933982822018 50
      vertex -35.38581929876693 109.42597485145237 50
      vertex -35.06066017177982 108.93933982822018 52
    endloop
  endfacet
  facet normal 0.9807852804032311 0.19509032201612447 0
    outer loop
      vertex -35.5 110 50
      vertex -35.38581929876693 109.42597485145237 52
      vertex -35.38581929876693 109.42597485145237 50
    endloop
  endfacet
  facet normal 0.9807852804032311 -0.19509032201612447 0
    outer loop
      vertex -35.38581929876693 110.57402514854763 50
      vertex -35.5 110 52
      vertex -35.5 110 50
    endloop
  endfacet
  facet normal 0.8314696123025419 -0.555570233019607 0
    outer loop
      vertex -35.06066017177982 111.06066017177982 50
      vertex -35.38581929876693 110.57402514854763 52
      vertex -35.38581929876693 110.57402514854763 50
    endloop
  endfacet
  facet normal 0.5555702330196098 0.8314696123025402 0
    outer loop
      vertex -34.57402514854763 108.61418070123307 50
      vertex -35.06066017177982 108.93933982822018 50
      vertex -34.57402514854763 108.61418070123307 52
    endloop
  endfacet
  facet normal 0.19509032201612447 0.9807852804032311 0
    outer loop
      vertex -34 108.5 50
      vertex -34.57402514854763 108.61418070123307 50
      vertex -34 108.5 52
    endloop
  endfacet
  facet normal 0.8314696123025419 0.555570233019607 0
    outer loop
      vertex -35.38581929876693 109.42597485145237 50
      vertex -35.38581929876693 109.42597485145237 52
      vertex -35.06066017177982 108.93933982822018 52
    endloop
  endfacet
  facet normal 0.9807852804032311 0.19509032201612447 0
    outer loop
      vertex -35.5 110 50
      vertex -35.5 110 52
      vertex -35.38581929876693 109.42597485145237 52
    endloop
  endfacet
  facet normal 0.9807852804032311 -0.19509032201612447 0
    outer loop
      vertex -35.38581929876693 110.57402514854763 50
      vertex -35.38581929876693 110.57402514854763 52
      vertex -35.5 110 52
    endloop
  endfacet
  facet normal 0.8314696123025419 -0.555570233019607 0
    outer loop
      vertex -35.06066017177982 111.06066017177982 50
      vertex -35.06066017177982 111.06066017177982 52
      vertex -35.38581929876693 110.57402514854763 52
    endloop
  endfacet
  facet normal 0.5555702330196098 0.8314696123025402 0
    outer loop
      vertex -35.06066017177982 108.93933982822018 50
      vertex -35.06066017177982 108.93933982822018 52
      vertex -34.57402514854763 108.61418070123307 52
    endloop
  endfacet
  facet normal 0.19509032201612447 0.9807852804032311 0
    outer loop
      vertex -34.57402514854763 108.61418070123307 50
      vertex -34.57402514854763 108.61418070123307 52
      vertex -34 108.5 52
    endloop
  endfacet
  facet normal -0.19509032201612447 0.9807852804032311 0
    outer loop
      vertex -33.42597485145237 108.61418070123307 50
      vertex -34 108.5 50
      vertex -33.42597485145237 108.61418070123307 52
    endloop
  endfacet
  facet normal -0.5555702330196098 0.8314696123025402 0
    outer loop
      vertex -33.42597485145237 108.61418070123307 50
      vertex -32.93933982822018 108.93933982822018 52
      vertex -32.93933982822018 108.93933982822018 50
    endloop
  endfacet
  facet normal -0.8314696123025419 0.555570233019607 0
    outer loop
      vertex -32.93933982822018 108.93933982822018 50
      vertex -32.61418070123307 109.42597485145237 52
      vertex -32.61418070123307 109.42597485145237 50
    endloop
  endfacet
  facet normal -0.9807852804032311 0.19509032201612447 0
    outer loop
      vertex -32.61418070123307 109.42597485145237 50
      vertex -32.5 110 52
      vertex -32.5 110 50
    endloop
  endfacet
  facet normal -0.9807852804032311 -0.19509032201612447 0
    outer loop
      vertex -32.5 110 50
      vertex -32.61418070123307 110.57402514854763 52
      vertex -32.61418070123307 110.57402514854763 50
    endloop
  endfacet
  facet normal -0.8314696123025419 -0.555570233019607 0
    outer loop
      vertex -32.61418070123307 110.57402514854763 50
      vertex -32.93933982822018 111.06066017177982 52
      vertex -32.93933982822018 111.06066017177982 50
    endloop
  endfacet
  facet normal -0.19509032201612447 0.9807852804032311 0
    outer loop
      vertex -34 108.5 50
      vertex -34 108.5 52
      vertex -33.42597485145237 108.61418070123307 52
    endloop
  endfacet
  facet normal -0.5555702330196098 0.8314696123025402 0
    outer loop
      vertex -33.42597485145237 108.61418070123307 50
      vertex -33.42597485145237 108.61418070123307 52
      vertex -32.93933982822018 108.93933982822018 52
    endloop
  endfacet
  facet normal -0.8314696123025419 0.555570233019607 0
    outer loop
      vertex -32.93933982822018 108.93933982822018 50
      vertex -32.93933982822018 108.93933982822018 52
      vertex -32.61418070123307 109.42597485145237 52
    endloop
  endfacet
  facet normal -0.9807852804032311 0.19509032201612447 0
    outer loop
      vertex -32.61418070123307 109.42597485145237 50
      vertex -32.61418070123307 109.42597485145237 52
      vertex -32.5 110 52
    endloop
  endfacet
  facet normal -0.9807852804032311 -0.19509032201612447 0
    outer loop
      vertex -32.5 110 50
      vertex -32.5 110 52
      vertex -32.61418070123307 110.57402514854763 52
    endloop
  endfacet
  facet normal -0.8314696123025419 -0.555570233019607 0
    outer loop
      vertex -32.61418070123307 110.57402514854763 50
      vertex -32.61418070123307 110.57402514854763 52
      vertex -32.93933982822018 111.06066017177982 52
    endloop
  endfacet
  facet normal 0.5555702330196098 -0.8314696123025402 0
    outer loop
      vertex -34.57402514854763 111.38581929876693 50
      vertex -35.06066017177982 111.06066017177982 52
      vertex -35.06066017177982 111.06066017177982 50
    endloop
  endfacet
  facet normal 0.19509032201612447 -0.9807852804032311 0
    outer loop
      vertex -34.57402514854763 111.38581929876693 50
      vertex -34 111.5 50
      vertex -34.57402514854763 111.38581929876693 52
    endloop
  endfacet
  facet normal 0.5555702330196098 -0.8314696123025402 0
    outer loop
      vertex -34.57402514854763 111.38581929876693 50
      vertex -34.57402514854763 111.38581929876693 52
      vertex -35.06066017177982 111.06066017177982 52
    endloop
  endfacet
  facet normal 0.19509032201612447 -0.9807852804032311 0
    outer loop
      vertex -34 111.5 50
      vertex -34 111.5 52
      vertex -34.57402514854763 111.38581929876693 52
    endloop
  endfacet
  facet normal -0.19509032201612447 -0.9807852804032311 0
    outer loop
      vertex -34 111.5 50
      vertex -33.42597485145237 111.38581929876693 50
      vertex -34 111.5 52
    endloop
  endfacet
  facet normal -0.5555702330196098 -0.8314696123025402 0
    outer loop
      vertex -33.42597485145237 111.38581929876693 50
      vertex -32.93933982822018 111.06066017177982 50
      vertex -33.42597485145237 111.38581929876693 52
    endloop
  endfacet
  facet normal -0.19509032201612447 -0.9807852804032311 0
    outer loop
      vertex -33.42597485145237 111.38581929876693 50
      vertex -33.42597485145237 111.38581929876693 52
      vertex -34 111.5 52
    endloop
  endfacet
  facet normal -0.5555702330196098 -0.8314696123025402 0
    outer loop
      vertex -32.93933982822018 111.06066017177982 50
      vertex -32.93933982822018 111.06066017177982 52
      vertex -33.42597485145237 111.38581929876693 52
    endloop
  endfacet
  facet normal 0.8314696123025419 0.555570233019607 0
    outer loop
      vertex -35.38581929876693 115.42597485145237 50
      vertex -35.06066017177982 114.93933982822018 52
      vertex -35.06066017177982 114.93933982822018 50
    endloop
  endfacet
  facet normal 0.9807852804032311 0.19509032201612447 0
    outer loop
      vertex -35.5 116 50
      vertex -35.38581929876693 115.42597485145237 52
      vertex -35.38581929876693 115.42597485145237 50
    endloop
  endfacet
  facet normal 0.9807852804032311 -0.19509032201612447 0
    outer loop
      vertex -35.38581929876693 116.57402514854763 50
      vertex -35.5 116 52
      vertex -35.5 116 50
    endloop
  endfacet
  facet normal 0.5555702330196098 0.8314696123025402 0
    outer loop
      vertex -35.06066017177982 114.93933982822018 50
      vertex -34.57402514854763 114.61418070123307 52
      vertex -34.57402514854763 114.61418070123307 50
    endloop
  endfacet
  facet normal 0.19509032201612447 0.9807852804032311 0
    outer loop
      vertex -34 114.5 50
      vertex -34.57402514854763 114.61418070123307 50
      vertex -34 114.5 52
    endloop
  endfacet
  facet normal 0.8314696123025419 0.555570233019607 0
    outer loop
      vertex -35.38581929876693 115.42597485145237 50
      vertex -35.38581929876693 115.42597485145237 52
      vertex -35.06066017177982 114.93933982822018 52
    endloop
  endfacet
  facet normal 0.9807852804032311 0.19509032201612447 0
    outer loop
      vertex -35.5 116 50
      vertex -35.5 116 52
      vertex -35.38581929876693 115.42597485145237 52
    endloop
  endfacet
  facet normal 0.5555702330196098 0.8314696123025402 0
    outer loop
      vertex -35.06066017177982 114.93933982822018 50
      vertex -35.06066017177982 114.93933982822018 52
      vertex -34.57402514854763 114.61418070123307 52
    endloop
  endfacet
  facet normal 0.19509032201612447 0.9807852804032311 0
    outer loop
      vertex -34.57402514854763 114.61418070123307 50
      vertex -34.57402514854763 114.61418070123307 52
      vertex -34 114.5 52
    endloop
  endfacet
  facet normal -0.19509032201612447 0.9807852804032311 0
    outer loop
      vertex -33.42597485145237 114.61418070123307 50
      vertex -34 114.5 50
      vertex -33.42597485145237 114.61418070123307 52
    endloop
  endfacet
  facet normal -0.5555702330196098 0.8314696123025402 0
    outer loop
      vertex -33.42597485145237 114.61418070123307 50
      vertex -32.93933982822018 114.93933982822018 52
      vertex -32.93933982822018 114.93933982822018 50
    endloop
  endfacet
  facet normal -0.8314696123025419 0.555570233019607 0
    outer loop
      vertex -32.93933982822018 114.93933982822018 50
      vertex -32.61418070123307 115.42597485145237 52
      vertex -32.61418070123307 115.42597485145237 50
    endloop
  endfacet
  facet normal -0.9807852804032311 0.19509032201612447 0
    outer loop
      vertex -32.5 116 50
      vertex -32.61418070123307 115.42597485145237 50
      vertex -32.5 116 52
    endloop
  endfacet
  facet normal -0.19509032201612447 0.9807852804032311 0
    outer loop
      vertex -34 114.5 50
      vertex -34 114.5 52
      vertex -33.42597485145237 114.61418070123307 52
    endloop
  endfacet
  facet normal -0.5555702330196098 0.8314696123025402 0
    outer loop
      vertex -33.42597485145237 114.61418070123307 50
      vertex -33.42597485145237 114.61418070123307 52
      vertex -32.93933982822018 114.93933982822018 52
    endloop
  endfacet
  facet normal -0.8314696123025419 0.555570233019607 0
    outer loop
      vertex -32.93933982822018 114.93933982822018 50
      vertex -32.93933982822018 114.93933982822018 52
      vertex -32.61418070123307 115.42597485145237 52
    endloop
  endfacet
  facet normal -0.9807852804032311 0.19509032201612447 0
    outer loop
      vertex -32.61418070123307 115.42597485145237 50
      vertex -32.61418070123307 115.42597485145237 52
      vertex -32.5 116 52
    endloop
  endfacet
  facet normal -0.9807852804032311 -0.19509032201612447 0
    outer loop
      vertex -32.5 116 50
      vertex -32.5 116 52
      vertex -32.61418070123307 116.57402514854763 52
    endloop
  endfacet
  facet normal 0.8314696123025495 -0.5555702330195958 0
    outer loop
      vertex -35.06066017177982 117.06066017177983 50
      vertex -35.38581929876693 116.57402514854763 52
      vertex -35.38581929876693 116.57402514854763 50
    endloop
  endfacet
  facet normal 0.5555702330195931 -0.8314696123025513 0
    outer loop
      vertex -35.06066017177982 117.06066017177983 50
      vertex -34.57402514854763 117.38581929876693 50
      vertex -35.06066017177982 117.06066017177983 52
    endloop
  endfacet
  facet normal 0.19509032201612447 -0.9807852804032311 0
    outer loop
      vertex -34.57402514854763 117.38581929876693 50
      vertex -34 117.5 50
      vertex -34.57402514854763 117.38581929876693 52
    endloop
  endfacet
  facet normal 0.9807852804032311 -0.19509032201612447 0
    outer loop
      vertex -35.38581929876693 116.57402514854763 50
      vertex -35.38581929876693 116.57402514854763 52
      vertex -35.5 116 52
    endloop
  endfacet
  facet normal 0.8314696123025495 -0.5555702330195958 0
    outer loop
      vertex -35.06066017177982 117.06066017177983 50
      vertex -35.06066017177982 117.06066017177983 52
      vertex -35.38581929876693 116.57402514854763 52
    endloop
  endfacet
  facet normal 0.5555702330195931 -0.8314696123025513 0
    outer loop
      vertex -34.57402514854763 117.38581929876693 50
      vertex -34.57402514854763 117.38581929876693 52
      vertex -35.06066017177982 117.06066017177983 52
    endloop
  endfacet
  facet normal 0.19509032201612447 -0.9807852804032311 0
    outer loop
      vertex -34 117.5 50
      vertex -34 117.5 52
      vertex -34.57402514854763 117.38581929876693 52
    endloop
  endfacet
  facet normal -0.19509032201612447 -0.9807852804032311 0
    outer loop
      vertex -34 117.5 50
      vertex -33.42597485145237 117.38581929876693 50
      vertex -34 117.5 52
    endloop
  endfacet
  facet normal -0.5555702330195931 -0.8314696123025513 0
    outer loop
      vertex -33.42597485145237 117.38581929876693 50
      vertex -32.93933982822018 117.06066017177983 50
      vertex -33.42597485145237 117.38581929876693 52
    endloop
  endfacet
  facet normal -0.9807852804032311 -0.19509032201612447 0
    outer loop
      vertex -32.5 116 50
      vertex -32.61418070123307 116.57402514854763 52
      vertex -32.61418070123307 116.57402514854763 50
    endloop
  endfacet
  facet normal -0.8314696123025495 -0.5555702330195958 0
    outer loop
      vertex -32.61418070123307 116.57402514854763 50
      vertex -32.93933982822018 117.06066017177983 52
      vertex -32.93933982822018 117.06066017177983 50
    endloop
  endfacet
  facet normal -0.19509032201612447 -0.9807852804032311 0
    outer loop
      vertex -33.42597485145237 117.38581929876693 50
      vertex -33.42597485145237 117.38581929876693 52
      vertex -34 117.5 52
    endloop
  endfacet
  facet normal -0.5555702330195931 -0.8314696123025513 0
    outer loop
      vertex -32.93933982822018 117.06066017177983 50
      vertex -32.93933982822018 117.06066017177983 52
      vertex -33.42597485145237 117.38581929876693 52
    endloop
  endfacet
  facet normal -0.8314696123025495 -0.5555702330195958 0
    outer loop
      vertex -32.61418070123307 116.57402514854763 52
      vertex -32.93933982822018 117.06066017177983 52
      vertex -32.61418070123307 116.57402514854763 50
    endloop
  endfacet
  facet normal 0.8314696123025495 0.5555702330195958 0
    outer loop
      vertex -35.06066017177982 120.93933982822017 50
      vertex -35.38581929876693 121.42597485145237 50
      vertex -35.06066017177982 120.93933982822017 52
    endloop
  endfacet
  facet normal 0.5555702330195931 0.8314696123025513 0
    outer loop
      vertex -34.57402514854763 120.61418070123307 50
      vertex -35.06066017177982 120.93933982822017 50
      vertex -34.57402514854763 120.61418070123307 52
    endloop
  endfacet
  facet normal 0.19509032201612447 0.9807852804032311 0
    outer loop
      vertex -34 120.5 50
      vertex -34.57402514854763 120.61418070123307 50
      vertex -34 120.5 52
    endloop
  endfacet
  facet normal 0.8314696123025495 0.5555702330195958 0
    outer loop
      vertex -35.38581929876693 121.42597485145237 50
      vertex -35.38581929876693 121.42597485145237 52
      vertex -35.06066017177982 120.93933982822017 52
    endloop
  endfacet
  facet normal 0.5555702330195931 0.8314696123025513 0
    outer loop
      vertex -35.06066017177982 120.93933982822017 50
      vertex -35.06066017177982 120.93933982822017 52
      vertex -34.57402514854763 120.61418070123307 52
    endloop
  endfacet
  facet normal 0.19509032201612447 0.9807852804032311 0
    outer loop
      vertex -34.57402514854763 120.61418070123307 50
      vertex -34.57402514854763 120.61418070123307 52
      vertex -34 120.5 52
    endloop
  endfacet
  facet normal -0.19509032201612447 0.9807852804032311 0
    outer loop
      vertex -33.42597485145237 120.61418070123307 50
      vertex -34 120.5 50
      vertex -33.42597485145237 120.61418070123307 52
    endloop
  endfacet
  facet normal -0.5555702330195931 0.8314696123025513 0
    outer loop
      vertex -33.42597485145237 120.61418070123307 50
      vertex -32.93933982822018 120.93933982822017 52
      vertex -32.93933982822018 120.93933982822017 50
    endloop
  endfacet
  facet normal -0.8314696123025495 0.5555702330195958 0
    outer loop
      vertex -32.93933982822018 120.93933982822017 50
      vertex -32.61418070123307 121.42597485145237 52
      vertex -32.61418070123307 121.42597485145237 50
    endloop
  endfacet
  facet normal -0.19509032201612447 0.9807852804032311 0
    outer loop
      vertex -34 120.5 50
      vertex -34 120.5 52
      vertex -33.42597485145237 120.61418070123307 52
    endloop
  endfacet
  facet normal -0.5555702330195931 0.8314696123025513 0
    outer loop
      vertex -33.42597485145237 120.61418070123307 50
      vertex -33.42597485145237 120.61418070123307 52
      vertex -32.93933982822018 120.93933982822017 52
    endloop
  endfacet
  facet normal -0.8314696123025495 0.5555702330195958 0
    outer loop
      vertex -32.93933982822018 120.93933982822017 50
      vertex -32.93933982822018 120.93933982822017 52
      vertex -32.61418070123307 121.42597485145237 52
    endloop
  endfacet
  facet normal 0.9807852804032311 0.19509032201612447 0
    outer loop
      vertex -35.5 122 50
      vertex -35.38581929876693 121.42597485145237 52
      vertex -35.38581929876693 121.42597485145237 50
    endloop
  endfacet
  facet normal 0.9807852804032311 -0.19509032201612447 0
    outer loop
      vertex -35.38581929876693 122.57402514854763 50
      vertex -35.5 122 52
      vertex -35.5 122 50
    endloop
  endfacet
  facet normal 0.8314696123025495 -0.5555702330195958 0
    outer loop
      vertex -35.06066017177982 123.06066017177983 50
      vertex -35.38581929876693 122.57402514854763 52
      vertex -35.38581929876693 122.57402514854763 50
    endloop
  endfacet
  facet normal 0.5555702330195931 -0.8314696123025513 0
    outer loop
      vertex -34.57402514854763 123.38581929876693 50
      vertex -35.06066017177982 123.06066017177983 52
      vertex -35.06066017177982 123.06066017177983 50
    endloop
  endfacet
  facet normal 0.19509032201612447 -0.9807852804032311 0
    outer loop
      vertex -34 123.5 50
      vertex -34.57402514854763 123.38581929876693 52
      vertex -34.57402514854763 123.38581929876693 50
    endloop
  endfacet
  facet normal 0.9807852804032311 0.19509032201612447 0
    outer loop
      vertex -35.5 122 50
      vertex -35.5 122 52
      vertex -35.38581929876693 121.42597485145237 52
    endloop
  endfacet
  facet normal 0.9807852804032311 -0.19509032201612447 0
    outer loop
      vertex -35.38581929876693 122.57402514854763 50
      vertex -35.38581929876693 122.57402514854763 52
      vertex -35.5 122 52
    endloop
  endfacet
  facet normal 0.8314696123025495 -0.5555702330195958 0
    outer loop
      vertex -35.06066017177982 123.06066017177983 50
      vertex -35.06066017177982 123.06066017177983 52
      vertex -35.38581929876693 122.57402514854763 52
    endloop
  endfacet
  facet normal 0.5555702330195931 -0.8314696123025513 0
    outer loop
      vertex -34.57402514854763 123.38581929876693 50
      vertex -34.57402514854763 123.38581929876693 52
      vertex -35.06066017177982 123.06066017177983 52
    endloop
  endfacet
  facet normal 0.19509032201612447 -0.9807852804032311 0
    outer loop
      vertex -34 123.5 50
      vertex -34 123.5 52
      vertex -34.57402514854763 123.38581929876693 52
    endloop
  endfacet
  facet normal -0.19509032201612447 -0.9807852804032311 0
    outer loop
      vertex -34 123.5 50
      vertex -33.42597485145237 123.38581929876693 50
      vertex -34 123.5 52
    endloop
  endfacet
  facet normal -0.5555702330195931 -0.8314696123025513 0
    outer loop
      vertex -33.42597485145237 123.38581929876693 50
      vertex -32.93933982822018 123.06066017177983 50
      vertex -33.42597485145237 123.38581929876693 52
    endloop
  endfacet
  facet normal -0.9807852804032311 0.19509032201612447 0
    outer loop
      vertex -32.61418070123307 121.42597485145237 50
      vertex -32.5 122 52
      vertex -32.5 122 50
    endloop
  endfacet
  facet normal -0.9807852804032311 -0.19509032201612447 0
    outer loop
      vertex -32.5 122 50
      vertex -32.61418070123307 122.57402514854763 52
      vertex -32.61418070123307 122.57402514854763 50
    endloop
  endfacet
  facet normal -0.8314696123025495 -0.5555702330195958 0
    outer loop
      vertex -32.61418070123307 122.57402514854763 50
      vertex -32.93933982822018 123.06066017177983 52
      vertex -32.93933982822018 123.06066017177983 50
    endloop
  endfacet
  facet normal -0.19509032201612447 -0.9807852804032311 0
    outer loop
      vertex -33.42597485145237 123.38581929876693 50
      vertex -33.42597485145237 123.38581929876693 52
      vertex -34 123.5 52
    endloop
  endfacet
  facet normal -0.5555702330195931 -0.8314696123025513 0
    outer loop
      vertex -32.93933982822018 123.06066017177983 50
      vertex -32.93933982822018 123.06066017177983 52
      vertex -33.42597485145237 123.38581929876693 52
    endloop
  endfacet
  facet normal -0.9807852804032311 0.19509032201612447 0
    outer loop
      vertex -32.61418070123307 121.42597485145237 50
      vertex -32.61418070123307 121.42597485145237 52
      vertex -32.5 122 52
    endloop
  endfacet
  facet normal -0.9807852804032311 -0.19509032201612447 0
    outer loop
      vertex -32.5 122 50
      vertex -32.5 122 52
      vertex -32.61418070123307 122.57402514854763 52
    endloop
  endfacet
  facet normal -0.8314696123025495 -0.5555702330195958 0
    outer loop
      vertex -32.61418070123307 122.57402514854763 50
      vertex -32.61418070123307 122.57402514854763 52
      vertex -32.93933982822018 123.06066017177983 52
    endloop
  endfacet
  facet normal 0.8314696123025419 0.555570233019607 0
    outer loop
      vertex -41.06066017177982 102.93933982822018 50
      vertex -41.38581929876693 103.42597485145237 50
      vertex -41.06066017177982 102.93933982822018 52
    endloop
  endfacet
  facet normal 0.5555702330196098 0.8314696123025402 0
    outer loop
      vertex -40.57402514854763 102.61418070123307 52
      vertex -40.57402514854763 102.61418070123307 50
      vertex -41.06066017177982 102.93933982822018 50
    endloop
  endfacet
  facet normal 0.19509032201612447 0.9807852804032311 0
    outer loop
      vertex -40 102.5 50
      vertex -40.57402514854763 102.61418070123307 50
      vertex -40 102.5 52
    endloop
  endfacet
  facet normal 0.8314696123025419 0.555570233019607 0
    outer loop
      vertex -41.38581929876693 103.42597485145237 50
      vertex -41.38581929876693 103.42597485145237 52
      vertex -41.06066017177982 102.93933982822018 52
    endloop
  endfacet
  facet normal 0.5555702330196098 0.8314696123025402 0
    outer loop
      vertex -41.06066017177982 102.93933982822018 50
      vertex -41.06066017177982 102.93933982822018 52
      vertex -40.57402514854763 102.61418070123307 52
    endloop
  endfacet
  facet normal 0.19509032201612447 0.9807852804032311 0
    outer loop
      vertex -40.57402514854763 102.61418070123307 50
      vertex -40.57402514854763 102.61418070123307 52
      vertex -40 102.5 52
    endloop
  endfacet
  facet normal 0.9807852804032311 0.19509032201612447 0
    outer loop
      vertex -41.5 104 50
      vertex -41.38581929876693 103.42597485145237 52
      vertex -41.38581929876693 103.42597485145237 50
    endloop
  endfacet
  facet normal 0.9807852804032311 -0.19509032201612447 0
    outer loop
      vertex -41.38581929876693 104.57402514854763 50
      vertex -41.5 104 52
      vertex -41.5 104 50
    endloop
  endfacet
  facet normal 0.8314696123025419 -0.555570233019607 0
    outer loop
      vertex -41.06066017177982 105.06066017177982 50
      vertex -41.38581929876693 104.57402514854763 52
      vertex -41.38581929876693 104.57402514854763 50
    endloop
  endfacet
  facet normal 0.5555702330196098 -0.8314696123025402 0
    outer loop
      vertex -41.06066017177982 105.06066017177982 50
      vertex -40.57402514854763 105.38581929876693 50
      vertex -41.06066017177982 105.06066017177982 52
    endloop
  endfacet
  facet normal 0.19509032201612447 -0.9807852804032311 0
    outer loop
      vertex -40.57402514854763 105.38581929876693 50
      vertex -40 105.5 50
      vertex -40.57402514854763 105.38581929876693 52
    endloop
  endfacet
  facet normal 0.9807852804032311 0.19509032201612447 0
    outer loop
      vertex -41.5 104 50
      vertex -41.5 104 52
      vertex -41.38581929876693 103.42597485145237 52
    endloop
  endfacet
  facet normal 0.9807852804032311 -0.19509032201612447 0
    outer loop
      vertex -41.38581929876693 104.57402514854763 50
      vertex -41.38581929876693 104.57402514854763 52
      vertex -41.5 104 52
    endloop
  endfacet
  facet normal 0.8314696123025419 -0.555570233019607 0
    outer loop
      vertex -41.06066017177982 105.06066017177982 50
      vertex -41.06066017177982 105.06066017177982 52
      vertex -41.38581929876693 104.57402514854763 52
    endloop
  endfacet
  facet normal 0.5555702330196098 -0.8314696123025402 0
    outer loop
      vertex -40.57402514854763 105.38581929876693 50
      vertex -40.57402514854763 105.38581929876693 52
      vertex -41.06066017177982 105.06066017177982 52
    endloop
  endfacet
  facet normal 0.19509032201612447 -0.9807852804032311 0
    outer loop
      vertex -40 105.5 50
      vertex -40 105.5 52
      vertex -40.57402514854763 105.38581929876693 52
    endloop
  endfacet
  facet normal -0.19509032201612447 0.9807852804032311 0
    outer loop
      vertex -39.42597485145237 102.61418070123307 50
      vertex -40 102.5 50
      vertex -39.42597485145237 102.61418070123307 52
    endloop
  endfacet
  facet normal -0.5555702330196098 0.8314696123025402 0
    outer loop
      vertex -38.93933982822018 102.93933982822018 52
      vertex -38.93933982822018 102.93933982822018 50
      vertex -39.42597485145237 102.61418070123307 50
    endloop
  endfacet
  facet normal -0.8314696123025419 0.555570233019607 0
    outer loop
      vertex -38.93933982822018 102.93933982822018 50
      vertex -38.61418070123307 103.42597485145237 52
      vertex -38.61418070123307 103.42597485145237 50
    endloop
  endfacet
  facet normal -0.19509032201612447 0.9807852804032311 0
    outer loop
      vertex -40 102.5 50
      vertex -40 102.5 52
      vertex -39.42597485145237 102.61418070123307 52
    endloop
  endfacet
  facet normal -0.5555702330196098 0.8314696123025402 0
    outer loop
      vertex -39.42597485145237 102.61418070123307 50
      vertex -39.42597485145237 102.61418070123307 52
      vertex -38.93933982822018 102.93933982822018 52
    endloop
  endfacet
  facet normal -0.8314696123025419 0.555570233019607 0
    outer loop
      vertex -38.93933982822018 102.93933982822018 50
      vertex -38.93933982822018 102.93933982822018 52
      vertex -38.61418070123307 103.42597485145237 52
    endloop
  endfacet
  facet normal -0.19509032201612447 -0.9807852804032311 0
    outer loop
      vertex -40 105.5 50
      vertex -39.42597485145237 105.38581929876693 50
      vertex -40 105.5 52
    endloop
  endfacet
  facet normal -0.5555702330196098 -0.8314696123025402 0
    outer loop
      vertex -39.42597485145237 105.38581929876693 50
      vertex -38.93933982822018 105.06066017177982 50
      vertex -39.42597485145237 105.38581929876693 52
    endloop
  endfacet
  facet normal -0.9807852804032311 0.19509032201612447 0
    outer loop
      vertex -38.61418070123307 103.42597485145237 50
      vertex -38.5 104 52
      vertex -38.5 104 50
    endloop
  endfacet
  facet normal -0.9807852804032311 -0.19509032201612447 0
    outer loop
      vertex -38.5 104 50
      vertex -38.61418070123307 104.57402514854763 52
      vertex -38.61418070123307 104.57402514854763 50
    endloop
  endfacet
  facet normal -0.8314696123025419 -0.555570233019607 0
    outer loop
      vertex -38.61418070123307 104.57402514854763 50
      vertex -38.93933982822018 105.06066017177982 52
      vertex -38.93933982822018 105.06066017177982 50
    endloop
  endfacet
  facet normal -0.19509032201612447 -0.9807852804032311 0
    outer loop
      vertex -39.42597485145237 105.38581929876693 50
      vertex -39.42597485145237 105.38581929876693 52
      vertex -40 105.5 52
    endloop
  endfacet
  facet normal -0.5555702330196098 -0.8314696123025402 0
    outer loop
      vertex -38.93933982822018 105.06066017177982 50
      vertex -38.93933982822018 105.06066017177982 52
      vertex -39.42597485145237 105.38581929876693 52
    endloop
  endfacet
  facet normal -0.9807852804032311 0.19509032201612447 0
    outer loop
      vertex -38.61418070123307 103.42597485145237 50
      vertex -38.61418070123307 103.42597485145237 52
      vertex -38.5 104 52
    endloop
  endfacet
  facet normal -0.9807852804032311 -0.19509032201612447 0
    outer loop
      vertex -38.5 104 50
      vertex -38.5 104 52
      vertex -38.61418070123307 104.57402514854763 52
    endloop
  endfacet
  facet normal -0.8314696123025419 -0.555570233019607 0
    outer loop
      vertex -38.61418070123307 104.57402514854763 50
      vertex -38.61418070123307 104.57402514854763 52
      vertex -38.93933982822018 105.06066017177982 52
    endloop
  endfacet
  facet normal 0.8314696123025419 0.555570233019607 0
    outer loop
      vertex -41.38581929876693 109.42597485145237 50
      vertex -41.06066017177982 108.93933982822018 52
      vertex -41.06066017177982 108.93933982822018 50
    endloop
  endfacet
  facet normal 0.9807852804032311 0.19509032201612447 0
    outer loop
      vertex -41.5 110 50
      vertex -41.38581929876693 109.42597485145237 52
      vertex -41.38581929876693 109.42597485145237 50
    endloop
  endfacet
  facet normal 0.9807852804032311 -0.19509032201612447 0
    outer loop
      vertex -41.38581929876693 110.57402514854763 50
      vertex -41.5 110 52
      vertex -41.5 110 50
    endloop
  endfacet
  facet normal 0.8314696123025419 -0.555570233019607 0
    outer loop
      vertex -41.06066017177982 111.06066017177982 50
      vertex -41.38581929876693 110.57402514854763 52
      vertex -41.38581929876693 110.57402514854763 50
    endloop
  endfacet
  facet normal 0.5555702330196098 0.8314696123025402 0
    outer loop
      vertex -40.57402514854763 108.61418070123307 50
      vertex -41.06066017177982 108.93933982822018 50
      vertex -40.57402514854763 108.61418070123307 52
    endloop
  endfacet
  facet normal 0.19509032201612447 0.9807852804032311 0
    outer loop
      vertex -40 108.5 50
      vertex -40.57402514854763 108.61418070123307 50
      vertex -40 108.5 52
    endloop
  endfacet
  facet normal 0.8314696123025419 0.555570233019607 0
    outer loop
      vertex -41.38581929876693 109.42597485145237 50
      vertex -41.38581929876693 109.42597485145237 52
      vertex -41.06066017177982 108.93933982822018 52
    endloop
  endfacet
  facet normal 0.9807852804032311 0.19509032201612447 0
    outer loop
      vertex -41.5 110 50
      vertex -41.5 110 52
      vertex -41.38581929876693 109.42597485145237 52
    endloop
  endfacet
  facet normal 0.9807852804032311 -0.19509032201612447 0
    outer loop
      vertex -41.38581929876693 110.57402514854763 50
      vertex -41.38581929876693 110.57402514854763 52
      vertex -41.5 110 52
    endloop
  endfacet
  facet normal 0.8314696123025419 -0.555570233019607 0
    outer loop
      vertex -41.06066017177982 111.06066017177982 50
      vertex -41.06066017177982 111.06066017177982 52
      vertex -41.38581929876693 110.57402514854763 52
    endloop
  endfacet
  facet normal 0.5555702330196098 0.8314696123025402 0
    outer loop
      vertex -41.06066017177982 108.93933982822018 50
      vertex -41.06066017177982 108.93933982822018 52
      vertex -40.57402514854763 108.61418070123307 52
    endloop
  endfacet
  facet normal 0.19509032201612447 0.9807852804032311 0
    outer loop
      vertex -40.57402514854763 108.61418070123307 50
      vertex -40.57402514854763 108.61418070123307 52
      vertex -40 108.5 52
    endloop
  endfacet
  facet normal 0.5555702330196098 -0.8314696123025402 0
    outer loop
      vertex -41.06066017177982 111.06066017177982 50
      vertex -40.57402514854763 111.38581929876693 50
      vertex -41.06066017177982 111.06066017177982 52
    endloop
  endfacet
  facet normal 0.19509032201612447 -0.9807852804032311 0
    outer loop
      vertex -40 111.5 50
      vertex -40.57402514854763 111.38581929876693 52
      vertex -40.57402514854763 111.38581929876693 50
    endloop
  endfacet
  facet normal 0.5555702330196098 -0.8314696123025402 0
    outer loop
      vertex -40.57402514854763 111.38581929876693 50
      vertex -40.57402514854763 111.38581929876693 52
      vertex -41.06066017177982 111.06066017177982 52
    endloop
  endfacet
  facet normal 0.19509032201612447 -0.9807852804032311 0
    outer loop
      vertex -40 111.5 50
      vertex -40 111.5 52
      vertex -40.57402514854763 111.38581929876693 52
    endloop
  endfacet
  facet normal -0.19509032201612447 0.9807852804032311 0
    outer loop
      vertex -39.42597485145237 108.61418070123307 50
      vertex -40 108.5 50
      vertex -39.42597485145237 108.61418070123307 52
    endloop
  endfacet
  facet normal -0.5555702330196098 0.8314696123025402 0
    outer loop
      vertex -38.93933982822018 108.93933982822018 50
      vertex -39.42597485145237 108.61418070123307 50
      vertex -38.93933982822018 108.93933982822018 52
    endloop
  endfacet
  facet normal -0.8314696123025419 0.555570233019607 0
    outer loop
      vertex -38.93933982822018 108.93933982822018 50
      vertex -38.61418070123307 109.42597485145237 52
      vertex -38.61418070123307 109.42597485145237 50
    endloop
  endfacet
  facet normal -0.9807852804032311 0.19509032201612447 0
    outer loop
      vertex -38.61418070123307 109.42597485145237 50
      vertex -38.5 110 52
      vertex -38.5 110 50
    endloop
  endfacet
  facet normal -0.9807852804032311 -0.19509032201612447 0
    outer loop
      vertex -38.5 110 50
      vertex -38.61418070123307 110.57402514854763 52
      vertex -38.61418070123307 110.57402514854763 50
    endloop
  endfacet
  facet normal -0.8314696123025419 -0.555570233019607 0
    outer loop
      vertex -38.61418070123307 110.57402514854763 50
      vertex -38.93933982822018 111.06066017177982 52
      vertex -38.93933982822018 111.06066017177982 50
    endloop
  endfacet
  facet normal -0.19509032201612447 0.9807852804032311 0
    outer loop
      vertex -40 108.5 50
      vertex -40 108.5 52
      vertex -39.42597485145237 108.61418070123307 52
    endloop
  endfacet
  facet normal -0.5555702330196098 0.8314696123025402 0
    outer loop
      vertex -39.42597485145237 108.61418070123307 50
      vertex -39.42597485145237 108.61418070123307 52
      vertex -38.93933982822018 108.93933982822018 52
    endloop
  endfacet
  facet normal -0.8314696123025419 0.555570233019607 0
    outer loop
      vertex -38.93933982822018 108.93933982822018 50
      vertex -38.93933982822018 108.93933982822018 52
      vertex -38.61418070123307 109.42597485145237 52
    endloop
  endfacet
  facet normal -0.9807852804032311 0.19509032201612447 0
    outer loop
      vertex -38.61418070123307 109.42597485145237 50
      vertex -38.61418070123307 109.42597485145237 52
      vertex -38.5 110 52
    endloop
  endfacet
  facet normal -0.9807852804032311 -0.19509032201612447 0
    outer loop
      vertex -38.5 110 50
      vertex -38.5 110 52
      vertex -38.61418070123307 110.57402514854763 52
    endloop
  endfacet
  facet normal -0.8314696123025419 -0.555570233019607 0
    outer loop
      vertex -38.61418070123307 110.57402514854763 50
      vertex -38.61418070123307 110.57402514854763 52
      vertex -38.93933982822018 111.06066017177982 52
    endloop
  endfacet
  facet normal -0.19509032201612447 -0.9807852804032311 0
    outer loop
      vertex -39.42597485145237 111.38581929876693 50
      vertex -40 111.5 52
      vertex -40 111.5 50
    endloop
  endfacet
  facet normal -0.5555702330196098 -0.8314696123025402 0
    outer loop
      vertex -38.93933982822018 111.06066017177982 50
      vertex -39.42597485145237 111.38581929876693 52
      vertex -39.42597485145237 111.38581929876693 50
    endloop
  endfacet
  facet normal -0.19509032201612447 -0.9807852804032311 0
    outer loop
      vertex -39.42597485145237 111.38581929876693 50
      vertex -39.42597485145237 111.38581929876693 52
      vertex -40 111.5 52
    endloop
  endfacet
  facet normal -0.5555702330196098 -0.8314696123025402 0
    outer loop
      vertex -38.93933982822018 111.06066017177982 50
      vertex -38.93933982822018 111.06066017177982 52
      vertex -39.42597485145237 111.38581929876693 52
    endloop
  endfacet
  facet normal 0.8314696123025419 0.555570233019607 0
    outer loop
      vertex -41.06066017177982 114.93933982822018 50
      vertex -41.38581929876693 115.42597485145237 50
      vertex -41.06066017177982 114.93933982822018 52
    endloop
  endfacet
  facet normal 0.9807852804032311 0.19509032201612447 0
    outer loop
      vertex -41.5 116 50
      vertex -41.38581929876693 115.42597485145237 52
      vertex -41.38581929876693 115.42597485145237 50
    endloop
  endfacet
  facet normal 0.9807852804032311 -0.19509032201612447 0
    outer loop
      vertex -41.38581929876693 116.57402514854763 50
      vertex -41.5 116 52
      vertex -41.5 116 50
    endloop
  endfacet
  facet normal 0.5555702330196098 0.8314696123025402 0
    outer loop
      vertex -40.57402514854763 114.61418070123307 50
      vertex -41.06066017177982 114.93933982822018 50
      vertex -40.57402514854763 114.61418070123307 52
    endloop
  endfacet
  facet normal 0.19509032201612447 0.9807852804032311 0
    outer loop
      vertex -40 114.5 50
      vertex -40.57402514854763 114.61418070123307 50
      vertex -40 114.5 52
    endloop
  endfacet
  facet normal 0.8314696123025419 0.555570233019607 0
    outer loop
      vertex -41.38581929876693 115.42597485145237 50
      vertex -41.38581929876693 115.42597485145237 52
      vertex -41.06066017177982 114.93933982822018 52
    endloop
  endfacet
  facet normal 0.9807852804032311 0.19509032201612447 0
    outer loop
      vertex -41.5 116 50
      vertex -41.5 116 52
      vertex -41.38581929876693 115.42597485145237 52
    endloop
  endfacet
  facet normal 0.5555702330196098 0.8314696123025402 0
    outer loop
      vertex -41.06066017177982 114.93933982822018 50
      vertex -41.06066017177982 114.93933982822018 52
      vertex -40.57402514854763 114.61418070123307 52
    endloop
  endfacet
  facet normal 0.19509032201612447 0.9807852804032311 0
    outer loop
      vertex -40.57402514854763 114.61418070123307 50
      vertex -40.57402514854763 114.61418070123307 52
      vertex -40 114.5 52
    endloop
  endfacet
  facet normal 0.8314696123025495 -0.5555702330195958 0
    outer loop
      vertex -41.06066017177982 117.06066017177983 50
      vertex -41.38581929876693 116.57402514854763 52
      vertex -41.38581929876693 116.57402514854763 50
    endloop
  endfacet
  facet normal 0.5555702330195931 -0.8314696123025513 0
    outer loop
      vertex -41.06066017177982 117.06066017177983 52
      vertex -41.06066017177982 117.06066017177983 50
      vertex -40.57402514854763 117.38581929876693 50
    endloop
  endfacet
  facet normal 0.19509032201612447 -0.9807852804032311 0
    outer loop
      vertex -40 117.5 50
      vertex -40.57402514854763 117.38581929876693 52
      vertex -40.57402514854763 117.38581929876693 50
    endloop
  endfacet
  facet normal 0.9807852804032311 -0.19509032201612447 0
    outer loop
      vertex -41.5 116 52
      vertex -41.38581929876693 116.57402514854763 50
      vertex -41.38581929876693 116.57402514854763 52
    endloop
  endfacet
  facet normal 0.8314696123025495 -0.5555702330195958 0
    outer loop
      vertex -41.38581929876693 116.57402514854763 52
      vertex -41.06066017177982 117.06066017177983 50
      vertex -41.06066017177982 117.06066017177983 52
    endloop
  endfacet
  facet normal 0.5555702330195931 -0.8314696123025513 0
    outer loop
      vertex -40.57402514854763 117.38581929876693 50
      vertex -40.57402514854763 117.38581929876693 52
      vertex -41.06066017177982 117.06066017177983 52
    endloop
  endfacet
  facet normal 0.19509032201612447 -0.9807852804032311 0
    outer loop
      vertex -40 117.5 50
      vertex -40 117.5 52
      vertex -40.57402514854763 117.38581929876693 52
    endloop
  endfacet
  facet normal -0.19509032201612447 0.9807852804032311 0
    outer loop
      vertex -39.42597485145237 114.61418070123307 50
      vertex -40 114.5 50
      vertex -39.42597485145237 114.61418070123307 52
    endloop
  endfacet
  facet normal -0.5555702330196098 0.8314696123025402 0
    outer loop
      vertex -38.93933982822018 114.93933982822018 50
      vertex -39.42597485145237 114.61418070123307 50
      vertex -38.93933982822018 114.93933982822018 52
    endloop
  endfacet
  facet normal -0.8314696123025419 0.555570233019607 0
    outer loop
      vertex -38.93933982822018 114.93933982822018 50
      vertex -38.61418070123307 115.42597485145237 52
      vertex -38.61418070123307 115.42597485145237 50
    endloop
  endfacet
  facet normal -0.9807852804032311 0.19509032201612447 0
    outer loop
      vertex -38.61418070123307 115.42597485145237 50
      vertex -38.5 116 52
      vertex -38.5 116 50
    endloop
  endfacet
  facet normal -0.19509032201612447 0.9807852804032311 0
    outer loop
      vertex -40 114.5 50
      vertex -40 114.5 52
      vertex -39.42597485145237 114.61418070123307 52
    endloop
  endfacet
  facet normal -0.5555702330196098 0.8314696123025402 0
    outer loop
      vertex -39.42597485145237 114.61418070123307 50
      vertex -39.42597485145237 114.61418070123307 52
      vertex -38.93933982822018 114.93933982822018 52
    endloop
  endfacet
  facet normal -0.8314696123025419 0.555570233019607 0
    outer loop
      vertex -38.93933982822018 114.93933982822018 50
      vertex -38.93933982822018 114.93933982822018 52
      vertex -38.61418070123307 115.42597485145237 52
    endloop
  endfacet
  facet normal -0.9807852804032311 0.19509032201612447 0
    outer loop
      vertex -38.61418070123307 115.42597485145237 50
      vertex -38.61418070123307 115.42597485145237 52
      vertex -38.5 116 52
    endloop
  endfacet
  facet normal -0.9807852804032311 -0.19509032201612447 0
    outer loop
      vertex -38.5 116 50
      vertex -38.5 116 52
      vertex -38.61418070123307 116.57402514854763 52
    endloop
  endfacet
  facet normal -0.19509032201612447 -0.9807852804032311 0
    outer loop
      vertex -40 117.5 50
      vertex -39.42597485145237 117.38581929876693 50
      vertex -40 117.5 52
    endloop
  endfacet
  facet normal -0.5555702330195931 -0.8314696123025513 0
    outer loop
      vertex -39.42597485145237 117.38581929876693 50
      vertex -38.93933982822018 117.06066017177983 50
      vertex -39.42597485145237 117.38581929876693 52
    endloop
  endfacet
  facet normal -0.9807852804032311 -0.19509032201612447 0
    outer loop
      vertex -38.5 116 50
      vertex -38.61418070123307 116.57402514854763 52
      vertex -38.61418070123307 116.57402514854763 50
    endloop
  endfacet
  facet normal -0.8314696123025495 -0.5555702330195958 0
    outer loop
      vertex -38.61418070123307 116.57402514854763 50
      vertex -38.93933982822018 117.06066017177983 52
      vertex -38.93933982822018 117.06066017177983 50
    endloop
  endfacet
  facet normal -0.19509032201612447 -0.9807852804032311 0
    outer loop
      vertex -39.42597485145237 117.38581929876693 50
      vertex -39.42597485145237 117.38581929876693 52
      vertex -40 117.5 52
    endloop
  endfacet
  facet normal -0.5555702330195931 -0.8314696123025513 0
    outer loop
      vertex -38.93933982822018 117.06066017177983 50
      vertex -38.93933982822018 117.06066017177983 52
      vertex -39.42597485145237 117.38581929876693 52
    endloop
  endfacet
  facet normal -0.8314696123025495 -0.5555702330195958 0
    outer loop
      vertex -38.61418070123307 116.57402514854763 50
      vertex -38.61418070123307 116.57402514854763 52
      vertex -38.93933982822018 117.06066017177983 52
    endloop
  endfacet
  facet normal 0.8314696123025495 0.5555702330195958 0
    outer loop
      vertex -41.06066017177982 120.93933982822017 50
      vertex -41.38581929876693 121.42597485145237 50
      vertex -41.06066017177982 120.93933982822017 52
    endloop
  endfacet
  facet normal 0.5555702330195931 0.8314696123025513 0
    outer loop
      vertex -40.57402514854763 120.61418070123307 50
      vertex -41.06066017177982 120.93933982822017 50
      vertex -40.57402514854763 120.61418070123307 52
    endloop
  endfacet
  facet normal 0.19509032201612447 0.9807852804032311 0
    outer loop
      vertex -40 120.5 50
      vertex -40.57402514854763 120.61418070123307 50
      vertex -40 120.5 52
    endloop
  endfacet
  facet normal 0.8314696123025495 0.5555702330195958 0
    outer loop
      vertex -41.38581929876693 121.42597485145237 50
      vertex -41.38581929876693 121.42597485145237 52
      vertex -41.06066017177982 120.93933982822017 52
    endloop
  endfacet
  facet normal 0.5555702330195931 0.8314696123025513 0
    outer loop
      vertex -41.06066017177982 120.93933982822017 50
      vertex -41.06066017177982 120.93933982822017 52
      vertex -40.57402514854763 120.61418070123307 52
    endloop
  endfacet
  facet normal 0.19509032201612447 0.9807852804032311 0
    outer loop
      vertex -40.57402514854763 120.61418070123307 50
      vertex -40.57402514854763 120.61418070123307 52
      vertex -40 120.5 52
    endloop
  endfacet
  facet normal -0.19509032201612447 0.9807852804032311 0
    outer loop
      vertex -39.42597485145237 120.61418070123307 50
      vertex -40 120.5 50
      vertex -39.42597485145237 120.61418070123307 52
    endloop
  endfacet
  facet normal -0.5555702330195931 0.8314696123025513 0
    outer loop
      vertex -38.93933982822018 120.93933982822017 50
      vertex -39.42597485145237 120.61418070123307 50
      vertex -38.93933982822018 120.93933982822017 52
    endloop
  endfacet
  facet normal -0.8314696123025495 0.5555702330195958 0
    outer loop
      vertex -38.93933982822018 120.93933982822017 50
      vertex -38.61418070123307 121.42597485145237 52
      vertex -38.61418070123307 121.42597485145237 50
    endloop
  endfacet
  facet normal -0.19509032201612447 0.9807852804032311 0
    outer loop
      vertex -40 120.5 50
      vertex -40 120.5 52
      vertex -39.42597485145237 120.61418070123307 52
    endloop
  endfacet
  facet normal -0.5555702330195931 0.8314696123025513 0
    outer loop
      vertex -39.42597485145237 120.61418070123307 50
      vertex -39.42597485145237 120.61418070123307 52
      vertex -38.93933982822018 120.93933982822017 52
    endloop
  endfacet
  facet normal -0.8314696123025495 0.5555702330195958 0
    outer loop
      vertex -38.93933982822018 120.93933982822017 50
      vertex -38.93933982822018 120.93933982822017 52
      vertex -38.61418070123307 121.42597485145237 52
    endloop
  endfacet
  facet normal 0.9807852804032311 0.19509032201612447 0
    outer loop
      vertex -41.5 122 50
      vertex -41.38581929876693 121.42597485145237 52
      vertex -41.38581929876693 121.42597485145237 50
    endloop
  endfacet
  facet normal 0.9807852804032311 -0.19509032201612447 0
    outer loop
      vertex -41.38581929876693 122.57402514854763 50
      vertex -41.5 122 52
      vertex -41.5 122 50
    endloop
  endfacet
  facet normal 0.8314696123025495 -0.5555702330195958 0
    outer loop
      vertex -41.06066017177982 123.06066017177983 50
      vertex -41.38581929876693 122.57402514854763 52
      vertex -41.38581929876693 122.57402514854763 50
    endloop
  endfacet
  facet normal 0.5555702330195931 -0.8314696123025513 0
    outer loop
      vertex -41.06066017177982 123.06066017177983 50
      vertex -40.57402514854763 123.38581929876693 50
      vertex -41.06066017177982 123.06066017177983 52
    endloop
  endfacet
  facet normal 0.19509032201612447 -0.9807852804032311 0
    outer loop
      vertex -40.57402514854763 123.38581929876693 50
      vertex -40 123.5 50
      vertex -40.57402514854763 123.38581929876693 52
    endloop
  endfacet
  facet normal 0.9807852804032311 0.19509032201612447 0
    outer loop
      vertex -41.5 122 50
      vertex -41.5 122 52
      vertex -41.38581929876693 121.42597485145237 52
    endloop
  endfacet
  facet normal 0.9807852804032311 -0.19509032201612447 0
    outer loop
      vertex -41.38581929876693 122.57402514854763 50
      vertex -41.38581929876693 122.57402514854763 52
      vertex -41.5 122 52
    endloop
  endfacet
  facet normal 0.8314696123025495 -0.5555702330195958 0
    outer loop
      vertex -41.06066017177982 123.06066017177983 50
      vertex -41.06066017177982 123.06066017177983 52
      vertex -41.38581929876693 122.57402514854763 52
    endloop
  endfacet
  facet normal 0.5555702330195931 -0.8314696123025513 0
    outer loop
      vertex -40.57402514854763 123.38581929876693 50
      vertex -40.57402514854763 123.38581929876693 52
      vertex -41.06066017177982 123.06066017177983 52
    endloop
  endfacet
  facet normal 0.19509032201612447 -0.9807852804032311 0
    outer loop
      vertex -40 123.5 50
      vertex -40 123.5 52
      vertex -40.57402514854763 123.38581929876693 52
    endloop
  endfacet
  facet normal -0.19509032201612447 -0.9807852804032311 0
    outer loop
      vertex -40 123.5 50
      vertex -39.42597485145237 123.38581929876693 50
      vertex -40 123.5 52
    endloop
  endfacet
  facet normal -0.5555702330195931 -0.8314696123025513 0
    outer loop
      vertex -39.42597485145237 123.38581929876693 50
      vertex -38.93933982822018 123.06066017177983 50
      vertex -39.42597485145237 123.38581929876693 52
    endloop
  endfacet
  facet normal -0.9807852804032311 0.19509032201612447 0
    outer loop
      vertex -38.61418070123307 121.42597485145237 50
      vertex -38.5 122 52
      vertex -38.5 122 50
    endloop
  endfacet
  facet normal -0.9807852804032311 -0.19509032201612447 0
    outer loop
      vertex -38.5 122 50
      vertex -38.61418070123307 122.57402514854763 52
      vertex -38.61418070123307 122.57402514854763 50
    endloop
  endfacet
  facet normal -0.8314696123025495 -0.5555702330195958 0
    outer loop
      vertex -38.61418070123307 122.57402514854763 50
      vertex -38.93933982822018 123.06066017177983 52
      vertex -38.93933982822018 123.06066017177983 50
    endloop
  endfacet
  facet normal -0.19509032201612447 -0.9807852804032311 0
    outer loop
      vertex -39.42597485145237 123.38581929876693 50
      vertex -39.42597485145237 123.38581929876693 52
      vertex -40 123.5 52
    endloop
  endfacet
  facet normal -0.5555702330195931 -0.8314696123025513 0
    outer loop
      vertex -38.93933982822018 123.06066017177983 50
      vertex -38.93933982822018 123.06066017177983 52
      vertex -39.42597485145237 123.38581929876693 52
    endloop
  endfacet
  facet normal -0.9807852804032311 0.19509032201612447 0
    outer loop
      vertex -38.61418070123307 121.42597485145237 50
      vertex -38.61418070123307 121.42597485145237 52
      vertex -38.5 122 52
    endloop
  endfacet
  facet normal -0.9807852804032311 -0.19509032201612447 0
    outer loop
      vertex -38.5 122 50
      vertex -38.5 122 52
      vertex -38.61418070123307 122.57402514854763 52
    endloop
  endfacet
  facet normal -0.8314696123025495 -0.5555702330195958 0
    outer loop
      vertex -38.61418070123307 122.57402514854763 50
      vertex -38.61418070123307 122.57402514854763 52
      vertex -38.93933982822018 123.06066017177983 52
    endloop
  endfacet
  facet normal 0.8314696123025419 0.555570233019607 0
    outer loop
      vertex -47.06066017177982 102.93933982822018 50
      vertex -47.38581929876693 103.42597485145237 50
      vertex -47.06066017177982 102.93933982822018 52
    endloop
  endfacet
  facet normal 0.5555702330196098 0.8314696123025402 0
    outer loop
      vertex -46.57402514854763 102.61418070123307 50
      vertex -47.06066017177982 102.93933982822018 50
      vertex -46.57402514854763 102.61418070123307 52
    endloop
  endfacet
  facet normal 0.19509032201612447 0.9807852804032311 0
    outer loop
      vertex -46 102.5 50
      vertex -46.57402514854763 102.61418070123307 50
      vertex -46 102.5 52
    endloop
  endfacet
  facet normal 0.8314696123025419 0.555570233019607 0
    outer loop
      vertex -47.38581929876693 103.42597485145237 50
      vertex -47.38581929876693 103.42597485145237 52
      vertex -47.06066017177982 102.93933982822018 52
    endloop
  endfacet
  facet normal 0.5555702330196098 0.8314696123025402 0
    outer loop
      vertex -47.06066017177982 102.93933982822018 50
      vertex -47.06066017177982 102.93933982822018 52
      vertex -46.57402514854763 102.61418070123307 52
    endloop
  endfacet
  facet normal 0.19509032201612447 0.9807852804032311 0
    outer loop
      vertex -46.57402514854763 102.61418070123307 50
      vertex -46.57402514854763 102.61418070123307 52
      vertex -46 102.5 52
    endloop
  endfacet
  facet normal 0.9807852804032311 0.19509032201612447 0
    outer loop
      vertex -47.5 104 50
      vertex -47.38581929876693 103.42597485145237 52
      vertex -47.38581929876693 103.42597485145237 50
    endloop
  endfacet
  facet normal 0.9807852804032311 -0.19509032201612447 0
    outer loop
      vertex -47.38581929876693 104.57402514854763 50
      vertex -47.5 104 52
      vertex -47.5 104 50
    endloop
  endfacet
  facet normal 0.8314696123025419 -0.555570233019607 0
    outer loop
      vertex -47.06066017177982 105.06066017177982 50
      vertex -47.38581929876693 104.57402514854763 52
      vertex -47.38581929876693 104.57402514854763 50
    endloop
  endfacet
  facet normal 0.5555702330196098 -0.8314696123025402 0
    outer loop
      vertex -46.57402514854763 105.38581929876693 50
      vertex -47.06066017177982 105.06066017177982 52
      vertex -47.06066017177982 105.06066017177982 50
    endloop
  endfacet
  facet normal 0.19509032201612447 -0.9807852804032311 0
    outer loop
      vertex -46.57402514854763 105.38581929876693 50
      vertex -46 105.5 50
      vertex -46.57402514854763 105.38581929876693 52
    endloop
  endfacet
  facet normal 0.9807852804032311 0.19509032201612447 0
    outer loop
      vertex -47.5 104 50
      vertex -47.5 104 52
      vertex -47.38581929876693 103.42597485145237 52
    endloop
  endfacet
  facet normal 0.9807852804032311 -0.19509032201612447 0
    outer loop
      vertex -47.38581929876693 104.57402514854763 50
      vertex -47.38581929876693 104.57402514854763 52
      vertex -47.5 104 52
    endloop
  endfacet
  facet normal 0.8314696123025419 -0.555570233019607 0
    outer loop
      vertex -47.06066017177982 105.06066017177982 50
      vertex -47.06066017177982 105.06066017177982 52
      vertex -47.38581929876693 104.57402514854763 52
    endloop
  endfacet
  facet normal 0.5555702330196098 -0.8314696123025402 0
    outer loop
      vertex -46.57402514854763 105.38581929876693 50
      vertex -46.57402514854763 105.38581929876693 52
      vertex -47.06066017177982 105.06066017177982 52
    endloop
  endfacet
  facet normal 0.19509032201612447 -0.9807852804032311 0
    outer loop
      vertex -46 105.5 50
      vertex -46 105.5 52
      vertex -46.57402514854763 105.38581929876693 52
    endloop
  endfacet
  facet normal -0.19509032201612447 0.9807852804032311 0
    outer loop
      vertex -45.42597485145237 102.61418070123307 50
      vertex -46 102.5 50
      vertex -45.42597485145237 102.61418070123307 52
    endloop
  endfacet
  facet normal -0.5555702330196098 0.8314696123025402 0
    outer loop
      vertex -45.42597485145237 102.61418070123307 50
      vertex -44.93933982822018 102.93933982822018 52
      vertex -44.93933982822018 102.93933982822018 50
    endloop
  endfacet
  facet normal -0.8314696123025419 0.555570233019607 0
    outer loop
      vertex -44.93933982822018 102.93933982822018 50
      vertex -44.61418070123307 103.42597485145237 52
      vertex -44.61418070123307 103.42597485145237 50
    endloop
  endfacet
  facet normal -0.19509032201612447 0.9807852804032311 0
    outer loop
      vertex -46 102.5 50
      vertex -46 102.5 52
      vertex -45.42597485145237 102.61418070123307 52
    endloop
  endfacet
  facet normal -0.5555702330196098 0.8314696123025402 0
    outer loop
      vertex -45.42597485145237 102.61418070123307 50
      vertex -45.42597485145237 102.61418070123307 52
      vertex -44.93933982822018 102.93933982822018 52
    endloop
  endfacet
  facet normal -0.8314696123025419 0.555570233019607 0
    outer loop
      vertex -44.93933982822018 102.93933982822018 50
      vertex -44.93933982822018 102.93933982822018 52
      vertex -44.61418070123307 103.42597485145237 52
    endloop
  endfacet
  facet normal -0.19509032201612447 -0.9807852804032311 0
    outer loop
      vertex -45.42597485145237 105.38581929876693 50
      vertex -46 105.5 52
      vertex -46 105.5 50
    endloop
  endfacet
  facet normal -0.5555702330196098 -0.8314696123025402 0
    outer loop
      vertex -45.42597485145237 105.38581929876693 50
      vertex -44.93933982822018 105.06066017177982 50
      vertex -45.42597485145237 105.38581929876693 52
    endloop
  endfacet
  facet normal -0.9807852804032311 0.19509032201612447 0
    outer loop
      vertex -44.61418070123307 103.42597485145237 50
      vertex -44.5 104 52
      vertex -44.5 104 50
    endloop
  endfacet
  facet normal -0.9807852804032311 -0.19509032201612447 0
    outer loop
      vertex -44.5 104 50
      vertex -44.61418070123307 104.57402514854763 52
      vertex -44.61418070123307 104.57402514854763 50
    endloop
  endfacet
  facet normal -0.8314696123025419 -0.555570233019607 0
    outer loop
      vertex -44.61418070123307 104.57402514854763 50
      vertex -44.93933982822018 105.06066017177982 52
      vertex -44.93933982822018 105.06066017177982 50
    endloop
  endfacet
  facet normal -0.19509032201612447 -0.9807852804032311 0
    outer loop
      vertex -45.42597485145237 105.38581929876693 50
      vertex -45.42597485145237 105.38581929876693 52
      vertex -46 105.5 52
    endloop
  endfacet
  facet normal -0.5555702330196098 -0.8314696123025402 0
    outer loop
      vertex -44.93933982822018 105.06066017177982 50
      vertex -44.93933982822018 105.06066017177982 52
      vertex -45.42597485145237 105.38581929876693 52
    endloop
  endfacet
  facet normal -0.9807852804032311 0.19509032201612447 0
    outer loop
      vertex -44.61418070123307 103.42597485145237 50
      vertex -44.61418070123307 103.42597485145237 52
      vertex -44.5 104 52
    endloop
  endfacet
  facet normal -0.9807852804032311 -0.19509032201612447 0
    outer loop
      vertex -44.5 104 50
      vertex -44.5 104 52
      vertex -44.61418070123307 104.57402514854763 52
    endloop
  endfacet
  facet normal -0.8314696123025419 -0.555570233019607 0
    outer loop
      vertex -44.61418070123307 104.57402514854763 50
      vertex -44.61418070123307 104.57402514854763 52
      vertex -44.93933982822018 105.06066017177982 52
    endloop
  endfacet
  facet normal 0.8314696123025419 0.555570233019607 0
    outer loop
      vertex -47.06066017177982 108.93933982822018 50
      vertex -47.38581929876693 109.42597485145237 50
      vertex -47.06066017177982 108.93933982822018 52
    endloop
  endfacet
  facet normal 0.9807852804032311 0.19509032201612447 0
    outer loop
      vertex -47.5 110 50
      vertex -47.38581929876693 109.42597485145237 52
      vertex -47.38581929876693 109.42597485145237 50
    endloop
  endfacet
  facet normal 0.9807852804032311 -0.19509032201612447 0
    outer loop
      vertex -47.38581929876693 110.57402514854763 50
      vertex -47.5 110 52
      vertex -47.5 110 50
    endloop
  endfacet
  facet normal 0.8314696123025419 -0.555570233019607 0
    outer loop
      vertex -47.06066017177982 111.06066017177982 50
      vertex -47.38581929876693 110.57402514854763 52
      vertex -47.38581929876693 110.57402514854763 50
    endloop
  endfacet
  facet normal 0.5555702330196098 0.8314696123025402 0
    outer loop
      vertex -46.57402514854763 108.61418070123307 50
      vertex -47.06066017177982 108.93933982822018 50
      vertex -46.57402514854763 108.61418070123307 52
    endloop
  endfacet
  facet normal 0.19509032201612447 0.9807852804032311 0
    outer loop
      vertex -46 108.5 50
      vertex -46.57402514854763 108.61418070123307 50
      vertex -46 108.5 52
    endloop
  endfacet
  facet normal 0.8314696123025419 0.555570233019607 0
    outer loop
      vertex -47.38581929876693 109.42597485145237 50
      vertex -47.38581929876693 109.42597485145237 52
      vertex -47.06066017177982 108.93933982822018 52
    endloop
  endfacet
  facet normal 0.9807852804032311 0.19509032201612447 0
    outer loop
      vertex -47.38581929876693 109.42597485145237 52
      vertex -47.5 110 50
      vertex -47.5 110 52
    endloop
  endfacet
  facet normal 0.9807852804032311 -0.19509032201612447 0
    outer loop
      vertex -47.38581929876693 110.57402514854763 50
      vertex -47.38581929876693 110.57402514854763 52
      vertex -47.5 110 52
    endloop
  endfacet
  facet normal 0.8314696123025419 -0.555570233019607 0
    outer loop
      vertex -47.06066017177982 111.06066017177982 50
      vertex -47.06066017177982 111.06066017177982 52
      vertex -47.38581929876693 110.57402514854763 52
    endloop
  endfacet
  facet normal 0.5555702330196098 0.8314696123025402 0
    outer loop
      vertex -47.06066017177982 108.93933982822018 50
      vertex -47.06066017177982 108.93933982822018 52
      vertex -46.57402514854763 108.61418070123307 52
    endloop
  endfacet
  facet normal 0.19509032201612447 0.9807852804032311 0
    outer loop
      vertex -46.57402514854763 108.61418070123307 50
      vertex -46.57402514854763 108.61418070123307 52
      vertex -46 108.5 52
    endloop
  endfacet
  facet normal -0.19509032201612447 0.9807852804032311 0
    outer loop
      vertex -45.42597485145237 108.61418070123307 50
      vertex -46 108.5 50
      vertex -45.42597485145237 108.61418070123307 52
    endloop
  endfacet
  facet normal -0.5555702330196098 0.8314696123025402 0
    outer loop
      vertex -45.42597485145237 108.61418070123307 50
      vertex -44.93933982822018 108.93933982822018 52
      vertex -44.93933982822018 108.93933982822018 50
    endloop
  endfacet
  facet normal -0.8314696123025419 0.555570233019607 0
    outer loop
      vertex -44.93933982822018 108.93933982822018 50
      vertex -44.61418070123307 109.42597485145237 52
      vertex -44.61418070123307 109.42597485145237 50
    endloop
  endfacet
  facet normal -0.9807852804032311 0.19509032201612447 0
    outer loop
      vertex -44.61418070123307 109.42597485145237 50
      vertex -44.5 110 52
      vertex -44.5 110 50
    endloop
  endfacet
  facet normal -0.9807852804032311 -0.19509032201612447 0
    outer loop
      vertex -44.5 110 50
      vertex -44.61418070123307 110.57402514854763 52
      vertex -44.61418070123307 110.57402514854763 50
    endloop
  endfacet
  facet normal -0.8314696123025419 -0.555570233019607 0
    outer loop
      vertex -44.61418070123307 110.57402514854763 50
      vertex -44.93933982822018 111.06066017177982 52
      vertex -44.93933982822018 111.06066017177982 50
    endloop
  endfacet
  facet normal -0.19509032201612447 0.9807852804032311 0
    outer loop
      vertex -46 108.5 50
      vertex -46 108.5 52
      vertex -45.42597485145237 108.61418070123307 52
    endloop
  endfacet
  facet normal -0.5555702330196098 0.8314696123025402 0
    outer loop
      vertex -45.42597485145237 108.61418070123307 50
      vertex -45.42597485145237 108.61418070123307 52
      vertex -44.93933982822018 108.93933982822018 52
    endloop
  endfacet
  facet normal -0.8314696123025419 0.555570233019607 0
    outer loop
      vertex -44.93933982822018 108.93933982822018 50
      vertex -44.93933982822018 108.93933982822018 52
      vertex -44.61418070123307 109.42597485145237 52
    endloop
  endfacet
  facet normal -0.9807852804032311 0.19509032201612447 0
    outer loop
      vertex -44.61418070123307 109.42597485145237 50
      vertex -44.61418070123307 109.42597485145237 52
      vertex -44.5 110 52
    endloop
  endfacet
  facet normal -0.9807852804032311 -0.19509032201612447 0
    outer loop
      vertex -44.5 110 50
      vertex -44.5 110 52
      vertex -44.61418070123307 110.57402514854763 52
    endloop
  endfacet
  facet normal -0.8314696123025419 -0.555570233019607 0
    outer loop
      vertex -44.61418070123307 110.57402514854763 50
      vertex -44.61418070123307 110.57402514854763 52
      vertex -44.93933982822018 111.06066017177982 52
    endloop
  endfacet
  facet normal 0.5555702330196098 -0.8314696123025402 0
    outer loop
      vertex -47.06066017177982 111.06066017177982 50
      vertex -46.57402514854763 111.38581929876693 50
      vertex -47.06066017177982 111.06066017177982 52
    endloop
  endfacet
  facet normal 0.19509032201612447 -0.9807852804032311 0
    outer loop
      vertex -46 111.5 50
      vertex -46.57402514854763 111.38581929876693 52
      vertex -46.57402514854763 111.38581929876693 50
    endloop
  endfacet
  facet normal 0.5555702330196098 -0.8314696123025402 0
    outer loop
      vertex -46.57402514854763 111.38581929876693 50
      vertex -46.57402514854763 111.38581929876693 52
      vertex -47.06066017177982 111.06066017177982 52
    endloop
  endfacet
  facet normal 0.19509032201612447 -0.9807852804032311 0
    outer loop
      vertex -46 111.5 50
      vertex -46 111.5 52
      vertex -46.57402514854763 111.38581929876693 52
    endloop
  endfacet
  facet normal -0.19509032201612447 -0.9807852804032311 0
    outer loop
      vertex -45.42597485145237 111.38581929876693 50
      vertex -46 111.5 52
      vertex -46 111.5 50
    endloop
  endfacet
  facet normal -0.5555702330196098 -0.8314696123025402 0
    outer loop
      vertex -45.42597485145237 111.38581929876693 50
      vertex -44.93933982822018 111.06066017177982 50
      vertex -45.42597485145237 111.38581929876693 52
    endloop
  endfacet
  facet normal -0.19509032201612447 -0.9807852804032311 0
    outer loop
      vertex -45.42597485145237 111.38581929876693 50
      vertex -45.42597485145237 111.38581929876693 52
      vertex -46 111.5 52
    endloop
  endfacet
  facet normal -0.5555702330196098 -0.8314696123025402 0
    outer loop
      vertex -44.93933982822018 111.06066017177982 50
      vertex -44.93933982822018 111.06066017177982 52
      vertex -45.42597485145237 111.38581929876693 52
    endloop
  endfacet
  facet normal 0.8314696123025419 0.555570233019607 0
    outer loop
      vertex -47.06066017177982 114.93933982822018 50
      vertex -47.38581929876693 115.42597485145237 50
      vertex -47.06066017177982 114.93933982822018 52
    endloop
  endfacet
  facet normal 0.9807852804032311 0.19509032201612447 0
    outer loop
      vertex -47.5 116 50
      vertex -47.38581929876693 115.42597485145237 52
      vertex -47.38581929876693 115.42597485145237 50
    endloop
  endfacet
  facet normal 0.9807852804032311 -0.19509032201612447 0
    outer loop
      vertex -47.38581929876693 116.57402514854763 50
      vertex -47.5 116 52
      vertex -47.5 116 50
    endloop
  endfacet
  facet normal 0.5555702330196098 0.8314696123025402 0
    outer loop
      vertex -46.57402514854763 114.61418070123307 50
      vertex -47.06066017177982 114.93933982822018 50
      vertex -46.57402514854763 114.61418070123307 52
    endloop
  endfacet
  facet normal 0.19509032201612447 0.9807852804032311 0
    outer loop
      vertex -46 114.5 50
      vertex -46.57402514854763 114.61418070123307 50
      vertex -46 114.5 52
    endloop
  endfacet
  facet normal 0.8314696123025419 0.555570233019607 0
    outer loop
      vertex -47.38581929876693 115.42597485145237 50
      vertex -47.38581929876693 115.42597485145237 52
      vertex -47.06066017177982 114.93933982822018 52
    endloop
  endfacet
  facet normal 0.9807852804032311 0.19509032201612447 0
    outer loop
      vertex -47.5 116 50
      vertex -47.5 116 52
      vertex -47.38581929876693 115.42597485145237 52
    endloop
  endfacet
  facet normal 0.5555702330196098 0.8314696123025402 0
    outer loop
      vertex -47.06066017177982 114.93933982822018 50
      vertex -47.06066017177982 114.93933982822018 52
      vertex -46.57402514854763 114.61418070123307 52
    endloop
  endfacet
  facet normal 0.19509032201612447 0.9807852804032311 0
    outer loop
      vertex -46.57402514854763 114.61418070123307 50
      vertex -46.57402514854763 114.61418070123307 52
      vertex -46 114.5 52
    endloop
  endfacet
  facet normal -0.19509032201612447 0.9807852804032311 0
    outer loop
      vertex -45.42597485145237 114.61418070123307 50
      vertex -46 114.5 50
      vertex -45.42597485145237 114.61418070123307 52
    endloop
  endfacet
  facet normal -0.5555702330196098 0.8314696123025402 0
    outer loop
      vertex -45.42597485145237 114.61418070123307 50
      vertex -44.93933982822018 114.93933982822018 52
      vertex -44.93933982822018 114.93933982822018 50
    endloop
  endfacet
  facet normal -0.8314696123025419 0.555570233019607 0
    outer loop
      vertex -44.93933982822018 114.93933982822018 50
      vertex -44.61418070123307 115.42597485145237 52
      vertex -44.61418070123307 115.42597485145237 50
    endloop
  endfacet
  facet normal -0.9807852804032311 0.19509032201612447 0
    outer loop
      vertex -44.61418070123307 115.42597485145237 50
      vertex -44.5 116 52
      vertex -44.5 116 50
    endloop
  endfacet
  facet normal -0.19509032201612447 0.9807852804032311 0
    outer loop
      vertex -46 114.5 50
      vertex -46 114.5 52
      vertex -45.42597485145237 114.61418070123307 52
    endloop
  endfacet
  facet normal -0.5555702330196098 0.8314696123025402 0
    outer loop
      vertex -45.42597485145237 114.61418070123307 50
      vertex -45.42597485145237 114.61418070123307 52
      vertex -44.93933982822018 114.93933982822018 52
    endloop
  endfacet
  facet normal -0.8314696123025419 0.555570233019607 0
    outer loop
      vertex -44.93933982822018 114.93933982822018 50
      vertex -44.93933982822018 114.93933982822018 52
      vertex -44.61418070123307 115.42597485145237 52
    endloop
  endfacet
  facet normal -0.9807852804032311 0.19509032201612447 0
    outer loop
      vertex -44.61418070123307 115.42597485145237 50
      vertex -44.61418070123307 115.42597485145237 52
      vertex -44.5 116 52
    endloop
  endfacet
  facet normal -0.9807852804032311 -0.19509032201612447 0
    outer loop
      vertex -44.5 116 50
      vertex -44.5 116 52
      vertex -44.61418070123307 116.57402514854763 52
    endloop
  endfacet
  facet normal 0.8314696123025495 -0.5555702330195958 0
    outer loop
      vertex -47.06066017177982 117.06066017177983 50
      vertex -47.38581929876693 116.57402514854763 52
      vertex -47.38581929876693 116.57402514854763 50
    endloop
  endfacet
  facet normal 0.5555702330195931 -0.8314696123025513 0
    outer loop
      vertex -47.06066017177982 117.06066017177983 50
      vertex -46.57402514854763 117.38581929876693 50
      vertex -47.06066017177982 117.06066017177983 52
    endloop
  endfacet
  facet normal 0.19509032201612447 -0.9807852804032311 0
    outer loop
      vertex -46.57402514854763 117.38581929876693 50
      vertex -46 117.5 50
      vertex -46.57402514854763 117.38581929876693 52
    endloop
  endfacet
  facet normal 0.9807852804032311 -0.19509032201612447 0
    outer loop
      vertex -47.38581929876693 116.57402514854763 50
      vertex -47.38581929876693 116.57402514854763 52
      vertex -47.5 116 52
    endloop
  endfacet
  facet normal 0.8314696123025495 -0.5555702330195958 0
    outer loop
      vertex -47.06066017177982 117.06066017177983 50
      vertex -47.06066017177982 117.06066017177983 52
      vertex -47.38581929876693 116.57402514854763 52
    endloop
  endfacet
  facet normal 0.5555702330195931 -0.8314696123025513 0
    outer loop
      vertex -46.57402514854763 117.38581929876693 50
      vertex -46.57402514854763 117.38581929876693 52
      vertex -47.06066017177982 117.06066017177983 52
    endloop
  endfacet
  facet normal 0.19509032201612447 -0.9807852804032311 0
    outer loop
      vertex -46 117.5 50
      vertex -46 117.5 52
      vertex -46.57402514854763 117.38581929876693 52
    endloop
  endfacet
  facet normal -0.19509032201612447 -0.9807852804032311 0
    outer loop
      vertex -46 117.5 50
      vertex -45.42597485145237 117.38581929876693 50
      vertex -46 117.5 52
    endloop
  endfacet
  facet normal -0.5555702330195931 -0.8314696123025513 0
    outer loop
      vertex -45.42597485145237 117.38581929876693 50
      vertex -44.93933982822018 117.06066017177983 50
      vertex -45.42597485145237 117.38581929876693 52
    endloop
  endfacet
  facet normal -0.9807852804032311 -0.19509032201612447 0
    outer loop
      vertex -44.5 116 50
      vertex -44.61418070123307 116.57402514854763 52
      vertex -44.61418070123307 116.57402514854763 50
    endloop
  endfacet
  facet normal -0.8314696123025495 -0.5555702330195958 0
    outer loop
      vertex -44.61418070123307 116.57402514854763 50
      vertex -44.93933982822018 117.06066017177983 52
      vertex -44.93933982822018 117.06066017177983 50
    endloop
  endfacet
  facet normal -0.19509032201612447 -0.9807852804032311 0
    outer loop
      vertex -45.42597485145237 117.38581929876693 50
      vertex -45.42597485145237 117.38581929876693 52
      vertex -46 117.5 52
    endloop
  endfacet
  facet normal -0.5555702330195931 -0.8314696123025513 0
    outer loop
      vertex -44.93933982822018 117.06066017177983 50
      vertex -44.93933982822018 117.06066017177983 52
      vertex -45.42597485145237 117.38581929876693 52
    endloop
  endfacet
  facet normal -0.8314696123025495 -0.5555702330195958 0
    outer loop
      vertex -44.61418070123307 116.57402514854763 50
      vertex -44.61418070123307 116.57402514854763 52
      vertex -44.93933982822018 117.06066017177983 52
    endloop
  endfacet
  facet normal 0.8314696123025495 0.5555702330195958 0
    outer loop
      vertex -47.06066017177982 120.93933982822017 50
      vertex -47.38581929876693 121.42597485145237 50
      vertex -47.06066017177982 120.93933982822017 52
    endloop
  endfacet
  facet normal 0.5555702330195931 0.8314696123025513 0
    outer loop
      vertex -46.57402514854763 120.61418070123307 50
      vertex -47.06066017177982 120.93933982822017 50
      vertex -46.57402514854763 120.61418070123307 52
    endloop
  endfacet
  facet normal 0.19509032201612447 0.9807852804032311 0
    outer loop
      vertex -46 120.5 50
      vertex -46.57402514854763 120.61418070123307 50
      vertex -46 120.5 52
    endloop
  endfacet
  facet normal 0.8314696123025495 0.5555702330195958 0
    outer loop
      vertex -47.38581929876693 121.42597485145237 50
      vertex -47.38581929876693 121.42597485145237 52
      vertex -47.06066017177982 120.93933982822017 52
    endloop
  endfacet
  facet normal 0.5555702330195931 0.8314696123025513 0
    outer loop
      vertex -47.06066017177982 120.93933982822017 50
      vertex -47.06066017177982 120.93933982822017 52
      vertex -46.57402514854763 120.61418070123307 52
    endloop
  endfacet
  facet normal 0.19509032201612447 0.9807852804032311 0
    outer loop
      vertex -46.57402514854763 120.61418070123307 50
      vertex -46.57402514854763 120.61418070123307 52
      vertex -46 120.5 52
    endloop
  endfacet
  facet normal -0.19509032201612447 0.9807852804032311 0
    outer loop
      vertex -45.42597485145237 120.61418070123307 50
      vertex -46 120.5 50
      vertex -45.42597485145237 120.61418070123307 52
    endloop
  endfacet
  facet normal -0.5555702330195931 0.8314696123025513 0
    outer loop
      vertex -45.42597485145237 120.61418070123307 50
      vertex -44.93933982822018 120.93933982822017 52
      vertex -44.93933982822018 120.93933982822017 50
    endloop
  endfacet
  facet normal -0.8314696123025495 0.5555702330195958 0
    outer loop
      vertex -44.93933982822018 120.93933982822017 50
      vertex -44.61418070123307 121.42597485145237 52
      vertex -44.61418070123307 121.42597485145237 50
    endloop
  endfacet
  facet normal -0.19509032201612447 0.9807852804032311 0
    outer loop
      vertex -46 120.5 50
      vertex -46 120.5 52
      vertex -45.42597485145237 120.61418070123307 52
    endloop
  endfacet
  facet normal -0.5555702330195931 0.8314696123025513 0
    outer loop
      vertex -45.42597485145237 120.61418070123307 50
      vertex -45.42597485145237 120.61418070123307 52
      vertex -44.93933982822018 120.93933982822017 52
    endloop
  endfacet
  facet normal -0.8314696123025495 0.5555702330195958 0
    outer loop
      vertex -44.93933982822018 120.93933982822017 50
      vertex -44.93933982822018 120.93933982822017 52
      vertex -44.61418070123307 121.42597485145237 52
    endloop
  endfacet
  facet normal 0.9807852804032311 0.19509032201612447 0
    outer loop
      vertex -47.5 122 50
      vertex -47.38581929876693 121.42597485145237 52
      vertex -47.38581929876693 121.42597485145237 50
    endloop
  endfacet
  facet normal 0.9807852804032311 -0.19509032201612447 0
    outer loop
      vertex -47.38581929876693 122.57402514854763 50
      vertex -47.5 122 52
      vertex -47.5 122 50
    endloop
  endfacet
  facet normal 0.8314696123025495 -0.5555702330195958 0
    outer loop
      vertex -47.06066017177982 123.06066017177983 50
      vertex -47.38581929876693 122.57402514854763 52
      vertex -47.38581929876693 122.57402514854763 50
    endloop
  endfacet
  facet normal 0.5555702330195931 -0.8314696123025513 0
    outer loop
      vertex -46.57402514854763 123.38581929876693 50
      vertex -47.06066017177982 123.06066017177983 52
      vertex -47.06066017177982 123.06066017177983 50
    endloop
  endfacet
  facet normal 0.19509032201612447 -0.9807852804032311 0
    outer loop
      vertex -46.57402514854763 123.38581929876693 50
      vertex -46 123.5 50
      vertex -46.57402514854763 123.38581929876693 52
    endloop
  endfacet
  facet normal 0.9807852804032311 0.19509032201612447 0
    outer loop
      vertex -47.5 122 50
      vertex -47.5 122 52
      vertex -47.38581929876693 121.42597485145237 52
    endloop
  endfacet
  facet normal 0.9807852804032311 -0.19509032201612447 0
    outer loop
      vertex -47.38581929876693 122.57402514854763 50
      vertex -47.38581929876693 122.57402514854763 52
      vertex -47.5 122 52
    endloop
  endfacet
  facet normal 0.8314696123025495 -0.5555702330195958 0
    outer loop
      vertex -47.06066017177982 123.06066017177983 50
      vertex -47.06066017177982 123.06066017177983 52
      vertex -47.38581929876693 122.57402514854763 52
    endloop
  endfacet
  facet normal 0.5555702330195931 -0.8314696123025513 0
    outer loop
      vertex -46.57402514854763 123.38581929876693 50
      vertex -46.57402514854763 123.38581929876693 52
      vertex -47.06066017177982 123.06066017177983 52
    endloop
  endfacet
  facet normal 0.19509032201612447 -0.9807852804032311 0
    outer loop
      vertex -46 123.5 50
      vertex -46 123.5 52
      vertex -46.57402514854763 123.38581929876693 52
    endloop
  endfacet
  facet normal -0.19509032201612447 -0.9807852804032311 0
    outer loop
      vertex -46 123.5 50
      vertex -45.42597485145237 123.38581929876693 50
      vertex -46 123.5 52
    endloop
  endfacet
  facet normal -0.5555702330195931 -0.8314696123025513 0
    outer loop
      vertex -45.42597485145237 123.38581929876693 50
      vertex -44.93933982822018 123.06066017177983 50
      vertex -45.42597485145237 123.38581929876693 52
    endloop
  endfacet
  facet normal -0.9807852804032311 0.19509032201612447 0
    outer loop
      vertex -44.61418070123307 121.42597485145237 50
      vertex -44.5 122 52
      vertex -44.5 122 50
    endloop
  endfacet
  facet normal -0.9807852804032311 -0.19509032201612447 0
    outer loop
      vertex -44.5 122 50
      vertex -44.61418070123307 122.57402514854763 52
      vertex -44.61418070123307 122.57402514854763 50
    endloop
  endfacet
  facet normal -0.8314696123025495 -0.5555702330195958 0
    outer loop
      vertex -44.61418070123307 122.57402514854763 50
      vertex -44.93933982822018 123.06066017177983 52
      vertex -44.93933982822018 123.06066017177983 50
    endloop
  endfacet
  facet normal -0.19509032201612447 -0.9807852804032311 0
    outer loop
      vertex -45.42597485145237 123.38581929876693 50
      vertex -45.42597485145237 123.38581929876693 52
      vertex -46 123.5 52
    endloop
  endfacet
  facet normal -0.5555702330195931 -0.8314696123025513 0
    outer loop
      vertex -44.93933982822018 123.06066017177983 50
      vertex -44.93933982822018 123.06066017177983 52
      vertex -45.42597485145237 123.38581929876693 52
    endloop
  endfacet
  facet normal -0.9807852804032311 0.19509032201612447 0
    outer loop
      vertex -44.61418070123307 121.42597485145237 50
      vertex -44.61418070123307 121.42597485145237 52
      vertex -44.5 122 52
    endloop
  endfacet
  facet normal -0.9807852804032311 -0.19509032201612447 0
    outer loop
      vertex -44.5 122 50
      vertex -44.5 122 52
      vertex -44.61418070123307 122.57402514854763 52
    endloop
  endfacet
  facet normal -0.8314696123025495 -0.5555702330195958 0
    outer loop
      vertex -44.61418070123307 122.57402514854763 50
      vertex -44.61418070123307 122.57402514854763 52
      vertex -44.93933982822018 123.06066017177983 52
    endloop
  endfacet
  facet normal 1 0 0
    outer loop
      vertex 2 31.5 0
      vertex 2 34.5 0
      vertex 2 34.5 2
    endloop
  endfacet
  facet normal 1 0 0
    outer loop
      vertex 2 31.5 0
      vertex 2 34.5 2
      vertex 2 31.5 2
    endloop
  endfacet
  facet normal 0 1 0
    outer loop
      vertex 2 31.5 0
      vertex 2 31.5 2
      vertex 61 31.5 0
    endloop
  endfacet
  facet normal 0 -1 0
    outer loop
      vertex 2 34.5 0
      vertex 61 34.5 2
      vertex 2 34.5 2
    endloop
  endfacet
  facet normal 0 1 0
    outer loop
      vertex 2 31.5 2
      vertex 61 31.5 2
      vertex 61 31.5 0
    endloop
  endfacet
  facet normal 0 -1 0
    outer loop
      vertex 61 34.5 2
      vertex 2 34.5 0
      vertex 61 34.5 0
    endloop
  endfacet
  facet normal -1 0 0
    outer loop
      vertex 61 31.5 0
      vertex 61 31.5 2
      vertex 61 34.5 0
    endloop
  endfacet
  facet normal -1 0 0
    outer loop
      vertex 61 34.5 0
      vertex 61 31.5 2
      vertex 61 34.5 2
    endloop
  endfacet
  facet normal 1 0 0
    outer loop
      vertex -61 131.5 50
      vertex -61 134.5 50
      vertex -61 131.5 52
    endloop
  endfacet
  facet normal 1 0 0
    outer loop
      vertex -61 134.5 50
      vertex -61 134.5 52
      vertex -61 131.5 52
    endloop
  endfacet
  facet normal 0 1 0
    outer loop
      vertex -61 131.5 50
      vertex -61 131.5 52
      vertex -44.714285714285715 131.5 52
    endloop
  endfacet
  facet normal 0 1 0
    outer loop
      vertex -50.542857142857144 131.5 50
      vertex -61 131.5 50
      vertex -44.714285714285715 131.5 52
    endloop
  endfacet
  facet normal 0 1 0
    outer loop
      vertex -50.542857142857144 131.5 50
      vertex -44.714285714285715 131.5 52
      vertex -28.301587301587304 131.5 50
    endloop
  endfacet
  facet normal 0 -1 0
    outer loop
      vertex -2 134.5 52
      vertex -61 134.5 52
      vertex -61 134.5 50
    endloop
  endfacet
  facet normal 0 1 0
    outer loop
      vertex -28.301587301587304 131.5 50
      vertex -44.714285714285715 131.5 52
      vertex -13.278232754749087 131.5 50
    endloop
  endfacet
  facet normal 0 -1 0
    outer loop
      vertex -61 134.5 50
      vertex -25.611111111111114 134.5 50
      vertex -2 134.5 52
    endloop
  endfacet
  facet normal 0 1 0
    outer loop
      vertex -13.278232754749087 131.5 50
      vertex -44.714285714285715 131.5 52
      vertex -12.475000000000001 131.5 52
    endloop
  endfacet
  facet normal 0 1 0
    outer loop
      vertex -13.278232754749087 131.5 50
      vertex -12.475000000000001 131.5 52
      vertex -2 131.5 50
    endloop
  endfacet
  facet normal 0 -1 0
    outer loop
      vertex -2 134.5 50
      vertex -2 134.5 52
      vertex -25.611111111111114 134.5 50
    endloop
  endfacet
  facet normal 0 1 0
    outer loop
      vertex -12.475000000000001 131.5 52
      vertex -2 131.5 52
      vertex -2 131.5 50
    endloop
  endfacet
  facet normal -1 0 0
    outer loop
      vertex -2 131.5 50
      vertex -2 134.5 52
      vertex -2 134.5 50
    endloop
  endfacet
  facet normal -1 0 0
    outer loop
      vertex -2 131.5 50
      vertex -2 131.5 52
      vertex -2 134.5 52
    endloop
  endfacet
  facet normal 1 0 0
    outer loop
      vertex 2 57.5 0
      vertex 2 60.5 0
      vertex 2 60.5 2
    endloop
  endfacet
  facet normal 1 0 0
    outer loop
      vertex 2 57.5 0
      vertex 2 60.5 2
      vertex 2 57.5 2
    endloop
  endfacet
  facet normal 0 1 0
    outer loop
      vertex 61 57.5 0
      vertex 2 57.5 0
      vertex 2 57.5 2
    endloop
  endfacet
  facet normal 0 -1 0
    outer loop
      vertex 2 60.5 0
      vertex 61 60.5 2
      vertex 2 60.5 2
    endloop
  endfacet
  facet normal 0 1 0
    outer loop
      vertex 2 57.5 2
      vertex 61 57.5 2
      vertex 61 57.5 0
    endloop
  endfacet
  facet normal 0 -1 0
    outer loop
      vertex 2 60.5 0
      vertex 61 60.5 0
      vertex 61 60.5 2
    endloop
  endfacet
  facet normal -1 0 0
    outer loop
      vertex 61 57.5 0
      vertex 61 57.5 2
      vertex 61 60.5 0
    endloop
  endfacet
  facet normal -1 0 0
    outer loop
      vertex 61 57.5 2
      vertex 61 60.5 2
      vertex 61 60.5 0
    endloop
  endfacet
  facet normal 0 -1 0
    outer loop
      vertex 61 60.5 2.0689655172413794
      vertex 56.395953757225435 60.5 3
      vertex 32.55357142857143 60.5 3
    endloop
  endfacet
  facet normal 1 0 0
    outer loop
      vertex -61 157.5 50
      vertex -61 160.5 50
      vertex -61 157.5 52
    endloop
  endfacet
  facet normal 1 0 0
    outer loop
      vertex -61 160.5 50
      vertex -61 160.5 52
      vertex -61 157.5 52
    endloop
  endfacet
  facet normal 0 1 0
    outer loop
      vertex -61 157.5 50
      vertex -61 157.5 52
      vertex -46.25 157.5 52
    endloop
  endfacet
  facet normal 0 -1 0
    outer loop
      vertex -2 160.5 50
      vertex -61 160.5 52
      vertex -61 160.5 50
    endloop
  endfacet
  facet normal 0 1 0
    outer loop
      vertex -61 157.5 50
      vertex -46.25 157.5 52
      vertex -2 157.5 50
    endloop
  endfacet
  facet normal 0 -1 0
    outer loop
      vertex -2 160.5 50
      vertex -2 160.5 52
      vertex -61 160.5 52
    endloop
  endfacet
  facet normal 0 1 0
    outer loop
      vertex -2 157.5 52
      vertex -2 157.5 50
      vertex -46.25 157.5 52
    endloop
  endfacet
  facet normal -1 0 0
    outer loop
      vertex -2 157.5 50
      vertex -2 160.5 52
      vertex -2 160.5 50
    endloop
  endfacet
  facet normal -1 0 0
    outer loop
      vertex -2 157.5 50
      vertex -2 157.5 52
      vertex -2 160.5 52
    endloop
  endfacet
  facet normal -0.5141027780042697 -0.857728589734709 0
    outer loop
      vertex -26.333355352282524 8.252795584499836 0
      vertex -26.207095108926296 8.177118100225925 0
      vertex -26.333355352282524 8.252795584499836 19.5
    endloop
  endfacet
  facet normal -0.42755507319767905 -0.9039893026927516 0
    outer loop
      vertex -26.207095108926296 8.177118100225925 0
      vertex -26.07402514666319 8.114180698990822 0
      vertex -26.207095108926296 8.177118100225925 19.5
    endloop
  endfacet
  facet normal -0.33688986808449944 -0.941544059926039 0
    outer loop
      vertex -25.935427017509937 8.064589492976665 0
      vertex -26.07402514666319 8.114180698990822 19.5
      vertex -26.07402514666319 8.114180698990822 0
    endloop
  endfacet
  facet normal -0.24298016001722236 -0.9700312581757379 0
    outer loop
      vertex -25.935427017509937 8.064589492976665 0
      vertex -25.7926354855299 8.02882207930088 0
      vertex -25.935427017509937 8.064589492976665 19.5
    endloop
  endfacet
  facet normal -0.14673045131624157 -0.989176513397145 0
    outer loop
      vertex -25.7926354855299 8.02882207930088 0
      vertex -25.64702571183443 8.007222913205624 0
      vertex -25.7926354855299 8.02882207930088 19.5
    endloop
  endfacet
  facet normal -0.04906769566193293 -0.9987954551570747 0
    outer loop
      vertex -25.64702571183443 8.007222913205624 0
      vertex -25.5 8 0
      vertex -25.64702571183443 8.007222913205624 19.5
    endloop
  endfacet
  facet normal -0.857728589734709 -0.5141027780042697 0
    outer loop
      vertex -26.822881899774075 8.792904891073704 0
      vertex -26.747204415500164 8.666644647717476 0
      vertex -26.822881899774075 8.792904891073704 19.5
    endloop
  endfacet
  facet normal -0.9039893026927516 -0.42755507319767905 0
    outer loop
      vertex -26.822881899774075 8.792904891073704 0
      vertex -26.885819301009178 8.925974853336811 19.5
      vertex -26.885819301009178 8.925974853336811 0
    endloop
  endfacet
  facet normal -0.7409511057814068 -0.6715589764431048 0
    outer loop
      vertex -26.6595156788826 8.548410072922707 0
      vertex -26.560660168528557 8.439339831471443 0
      vertex -26.6595156788826 8.548410072922707 19.5
    endloop
  endfacet
  facet normal -0.6715589764431048 -0.7409511057814068 0
    outer loop
      vertex -26.560660168528557 8.439339831471443 0
      vertex -26.451589927077293 8.340484321117401 0
      vertex -26.560660168528557 8.439339831471443 19.5
    endloop
  endfacet
  facet normal -0.8032075326742517 -0.5956993028830408 0
    outer loop
      vertex -26.6595156788826 8.548410072922707 0
      vertex -26.747204415500164 8.666644647717476 19.5
      vertex -26.747204415500164 8.666644647717476 0
    endloop
  endfacet
  facet normal -0.941544059926039 -0.33688986808449944 0
    outer loop
      vertex -26.885819301009178 8.925974853336811 0
      vertex -26.935410507023335 9.064572982490063 19.5
      vertex -26.935410507023335 9.064572982490063 0
    endloop
  endfacet
  facet normal -0.9700312581757379 -0.24298016001722236 0
    outer loop
      vertex -26.935410507023335 9.064572982490063 0
      vertex -26.97117792069912 9.2073645144701 19.5
      vertex -26.97117792069912 9.2073645144701 0
    endloop
  endfacet
  facet normal -0.989176513397145 -0.14673045131624157 0
    outer loop
      vertex -26.97117792069912 9.2073645144701 0
      vertex -26.992777086794376 9.35297428816557 19.5
      vertex -26.992777086794376 9.35297428816557 0
    endloop
  endfacet
  facet normal -0.9987954551570747 -0.04906769566193293 0
    outer loop
      vertex -26.992777086794376 9.35297428816557 0
      vertex -27 9.5 19.5
      vertex -27 9.5 0
    endloop
  endfacet
  facet normal -0.5956993028830408 -0.8032075326742517 0
    outer loop
      vertex -26.333355352282524 8.252795584499836 0
      vertex -26.451589927077293 8.340484321117401 19.5
      vertex -26.451589927077293 8.340484321117401 0
    endloop
  endfacet
  facet normal -1 0 0
    outer loop
      vertex -27 9.5 0
      vertex -27 12 8
      vertex -27 21 8
    endloop
  endfacet
  facet normal 0 -1 0
    outer loop
      vertex -25.5 8 0
      vertex -2 8 0
      vertex -25.5 8 19.5
    endloop
  endfacet
  facet normal 0 0 -1
    outer loop
      vertex -25.5 8 0
      vertex -22 12 0
      vertex -19.5 12 0
    endloop
  endfacet
  facet normal -0.5141027780042697 -0.857728589734709 0
    outer loop
      vertex -26.207095108926296 8.177118100225925 0
      vertex -26.207095108926296 8.177118100225925 19.5
      vertex -26.333355352282524 8.252795584499836 19.5
    endloop
  endfacet
  facet normal -0.42755507319767905 -0.9039893026927516 0
    outer loop
      vertex -26.07402514666319 8.114180698990822 0
      vertex -26.07402514666319 8.114180698990822 19.5
      vertex -26.207095108926296 8.177118100225925 19.5
    endloop
  endfacet
  facet normal -0.33688986808449944 -0.941544059926039 0
    outer loop
      vertex -25.935427017509937 8.064589492976665 0
      vertex -25.935427017509937 8.064589492976665 19.5
      vertex -26.07402514666319 8.114180698990822 19.5
    endloop
  endfacet
  facet normal -0.24298016001722236 -0.9700312581757379 0
    outer loop
      vertex -25.7926354855299 8.02882207930088 0
      vertex -25.7926354855299 8.02882207930088 19.5
      vertex -25.935427017509937 8.064589492976665 19.5
    endloop
  endfacet
  facet normal -0.14673045131624157 -0.989176513397145 0
    outer loop
      vertex -25.64702571183443 8.007222913205624 0
      vertex -25.64702571183443 8.007222913205624 19.5
      vertex -25.7926354855299 8.02882207930088 19.5
    endloop
  endfacet
  facet normal -0.04906769566193293 -0.9987954551570747 0
    outer loop
      vertex -25.5 8 0
      vertex -25.5 8 19.5
      vertex -25.64702571183443 8.007222913205624 19.5
    endloop
  endfacet
  facet normal -1 0 0
    outer loop
      vertex -27 9.5 0
      vertex -27 12 13
      vertex -27 12 8
    endloop
  endfacet
  facet normal -1 0 0
    outer loop
      vertex -27 9.5 0
      vertex -27 9.5 19.5
      vertex -27 12 13
    endloop
  endfacet
  facet normal -0.857728589734709 -0.5141027780042697 0
    outer loop
      vertex -26.747204415500164 8.666644647717476 0
      vertex -26.747204415500164 8.666644647717476 19.5
      vertex -26.822881899774075 8.792904891073704 19.5
    endloop
  endfacet
  facet normal -0.9039893026927516 -0.42755507319767905 0
    outer loop
      vertex -26.822881899774075 8.792904891073704 0
      vertex -26.822881899774075 8.792904891073704 19.5
      vertex -26.885819301009178 8.925974853336811 19.5
    endloop
  endfacet
  facet normal -0.8032075326742517 -0.5956993028830408 0
    outer loop
      vertex -26.6595156788826 8.548410072922707 0
      vertex -26.6595156788826 8.548410072922707 19.5
      vertex -26.747204415500164 8.666644647717476 19.5
    endloop
  endfacet
  facet normal -0.7409511057814068 -0.6715589764431048 0
    outer loop
      vertex -26.560660168528557 8.439339831471443 0
      vertex -26.560660168528557 8.439339831471443 19.5
      vertex -26.6595156788826 8.548410072922707 19.5
    endloop
  endfacet
  facet normal -0.941544059926039 -0.33688986808449944 0
    outer loop
      vertex -26.885819301009178 8.925974853336811 0
      vertex -26.885819301009178 8.925974853336811 19.5
      vertex -26.935410507023335 9.064572982490063 19.5
    endloop
  endfacet
  facet normal -0.9700312581757379 -0.24298016001722236 0
    outer loop
      vertex -26.935410507023335 9.064572982490063 0
      vertex -26.935410507023335 9.064572982490063 19.5
      vertex -26.97117792069912 9.2073645144701 19.5
    endloop
  endfacet
  facet normal -0.989176513397145 -0.14673045131624157 0
    outer loop
      vertex -26.97117792069912 9.2073645144701 0
      vertex -26.97117792069912 9.2073645144701 19.5
      vertex -26.992777086794376 9.35297428816557 19.5
    endloop
  endfacet
  facet normal -0.9987954551570747 -0.04906769566193293 0
    outer loop
      vertex -26.992777086794376 9.35297428816557 0
      vertex -26.992777086794376 9.35297428816557 19.5
      vertex -27 9.5 19.5
    endloop
  endfacet
  facet normal -0.6715589764431048 -0.7409511057814068 0
    outer loop
      vertex -26.451589927077293 8.340484321117401 0
      vertex -26.451589927077293 8.340484321117401 19.5
      vertex -26.560660168528557 8.439339831471443 19.5
    endloop
  endfacet
  facet normal -0.5956993028830408 -0.8032075326742517 0
    outer loop
      vertex -26.333355352282524 8.252795584499836 0
      vertex -26.333355352282524 8.252795584499836 19.5
      vertex -26.451589927077293 8.340484321117401 19.5
    endloop
  endfacet
  facet normal 0 0 -1
    outer loop
      vertex -26.935410507023335 9.064572982490063 0
      vertex -26.97117792069912 9.2073645144701 0
      vertex -26.935410507023335 40.93542701750994 0
    endloop
  endfacet
  facet normal 0 0 -1
    outer loop
      vertex -26.97117792069912 9.2073645144701 0
      vertex -26.992777086794376 9.35297428816557 0
      vertex -26.97117792069912 40.7926354855299 0
    endloop
  endfacet
  facet normal 0 0 -1
    outer loop
      vertex -26.885819301009178 8.925974853336811 0
      vertex -26.935410507023335 9.064572982490063 0
      vertex -26.885819301009178 41.07402514666319 0
    endloop
  endfacet
  facet normal 0 0 -1
    outer loop
      vertex -26.992777086794376 9.35297428816557 0
      vertex -27 9.5 0
      vertex -26.992777086794376 40.64702571183443 0
    endloop
  endfacet
  facet normal 0 0 -1
    outer loop
      vertex -26.822881899774075 8.792904891073704 0
      vertex -26.885819301009178 8.925974853336811 0
      vertex -26.822881899774075 41.207095108926296 0
    endloop
  endfacet
  facet normal 0 0 -1
    outer loop
      vertex -26.822881899774075 8.792904891073704 0
      vertex -26.747204415500164 41.333355352282524 0
      vertex -26.747204415500164 8.666644647717476 0
    endloop
  endfacet
  facet normal 0 0 -1
    outer loop
      vertex -26.6595156788826 8.548410072922707 0
      vertex -26.560660168528557 41.56066016852856 0
      vertex -26.560660168528557 8.439339831471443 0
    endloop
  endfacet
  facet normal 0 0 -1
    outer loop
      vertex -26.6595156788826 8.548410072922707 0
      vertex -26.747204415500164 8.666644647717476 0
      vertex -26.6595156788826 41.45158992707729 0
    endloop
  endfacet
  facet normal 0 0 -1
    outer loop
      vertex -26.560660168528557 8.439339831471443 0
      vertex -26.451589927077293 41.6595156788826 0
      vertex -26.451589927077293 8.340484321117401 0
    endloop
  endfacet
  facet normal 0 0 -1
    outer loop
      vertex -26.333355352282524 8.252795584499836 0
      vertex -26.451589927077293 8.340484321117401 0
      vertex -26.333355352282524 41.747204415500164 0
    endloop
  endfacet
  facet normal 0 0 -1
    outer loop
      vertex -26.333355352282524 8.252795584499836 0
      vertex -26.207095108926296 41.822881899774075 0
      vertex -26.207095108926296 8.177118100225925 0
    endloop
  endfacet
  facet normal 0 0 -1
    outer loop
      vertex -26.207095108926296 8.177118100225925 0
      vertex -26.07402514666319 41.88581930100918 0
      vertex -26.07402514666319 8.114180698990822 0
    endloop
  endfacet
  facet normal 0 0 -1
    outer loop
      vertex -25.935427017509937 8.064589492976665 0
      vertex -26.07402514666319 8.114180698990822 0
      vertex -25.935427017509937 41.935410507023335 0
    endloop
  endfacet
  facet normal 0 0 -1
    outer loop
      vertex -25.935427017509937 8.064589492976665 0
      vertex -25.7926354855299 41.97117792069912 0
      vertex -25.7926354855299 8.02882207930088 0
    endloop
  endfacet
  facet normal 0 0 -1
    outer loop
      vertex -25.7926354855299 8.02882207930088 0
      vertex -25.64702571183443 41.992777086794376 0
      vertex -25.64702571183443 8.007222913205624 0
    endloop
  endfacet
  facet normal 0 0 -1
    outer loop
      vertex -25.64702571183443 8.007222913205624 0
      vertex -25.5 42 0
      vertex -25.5 8 0
    endloop
  endfacet
  facet normal 0 0 -1
    outer loop
      vertex -25.5 8 0
      vertex -25.5 42 0
      vertex -22 12 0
    endloop
  endfacet
  facet normal 0 0 -1
    outer loop
      vertex -27 9.5 0
      vertex -27 40.5 0
      vertex -26.992777086794376 40.64702571183443 0
    endloop
  endfacet
  facet normal 0 0 -1
    outer loop
      vertex -26.992777086794376 9.35297428816557 0
      vertex -26.992777086794376 40.64702571183443 0
      vertex -26.97117792069912 40.7926354855299 0
    endloop
  endfacet
  facet normal 0 0 -1
    outer loop
      vertex -26.97117792069912 9.2073645144701 0
      vertex -26.97117792069912 40.7926354855299 0
      vertex -26.935410507023335 40.93542701750994 0
    endloop
  endfacet
  facet normal 0 0 -1
    outer loop
      vertex -26.935410507023335 9.064572982490063 0
      vertex -26.935410507023335 40.93542701750994 0
      vertex -26.885819301009178 41.07402514666319 0
    endloop
  endfacet
  facet normal 0 0 -1
    outer loop
      vertex -26.885819301009178 8.925974853336811 0
      vertex -26.885819301009178 41.07402514666319 0
      vertex -26.822881899774075 41.207095108926296 0
    endloop
  endfacet
  facet normal 0 0 -1
    outer loop
      vertex -26.822881899774075 8.792904891073704 0
      vertex -26.822881899774075 41.207095108926296 0
      vertex -26.747204415500164 41.333355352282524 0
    endloop
  endfacet
  facet normal 0 0 -1
    outer loop
      vertex -26.747204415500164 8.666644647717476 0
      vertex -26.747204415500164 41.333355352282524 0
      vertex -26.6595156788826 41.45158992707729 0
    endloop
  endfacet
  facet normal 0 0 -1
    outer loop
      vertex -26.6595156788826 8.548410072922707 0
      vertex -26.6595156788826 41.45158992707729 0
      vertex -26.560660168528557 41.56066016852856 0
    endloop
  endfacet
  facet normal 0 0 -1
    outer loop
      vertex -26.560660168528557 8.439339831471443 0
      vertex -26.560660168528557 41.56066016852856 0
      vertex -26.451589927077293 41.6595156788826 0
    endloop
  endfacet
  facet normal 0 0 -1
    outer loop
      vertex -26.451589927077293 8.340484321117401 0
      vertex -26.451589927077293 41.6595156788826 0
      vertex -26.333355352282524 41.747204415500164 0
    endloop
  endfacet
  facet normal 0 0 -1
    outer loop
      vertex -26.333355352282524 8.252795584499836 0
      vertex -26.333355352282524 41.747204415500164 0
      vertex -26.207095108926296 41.822881899774075 0
    endloop
  endfacet
  facet normal 0 0 -1
    outer loop
      vertex -26.207095108926296 8.177118100225925 0
      vertex -26.207095108926296 41.822881899774075 0
      vertex -26.07402514666319 41.88581930100918 0
    endloop
  endfacet
  facet normal 0 0 -1
    outer loop
      vertex -26.07402514666319 8.114180698990822 0
      vertex -26.07402514666319 41.88581930100918 0
      vertex -25.935427017509937 41.935410507023335 0
    endloop
  endfacet
  facet normal 0 0 -1
    outer loop
      vertex -25.935427017509937 8.064589492976665 0
      vertex -25.935427017509937 41.935410507023335 0
      vertex -25.7926354855299 41.97117792069912 0
    endloop
  endfacet
  facet normal 0 0 -1
    outer loop
      vertex -25.7926354855299 8.02882207930088 0
      vertex -25.7926354855299 41.97117792069912 0
      vertex -25.64702571183443 41.992777086794376 0
    endloop
  endfacet
  facet normal 0 0 -1
    outer loop
      vertex -25.64702571183443 8.007222913205624 0
      vertex -25.64702571183443 41.992777086794376 0
      vertex -25.5 42 0
    endloop
  endfacet
  facet normal -1 0 0
    outer loop
      vertex -27 9.5 0
      vertex -27 40.5 19.5
      vertex -27 40.5 0
    endloop
  endfacet
  facet normal 0 0 -1
    outer loop
      vertex -25.5 42 0
      vertex -22 38 0
      vertex -22 12 0
    endloop
  endfacet
  facet normal -1 0 0
    outer loop
      vertex -27 9.5 0
      vertex -27 21 8
      vertex -27 40.5 19.5
    endloop
  endfacet
  facet normal 0 0 -1
    outer loop
      vertex -25.5 8 0
      vertex -19.5 12 0
      vertex -2 8 0
    endloop
  endfacet
  facet normal 0 0 -1
    outer loop
      vertex -2 8 0
      vertex -19.5 12 0
      vertex -5.5 12 0
    endloop
  endfacet
  facet normal -0.8032075326742517 -0.5956993028830408 0
    outer loop
      vertex -1.6595156788825989 -1.4515899270772934 0
      vertex -1.747204415500164 -1.333355352282524 19.5
      vertex -1.747204415500164 -1.333355352282524 0
    endloop
  endfacet
  facet normal -0.7409511057814068 -0.6715589764431048 0
    outer loop
      vertex -1.5606601685285568 -1.5606601685285568 0
      vertex -1.6595156788825989 -1.4515899270772934 19.5
      vertex -1.6595156788825989 -1.4515899270772934 0
    endloop
  endfacet
  facet normal -0.6715589764431048 -0.7409511057814068 0
    outer loop
      vertex -1.4515899270772934 -1.6595156788825989 0
      vertex -1.5606601685285568 -1.5606601685285568 19.5
      vertex -1.5606601685285568 -1.5606601685285568 0
    endloop
  endfacet
  facet normal -0.857728589734709 -0.5141027780042697 0
    outer loop
      vertex -1.8228818997740746 -1.2070951089262962 0
      vertex -1.747204415500164 -1.333355352282524 0
      vertex -1.8228818997740746 -1.2070951089262962 19.5
    endloop
  endfacet
  facet normal -0.9039893026927516 -0.42755507319767905 0
    outer loop
      vertex -1.8228818997740746 -1.2070951089262962 0
      vertex -1.8858193010091782 -1.074025146663189 19.5
      vertex -1.8858193010091782 -1.074025146663189 0
    endloop
  endfacet
  facet normal -0.941544059926039 -0.33688986808449944 0
    outer loop
      vertex -1.8858193010091782 -1.074025146663189 0
      vertex -1.9354105070233345 -0.9354270175099373 19.5
      vertex -1.9354105070233345 -0.9354270175099373 0
    endloop
  endfacet
  facet normal -0.9700312581757379 -0.24298016001722236 0
    outer loop
      vertex -1.9711779206991196 -0.7926354855298996 0
      vertex -1.9354105070233345 -0.9354270175099373 0
      vertex -1.9711779206991196 -0.7926354855298996 19.5
    endloop
  endfacet
  facet normal -0.5956993028830408 -0.8032075326742517 0
    outer loop
      vertex -1.4515899270772934 -1.6595156788825989 0
      vertex -1.333355352282524 -1.747204415500164 0
      vertex -1.4515899270772934 -1.6595156788825989 19.5
    endloop
  endfacet
  facet normal -0.5141027780042697 -0.857728589734709 0
    outer loop
      vertex -1.2070951089262962 -1.8228818997740746 0
      vertex -1.333355352282524 -1.747204415500164 19.5
      vertex -1.333355352282524 -1.747204415500164 0
    endloop
  endfacet
  facet normal -0.42755507319767905 -0.9039893026927516 0
    outer loop
      vertex -1.074025146663189 -1.8858193010091782 0
      vertex -1.2070951089262962 -1.8228818997740746 19.5
      vertex -1.2070951089262962 -1.8228818997740746 0
    endloop
  endfacet
  facet normal -0.33688986808449944 -0.941544059926039 0
    outer loop
      vertex -1.074025146663189 -1.8858193010091782 0
      vertex -0.9354270175099373 -1.9354105070233345 0
      vertex -1.074025146663189 -1.8858193010091782 19.5
    endloop
  endfacet
  facet normal -0.989176513397145 -0.14673045131624157 0
    outer loop
      vertex -1.9711779206991196 -0.7926354855298996 0
      vertex -1.9927770867943764 -0.6470257118344307 19.5
      vertex -1.9927770867943764 -0.6470257118344307 0
    endloop
  endfacet
  facet normal -0.9987954551570747 -0.04906769566193293 0
    outer loop
      vertex -1.9927770867943764 -0.6470257118344307 0
      vertex -2 -0.5 19.5
      vertex -2 -0.5 0
    endloop
  endfacet
  facet normal -0.24298016001722236 -0.9700312581757379 0
    outer loop
      vertex -0.9354270175099373 -1.9354105070233345 0
      vertex -0.7926354855298996 -1.9711779206991196 0
      vertex -0.9354270175099373 -1.9354105070233345 19.5
    endloop
  endfacet
  facet normal -0.14673045131624157 -0.989176513397145 0
    outer loop
      vertex -0.7926354855298996 -1.9711779206991196 0
      vertex -0.6470257118344307 -1.9927770867943764 0
      vertex -0.7926354855298996 -1.9711779206991196 19.5
    endloop
  endfacet
  facet normal -0.04906769566193293 -0.9987954551570747 0
    outer loop
      vertex -0.6470257118344307 -1.9927770867943764 0
      vertex -0.5 -2 0
      vertex -0.6470257118344307 -1.9927770867943764 19.5
    endloop
  endfacet
  facet normal -1 0 0
    outer loop
      vertex -2 -0.5 0
      vertex -2 8 19.5
      vertex -2 8 0
    endloop
  endfacet
  facet normal 0 0 -1
    outer loop
      vertex -2 8 0
      vertex -5.5 12 0
      vertex -3 12 0
    endloop
  endfacet
  facet normal 0 0 -1
    outer loop
      vertex -1.8228818997740746 -1.2070951089262962 0
      vertex -1 42 0
      vertex -1.747204415500164 -1.333355352282524 0
    endloop
  endfacet
  facet normal 0 0 -1
    outer loop
      vertex -1.8228818997740746 -1.2070951089262962 0
      vertex -1.8858193010091782 -1.074025146663189 0
      vertex -1 42 0
    endloop
  endfacet
  facet normal 0 0 -1
    outer loop
      vertex -1.8858193010091782 -1.074025146663189 0
      vertex -1.9354105070233345 -0.9354270175099373 0
      vertex -1 42 0
    endloop
  endfacet
  facet normal 0 0 -1
    outer loop
      vertex -1.074025146663189 -1.8858193010091782 0
      vertex -1.2070951089262962 -1.8228818997740746 0
      vertex -1 42 0
    endloop
  endfacet
  facet normal 0 0 -1
    outer loop
      vertex -1.074025146663189 -1.8858193010091782 0
      vertex -1 42 0
      vertex -0.9354270175099373 -1.9354105070233345 0
    endloop
  endfacet
  facet normal 0 0 -1
    outer loop
      vertex -1.5606601685285568 -1.5606601685285568 0
      vertex -1.6595156788825989 -1.4515899270772934 0
      vertex -1 42 0
    endloop
  endfacet
  facet normal 0 0 -1
    outer loop
      vertex -1.6595156788825989 -1.4515899270772934 0
      vertex -1.747204415500164 -1.333355352282524 0
      vertex -1 42 0
    endloop
  endfacet
  facet normal 0 0 -1
    outer loop
      vertex -1.4515899270772934 -1.6595156788825989 0
      vertex -1 42 0
      vertex -1.333355352282524 -1.747204415500164 0
    endloop
  endfacet
  facet normal 0 0 -1
    outer loop
      vertex -1.4515899270772934 -1.6595156788825989 0
      vertex -1.5606601685285568 -1.5606601685285568 0
      vertex -1 42 0
    endloop
  endfacet
  facet normal 0 0 -1
    outer loop
      vertex -1.2070951089262962 -1.8228818997740746 0
      vertex -1.333355352282524 -1.747204415500164 0
      vertex -1 42 0
    endloop
  endfacet
  facet normal 0 0 -1
    outer loop
      vertex -0.9354270175099373 -1.9354105070233345 0
      vertex -1 42 0
      vertex -0.7926354855298996 -1.9711779206991196 0
    endloop
  endfacet
  facet normal 0 0 -1
    outer loop
      vertex -0.7926354855298996 -1.9711779206991196 0
      vertex -1 42 0
      vertex -0.6470257118344307 -1.9927770867943764 0
    endloop
  endfacet
  facet normal 0 0 -1
    outer loop
      vertex -0.6470257118344307 -1.9927770867943764 0
      vertex -1 42 0
      vertex -0.5 -2 0
    endloop
  endfacet
  facet normal 0 0 -1
    outer loop
      vertex -1.9711779206991196 -0.7926354855298996 0
      vertex -1 42 0
      vertex -1.9354105070233345 -0.9354270175099373 0
    endloop
  endfacet
  facet normal 0 0 -1
    outer loop
      vertex -1.9711779206991196 -0.7926354855298996 0
      vertex -1.9927770867943764 -0.6470257118344307 0
      vertex -1 42 0
    endloop
  endfacet
  facet normal 0 0 -1
    outer loop
      vertex -1.9927770867943764 -0.6470257118344307 0
      vertex -2 -0.5 0
      vertex -1 42 0
    endloop
  endfacet
  facet normal 0 0 -1
    outer loop
      vertex -2 -0.5 0
      vertex -2 8 0
      vertex -1 42 0
    endloop
  endfacet
  facet normal 0 -1 0
    outer loop
      vertex -2 8 0
      vertex -2 8 19.5
      vertex -25.5 8 19.5
    endloop
  endfacet
  facet normal -0.8032075326742517 -0.5956993028830408 0
    outer loop
      vertex -1.6595156788825989 -1.4515899270772934 0
      vertex -1.6595156788825989 -1.4515899270772934 19.5
      vertex -1.747204415500164 -1.333355352282524 19.5
    endloop
  endfacet
  facet normal -0.7409511057814068 -0.6715589764431048 0
    outer loop
      vertex -1.5606601685285568 -1.5606601685285568 0
      vertex -1.5606601685285568 -1.5606601685285568 19.5
      vertex -1.6595156788825989 -1.4515899270772934 19.5
    endloop
  endfacet
  facet normal -0.857728589734709 -0.5141027780042697 0
    outer loop
      vertex -1.747204415500164 -1.333355352282524 0
      vertex -1.747204415500164 -1.333355352282524 19.5
      vertex -1.8228818997740746 -1.2070951089262962 19.5
    endloop
  endfacet
  facet normal -0.9039893026927516 -0.42755507319767905 0
    outer loop
      vertex -1.8228818997740746 -1.2070951089262962 0
      vertex -1.8228818997740746 -1.2070951089262962 19.5
      vertex -1.8858193010091782 -1.074025146663189 19.5
    endloop
  endfacet
  facet normal -0.941544059926039 -0.33688986808449944 0
    outer loop
      vertex -1.8858193010091782 -1.074025146663189 0
      vertex -1.8858193010091782 -1.074025146663189 19.5
      vertex -1.9354105070233345 -0.9354270175099373 19.5
    endloop
  endfacet
  facet normal -0.9700312581757379 -0.24298016001722236 0
    outer loop
      vertex -1.9354105070233345 -0.9354270175099373 0
      vertex -1.9354105070233345 -0.9354270175099373 19.5
      vertex -1.9711779206991196 -0.7926354855298996 19.5
    endloop
  endfacet
  facet normal -0.989176513397145 -0.14673045131624157 0
    outer loop
      vertex -1.9711779206991196 -0.7926354855298996 0
      vertex -1.9711779206991196 -0.7926354855298996 19.5
      vertex -1.9927770867943764 -0.6470257118344307 19.5
    endloop
  endfacet
  facet normal -0.5956993028830408 -0.8032075326742517 0
    outer loop
      vertex -1.333355352282524 -1.747204415500164 0
      vertex -1.333355352282524 -1.747204415500164 19.5
      vertex -1.4515899270772934 -1.6595156788825989 19.5
    endloop
  endfacet
  facet normal -0.6715589764431048 -0.7409511057814068 0
    outer loop
      vertex -1.4515899270772934 -1.6595156788825989 0
      vertex -1.4515899270772934 -1.6595156788825989 19.5
      vertex -1.5606601685285568 -1.5606601685285568 19.5
    endloop
  endfacet
  facet normal -0.5141027780042697 -0.857728589734709 0
    outer loop
      vertex -1.2070951089262962 -1.8228818997740746 0
      vertex -1.2070951089262962 -1.8228818997740746 19.5
      vertex -1.333355352282524 -1.747204415500164 19.5
    endloop
  endfacet
  facet normal -0.42755507319767905 -0.9039893026927516 0
    outer loop
      vertex -1.074025146663189 -1.8858193010091782 0
      vertex -1.074025146663189 -1.8858193010091782 19.5
      vertex -1.2070951089262962 -1.8228818997740746 19.5
    endloop
  endfacet
  facet normal -0.9987954551570747 -0.04906769566193293 0
    outer loop
      vertex -1.9927770867943764 -0.6470257118344307 0
      vertex -1.9927770867943764 -0.6470257118344307 19.5
      vertex -2 -0.5 19.5
    endloop
  endfacet
  facet normal -0.33688986808449944 -0.941544059926039 0
    outer loop
      vertex -0.9354270175099373 -1.9354105070233345 0
      vertex -0.9354270175099373 -1.9354105070233345 19.5
      vertex -1.074025146663189 -1.8858193010091782 19.5
    endloop
  endfacet
  facet normal -0.24298016001722236 -0.9700312581757379 0
    outer loop
      vertex -0.7926354855298996 -1.9711779206991196 0
      vertex -0.7926354855298996 -1.9711779206991196 19.5
      vertex -0.9354270175099373 -1.9354105070233345 19.5
    endloop
  endfacet
  facet normal -0.14673045131624157 -0.989176513397145 0
    outer loop
      vertex -0.6470257118344307 -1.9927770867943764 0
      vertex -0.6470257118344307 -1.9927770867943764 19.5
      vertex -0.7926354855298996 -1.9711779206991196 19.5
    endloop
  endfacet
  facet normal -0.04906769566193293 -0.9987954551570747 0
    outer loop
      vertex -0.5 -2 0
      vertex -0.5 -2 19.5
      vertex -0.6470257118344307 -1.9927770867943764 19.5
    endloop
  endfacet
  facet normal -1 0 0
    outer loop
      vertex -2 -0.5 0
      vertex -2 -0.5 19.5
      vertex -2 8 19.5
    endloop
  endfacet
  facet normal 0 0 -1
    outer loop
      vertex -5.5 12 0
      vertex -19.5 12 0
      vertex -19.5 38 0
    endloop
  endfacet
  facet normal 0 0 -1
    outer loop
      vertex -19.5 38 0
      vertex -5.5 38 0
      vertex -5.5 12 0
    endloop
  endfacet
  facet normal 0 0 -1
    outer loop
      vertex -2 8 0
      vertex -3 12 0
      vertex -3 38 0
    endloop
  endfacet
  facet normal 0 0 -1
    outer loop
      vertex -2 8 0
      vertex -3 38 0
      vertex -1 42 0
    endloop
  endfacet
  facet normal 0 0 1
    outer loop
      vertex -25.935427017509937 8.064589492976665 19.5
      vertex -26 9 19.5
      vertex -26.07402514666319 8.114180698990822 19.5
    endloop
  endfacet
  facet normal 0 0 1
    outer loop
      vertex -25.935427017509937 8.064589492976665 19.5
      vertex -25.7926354855299 8.02882207930088 19.5
      vertex -26 9 19.5
    endloop
  endfacet
  facet normal 0 0 1
    outer loop
      vertex -25.7926354855299 8.02882207930088 19.5
      vertex -25.64702571183443 8.007222913205624 19.5
      vertex -26 9 19.5
    endloop
  endfacet
  facet normal 0 0 1
    outer loop
      vertex -25.64702571183443 8.007222913205624 19.5
      vertex -25.5 8 19.5
      vertex -26 9 19.5
    endloop
  endfacet
  facet normal 0 0 1
    outer loop
      vertex -25.5 8 19.5
      vertex -2 8 19.5
      vertex -26 9 19.5
    endloop
  endfacet
  facet normal -1 0 0
    outer loop
      vertex -27 40.5 19.5
      vertex -27 21 8
      vertex -27 21 13
    endloop
  endfacet
  facet normal -1 0 0
    outer loop
      vertex -27 40.5 19.5
      vertex -27 21 13
      vertex -27 12 13
    endloop
  endfacet
  facet normal -1 0 0
    outer loop
      vertex -27 9.5 19.5
      vertex -27 40.5 19.5
      vertex -27 12 13
    endloop
  endfacet
  facet normal 0 0 1
    outer loop
      vertex -26.935410507023335 9.064572982490063 19.5
      vertex -26.935410507023335 40.93542701750994 19.5
      vertex -26.97117792069912 9.2073645144701 19.5
    endloop
  endfacet
  facet normal 0 0 1
    outer loop
      vertex -26.97117792069912 9.2073645144701 19.5
      vertex -26.97117792069912 40.7926354855299 19.5
      vertex -26.992777086794376 9.35297428816557 19.5
    endloop
  endfacet
  facet normal 0 0 1
    outer loop
      vertex -26.885819301009178 8.925974853336811 19.5
      vertex -26.885819301009178 41.07402514666319 19.5
      vertex -26.935410507023335 9.064572982490063 19.5
    endloop
  endfacet
  facet normal 0 0 1
    outer loop
      vertex -26.992777086794376 9.35297428816557 19.5
      vertex -26.992777086794376 40.64702571183443 19.5
      vertex -27 9.5 19.5
    endloop
  endfacet
  facet normal 0 0 1
    outer loop
      vertex -26.822881899774075 8.792904891073704 19.5
      vertex -26.822881899774075 41.207095108926296 19.5
      vertex -26.885819301009178 8.925974853336811 19.5
    endloop
  endfacet
  facet normal 0 0 1
    outer loop
      vertex -26.822881899774075 8.792904891073704 19.5
      vertex -26.747204415500164 8.666644647717476 19.5
      vertex -26.747204415500164 41.333355352282524 19.5
    endloop
  endfacet
  facet normal 0 0 1
    outer loop
      vertex -26.6595156788826 8.548410072922707 19.5
      vertex -26.560660168528557 8.439339831471443 19.5
      vertex -26.560660168528557 41.56066016852856 19.5
    endloop
  endfacet
  facet normal 0 0 1
    outer loop
      vertex -26.6595156788826 8.548410072922707 19.5
      vertex -26.6595156788826 41.45158992707729 19.5
      vertex -26.747204415500164 8.666644647717476 19.5
    endloop
  endfacet
  facet normal 0 0 1
    outer loop
      vertex -26.560660168528557 8.439339831471443 19.5
      vertex -26.451589927077293 8.340484321117401 19.5
      vertex -26.451589927077293 41.6595156788826 19.5
    endloop
  endfacet
  facet normal 0 0 1
    outer loop
      vertex -26.333355352282524 8.252795584499836 19.5
      vertex -26.333355352282524 41.747204415500164 19.5
      vertex -26.451589927077293 8.340484321117401 19.5
    endloop
  endfacet
  facet normal 0 0 1
    outer loop
      vertex -26.333355352282524 8.252795584499836 19.5
      vertex -26.207095108926296 8.177118100225925 19.5
      vertex -26.207095108926296 41.822881899774075 19.5
    endloop
  endfacet
  facet normal 0 0 1
    outer loop
      vertex -26.207095108926296 8.177118100225925 19.5
      vertex -26.07402514666319 8.114180698990822 19.5
      vertex -26.07402514666319 41.88581930100918 19.5
    endloop
  endfacet
  facet normal 0 0 1
    outer loop
      vertex -26.07402514666319 8.114180698990822 19.5
      vertex -26 9 19.5
      vertex -26 41 19.5
    endloop
  endfacet
  facet normal 0 0 1
    outer loop
      vertex -27 9.5 19.5
      vertex -26.992777086794376 40.64702571183443 19.5
      vertex -27 40.5 19.5
    endloop
  endfacet
  facet normal 0 0 1
    outer loop
      vertex -26.992777086794376 9.35297428816557 19.5
      vertex -26.97117792069912 40.7926354855299 19.5
      vertex -26.992777086794376 40.64702571183443 19.5
    endloop
  endfacet
  facet normal 0 0 1
    outer loop
      vertex -26.97117792069912 9.2073645144701 19.5
      vertex -26.935410507023335 40.93542701750994 19.5
      vertex -26.97117792069912 40.7926354855299 19.5
    endloop
  endfacet
  facet normal 0 0 1
    outer loop
      vertex -26.935410507023335 9.064572982490063 19.5
      vertex -26.885819301009178 41.07402514666319 19.5
      vertex -26.935410507023335 40.93542701750994 19.5
    endloop
  endfacet
  facet normal 0 0 1
    outer loop
      vertex -26.885819301009178 8.925974853336811 19.5
      vertex -26.822881899774075 41.207095108926296 19.5
      vertex -26.885819301009178 41.07402514666319 19.5
    endloop
  endfacet
  facet normal 0 0 1
    outer loop
      vertex -26.822881899774075 8.792904891073704 19.5
      vertex -26.747204415500164 41.333355352282524 19.5
      vertex -26.822881899774075 41.207095108926296 19.5
    endloop
  endfacet
  facet normal 0 0 1
    outer loop
      vertex -26.747204415500164 8.666644647717476 19.5
      vertex -26.6595156788826 41.45158992707729 19.5
      vertex -26.747204415500164 41.333355352282524 19.5
    endloop
  endfacet
  facet normal 0 0 1
    outer loop
      vertex -26.6595156788826 8.548410072922707 19.5
      vertex -26.560660168528557 41.56066016852856 19.5
      vertex -26.6595156788826 41.45158992707729 19.5
    endloop
  endfacet
  facet normal 0 0 1
    outer loop
      vertex -26.560660168528557 8.439339831471443 19.5
      vertex -26.451589927077293 41.6595156788826 19.5
      vertex -26.560660168528557 41.56066016852856 19.5
    endloop
  endfacet
  facet normal 0 0 1
    outer loop
      vertex -26.451589927077293 8.340484321117401 19.5
      vertex -26.333355352282524 41.747204415500164 19.5
      vertex -26.451589927077293 41.6595156788826 19.5
    endloop
  endfacet
  facet normal 0 0 1
    outer loop
      vertex -26.333355352282524 8.252795584499836 19.5
      vertex -26.207095108926296 41.822881899774075 19.5
      vertex -26.333355352282524 41.747204415500164 19.5
    endloop
  endfacet
  facet normal 0 0 1
    outer loop
      vertex -26.07402514666319 8.114180698990822 19.5
      vertex -26 41 19.5
      vertex -26.07402514666319 41.88581930100918 19.5
    endloop
  endfacet
  facet normal 0 0 1
    outer loop
      vertex -26.207095108926296 8.177118100225925 19.5
      vertex -26.07402514666319 41.88581930100918 19.5
      vertex -26.207095108926296 41.822881899774075 19.5
    endloop
  endfacet
  facet normal 0 0 1
    outer loop
      vertex -26 9 19.5
      vertex -2 8 19.5
      vertex -1 9 19.5
    endloop
  endfacet
  facet normal 0 0 1
    outer loop
      vertex -1.074025146663189 -1.8858193010091782 19.5
      vertex -0.9354270175099373 -1.9354105070233345 19.5
      vertex -1 -1 19.5
    endloop
  endfacet
  facet normal 0 0 1
    outer loop
      vertex -0.9354270175099373 -1.9354105070233345 19.5
      vertex -0.7926354855298996 -1.9711779206991196 19.5
      vertex -1 -1 19.5
    endloop
  endfacet
  facet normal 0 0 1
    outer loop
      vertex -0.7926354855298996 -1.9711779206991196 19.5
      vertex -0.6470257118344307 -1.9927770867943764 19.5
      vertex -1 -1 19.5
    endloop
  endfacet
  facet normal 0 0 1
    outer loop
      vertex -1 -1 19.5
      vertex -0.6470257118344307 -1.9927770867943764 19.5
      vertex -0.5 -2 19.5
    endloop
  endfacet
  facet normal 0 0 1
    outer loop
      vertex -1.2070951089262962 -1.8228818997740746 19.5
      vertex -1 9 19.5
      vertex -1.333355352282524 -1.747204415500164 19.5
    endloop
  endfacet
  facet normal 0 0 1
    outer loop
      vertex -1.074025146663189 -1.8858193010091782 19.5
      vertex -1 9 19.5
      vertex -1.2070951089262962 -1.8228818997740746 19.5
    endloop
  endfacet
  facet normal 0 0 1
    outer loop
      vertex -1.8228818997740746 -1.2070951089262962 19.5
      vertex -1.747204415500164 -1.333355352282524 19.5
      vertex -1 9 19.5
    endloop
  endfacet
  facet normal 0 0 1
    outer loop
      vertex -1.9711779206991196 -0.7926354855298996 19.5
      vertex -1.9354105070233345 -0.9354270175099373 19.5
      vertex -1 9 19.5
    endloop
  endfacet
  facet normal 0 0 1
    outer loop
      vertex -1.8228818997740746 -1.2070951089262962 19.5
      vertex -1 9 19.5
      vertex -1.8858193010091782 -1.074025146663189 19.5
    endloop
  endfacet
  facet normal 0 0 1
    outer loop
      vertex -1.8858193010091782 -1.074025146663189 19.5
      vertex -1 9 19.5
      vertex -1.9354105070233345 -0.9354270175099373 19.5
    endloop
  endfacet
  facet normal 0 0 1
    outer loop
      vertex -1.9711779206991196 -0.7926354855298996 19.5
      vertex -1 9 19.5
      vertex -1.9927770867943764 -0.6470257118344307 19.5
    endloop
  endfacet
  facet normal 0 0 1
    outer loop
      vertex -1.9927770867943764 -0.6470257118344307 19.5
      vertex -1 9 19.5
      vertex -2 -0.5 19.5
    endloop
  endfacet
  facet normal 0 0 1
    outer loop
      vertex -1.5606601685285568 -1.5606601685285568 19.5
      vertex -1 9 19.5
      vertex -1.6595156788825989 -1.4515899270772934 19.5
    endloop
  endfacet
  facet normal 0 0 1
    outer loop
      vertex -1.6595156788825989 -1.4515899270772934 19.5
      vertex -1 9 19.5
      vertex -1.747204415500164 -1.333355352282524 19.5
    endloop
  endfacet
  facet normal 0 0 1
    outer loop
      vertex -1.4515899270772934 -1.6595156788825989 19.5
      vertex -1.333355352282524 -1.747204415500164 19.5
      vertex -1 9 19.5
    endloop
  endfacet
  facet normal 0 0 1
    outer loop
      vertex -1.4515899270772934 -1.6595156788825989 19.5
      vertex -1 9 19.5
      vertex -1.5606601685285568 -1.5606601685285568 19.5
    endloop
  endfacet
  facet normal 0 0 1
    outer loop
      vertex -1.074025146663189 -1.8858193010091782 19.5
      vertex -1 -1 19.5
      vertex -1 9 19.5
    endloop
  endfacet
  facet normal 0 0 1
    outer loop
      vertex -2 -0.5 19.5
      vertex -1 9 19.5
      vertex -2 8 19.5
    endloop
  endfacet
  facet normal -0.9987954551570747 0.04906769566193293 0
    outer loop
      vertex -27 40.5 0
      vertex -26.992777086794376 40.64702571183443 19.5
      vertex -26.992777086794376 40.64702571183443 0
    endloop
  endfacet
  facet normal -0.989176513397145 0.14673045131624157 0
    outer loop
      vertex -26.992777086794376 40.64702571183443 0
      vertex -26.97117792069912 40.7926354855299 19.5
      vertex -26.97117792069912 40.7926354855299 0
    endloop
  endfacet
  facet normal -0.9700312581757379 0.24298016001722236 0
    outer loop
      vertex -26.97117792069912 40.7926354855299 0
      vertex -26.935410507023335 40.93542701750994 19.5
      vertex -26.935410507023335 40.93542701750994 0
    endloop
  endfacet
  facet normal -0.941544059926039 0.33688986808449944 0
    outer loop
      vertex -26.935410507023335 40.93542701750994 0
      vertex -26.885819301009178 41.07402514666319 19.5
      vertex -26.885819301009178 41.07402514666319 0
    endloop
  endfacet
  facet normal -0.9039893026927516 0.42755507319767905 0
    outer loop
      vertex -26.885819301009178 41.07402514666319 0
      vertex -26.822881899774075 41.207095108926296 19.5
      vertex -26.822881899774075 41.207095108926296 0
    endloop
  endfacet
  facet normal -0.857728589734709 0.5141027780042697 0
    outer loop
      vertex -26.822881899774075 41.207095108926296 0
      vertex -26.747204415500164 41.333355352282524 19.5
      vertex -26.747204415500164 41.333355352282524 0
    endloop
  endfacet
  facet normal -0.8032075326742517 0.5956993028830408 0
    outer loop
      vertex -26.747204415500164 41.333355352282524 0
      vertex -26.6595156788826 41.45158992707729 19.5
      vertex -26.6595156788826 41.45158992707729 0
    endloop
  endfacet
  facet normal -0.7409511057814068 0.6715589764431048 0
    outer loop
      vertex -26.6595156788826 41.45158992707729 0
      vertex -26.560660168528557 41.56066016852856 19.5
      vertex -26.560660168528557 41.56066016852856 0
    endloop
  endfacet
  facet normal -0.6715589764431048 0.7409511057814068 0
    outer loop
      vertex -26.560660168528557 41.56066016852856 0
      vertex -26.451589927077293 41.6595156788826 19.5
      vertex -26.451589927077293 41.6595156788826 0
    endloop
  endfacet
  facet normal -0.5956993028830408 0.8032075326742517 0
    outer loop
      vertex -26.451589927077293 41.6595156788826 0
      vertex -26.333355352282524 41.747204415500164 19.5
      vertex -26.333355352282524 41.747204415500164 0
    endloop
  endfacet
  facet normal -0.5141027780042697 0.857728589734709 0
    outer loop
      vertex -26.333355352282524 41.747204415500164 0
      vertex -26.207095108926296 41.822881899774075 19.5
      vertex -26.207095108926296 41.822881899774075 0
    endloop
  endfacet
  facet normal -0.42755507319767905 0.9039893026927516 0
    outer loop
      vertex -26.207095108926296 41.822881899774075 0
      vertex -26.07402514666319 41.88581930100918 19.5
      vertex -26.07402514666319 41.88581930100918 0
    endloop
  endfacet
  facet normal -0.33688986808449944 0.941544059926039 0
    outer loop
      vertex -26.07402514666319 41.88581930100918 0
      vertex -25.935427017509937 41.935410507023335 19.5
      vertex -25.935427017509937 41.935410507023335 0
    endloop
  endfacet
  facet normal -0.24298016001722236 0.9700312581757379 0
    outer loop
      vertex -25.935427017509937 41.935410507023335 0
      vertex -25.7926354855299 41.97117792069912 19.5
      vertex -25.7926354855299 41.97117792069912 0
    endloop
  endfacet
  facet normal -0.14673045131624157 0.989176513397145 0
    outer loop
      vertex -25.7926354855299 41.97117792069912 0
      vertex -25.64702571183443 41.992777086794376 19.5
      vertex -25.64702571183443 41.992777086794376 0
    endloop
  endfacet
  facet normal -0.04906769566193293 0.9987954551570747 0
    outer loop
      vertex -25.64702571183443 41.992777086794376 0
      vertex -25.5 42 19.5
      vertex -25.5 42 0
    endloop
  endfacet
  facet normal 0 0 -1
    outer loop
      vertex -25.5 42 0
      vertex -1 42 0
      vertex -22 38 0
    endloop
  endfacet
  facet normal -0.9987954551570747 0.04906769566193293 0
    outer loop
      vertex -27 40.5 0
      vertex -27 40.5 19.5
      vertex -26.992777086794376 40.64702571183443 19.5
    endloop
  endfacet
  facet normal -0.989176513397145 0.14673045131624157 0
    outer loop
      vertex -26.992777086794376 40.64702571183443 0
      vertex -26.992777086794376 40.64702571183443 19.5
      vertex -26.97117792069912 40.7926354855299 19.5
    endloop
  endfacet
  facet normal -0.9700312581757379 0.24298016001722236 0
    outer loop
      vertex -26.97117792069912 40.7926354855299 0
      vertex -26.97117792069912 40.7926354855299 19.5
      vertex -26.935410507023335 40.93542701750994 19.5
    endloop
  endfacet
  facet normal -0.941544059926039 0.33688986808449944 0
    outer loop
      vertex -26.935410507023335 40.93542701750994 0
      vertex -26.935410507023335 40.93542701750994 19.5
      vertex -26.885819301009178 41.07402514666319 19.5
    endloop
  endfacet
  facet normal -0.9039893026927516 0.42755507319767905 0
    outer loop
      vertex -26.885819301009178 41.07402514666319 0
      vertex -26.885819301009178 41.07402514666319 19.5
      vertex -26.822881899774075 41.207095108926296 19.5
    endloop
  endfacet
  facet normal -0.857728589734709 0.5141027780042697 0
    outer loop
      vertex -26.822881899774075 41.207095108926296 0
      vertex -26.822881899774075 41.207095108926296 19.5
      vertex -26.747204415500164 41.333355352282524 19.5
    endloop
  endfacet
  facet normal -0.8032075326742517 0.5956993028830408 0
    outer loop
      vertex -26.747204415500164 41.333355352282524 0
      vertex -26.747204415500164 41.333355352282524 19.5
      vertex -26.6595156788826 41.45158992707729 19.5
    endloop
  endfacet
  facet normal -0.7409511057814068 0.6715589764431048 0
    outer loop
      vertex -26.6595156788826 41.45158992707729 0
      vertex -26.6595156788826 41.45158992707729 19.5
      vertex -26.560660168528557 41.56066016852856 19.5
    endloop
  endfacet
  facet normal -0.6715589764431048 0.7409511057814068 0
    outer loop
      vertex -26.560660168528557 41.56066016852856 0
      vertex -26.560660168528557 41.56066016852856 19.5
      vertex -26.451589927077293 41.6595156788826 19.5
    endloop
  endfacet
  facet normal -0.5956993028830408 0.8032075326742517 0
    outer loop
      vertex -26.451589927077293 41.6595156788826 0
      vertex -26.451589927077293 41.6595156788826 19.5
      vertex -26.333355352282524 41.747204415500164 19.5
    endloop
  endfacet
  facet normal -0.5141027780042697 0.857728589734709 0
    outer loop
      vertex -26.333355352282524 41.747204415500164 0
      vertex -26.333355352282524 41.747204415500164 19.5
      vertex -26.207095108926296 41.822881899774075 19.5
    endloop
  endfacet
  facet normal -0.42755507319767905 0.9039893026927516 0
    outer loop
      vertex -26.207095108926296 41.822881899774075 0
      vertex -26.207095108926296 41.822881899774075 19.5
      vertex -26.07402514666319 41.88581930100918 19.5
    endloop
  endfacet
  facet normal -0.33688986808449944 0.941544059926039 0
    outer loop
      vertex -26.07402514666319 41.88581930100918 0
      vertex -26.07402514666319 41.88581930100918 19.5
      vertex -25.935427017509937 41.935410507023335 19.5
    endloop
  endfacet
  facet normal -0.24298016001722236 0.9700312581757379 0
    outer loop
      vertex -25.935427017509937 41.935410507023335 0
      vertex -25.935427017509937 41.935410507023335 19.5
      vertex -25.7926354855299 41.97117792069912 19.5
    endloop
  endfacet
  facet normal -0.14673045131624157 0.989176513397145 0
    outer loop
      vertex -25.7926354855299 41.97117792069912 0
      vertex -25.7926354855299 41.97117792069912 19.5
      vertex -25.64702571183443 41.992777086794376 19.5
    endloop
  endfacet
  facet normal -0.04906769566193293 0.9987954551570747 0
    outer loop
      vertex -25.64702571183443 41.992777086794376 0
      vertex -25.64702571183443 41.992777086794376 19.5
      vertex -25.5 42 19.5
    endloop
  endfacet
  facet normal 0 1 0
    outer loop
      vertex -25.5 42 0
      vertex -25.5 42 19.5
      vertex -1 42 19.5
    endloop
  endfacet
  facet normal 0 0 -1
    outer loop
      vertex -1 42 0
      vertex -19.5 38 0
      vertex -22 38 0
    endloop
  endfacet
  facet normal 0 0 -1
    outer loop
      vertex -1 42 0
      vertex -5.5 38 0
      vertex -19.5 38 0
    endloop
  endfacet
  facet normal 0 1 0
    outer loop
      vertex -25.5 42 0
      vertex -1 42 19.5
      vertex -1 42 0
    endloop
  endfacet
  facet normal 0 0 -1
    outer loop
      vertex -1 42 0
      vertex -3 38 0
      vertex -5.5 38 0
    endloop
  endfacet
  facet normal -1 0 0
    outer loop
      vertex -1 42 0
      vertex -1 61 19.5
      vertex -1 61 0
    endloop
  endfacet
  facet normal -1 0 0
    outer loop
      vertex -1 42 0
      vertex -1 42 19.5
      vertex -1 61 19.5
    endloop
  endfacet
  facet normal -0.9987954551570747 0.04906769566193293 0
    outer loop
      vertex -1 61 0
      vertex -0.9927770867943764 61.14702571183443 19.5
      vertex -0.9927770867943764 61.14702571183443 0
    endloop
  endfacet
  facet normal -0.989176513397145 0.14673045131624157 0
    outer loop
      vertex -0.9927770867943764 61.14702571183443 0
      vertex -0.9711779206991196 61.2926354855299 19.5
      vertex -0.9711779206991196 61.2926354855299 0
    endloop
  endfacet
  facet normal -0.9700312581757379 0.24298016001722236 0
    outer loop
      vertex -0.9711779206991196 61.2926354855299 0
      vertex -0.9354105070233345 61.43542701750994 19.5
      vertex -0.9354105070233345 61.43542701750994 0
    endloop
  endfacet
  facet normal -0.941544059926039 0.33688986808449944 0
    outer loop
      vertex -0.9354105070233345 61.43542701750994 0
      vertex -0.8858193010091782 61.57402514666319 19.5
      vertex -0.8858193010091782 61.57402514666319 0
    endloop
  endfacet
  facet normal -0.9039893026927516 0.42755507319767905 0
    outer loop
      vertex -0.8858193010091782 61.57402514666319 0
      vertex -0.8228818997740746 61.707095108926296 19.5
      vertex -0.8228818997740746 61.707095108926296 0
    endloop
  endfacet
  facet normal -0.857728589734709 0.5141027780042697 0
    outer loop
      vertex -0.8228818997740746 61.707095108926296 0
      vertex -0.747204415500164 61.833355352282524 19.5
      vertex -0.747204415500164 61.833355352282524 0
    endloop
  endfacet
  facet normal -0.8032075326742517 0.5956993028830408 0
    outer loop
      vertex -0.747204415500164 61.833355352282524 0
      vertex -0.6595156788825989 61.95158992707729 19.5
      vertex -0.6595156788825989 61.95158992707729 0
    endloop
  endfacet
  facet normal -0.7409511057814068 0.6715589764431048 0
    outer loop
      vertex -0.6595156788825989 61.95158992707729 0
      vertex -0.5606601685285568 62.06066016852856 19.5
      vertex -0.5606601685285568 62.06066016852856 0
    endloop
  endfacet
  facet normal -0.6715589764431048 0.7409511057814068 0
    outer loop
      vertex -0.5606601685285568 62.06066016852856 0
      vertex -0.4515899270772934 62.1595156788826 19.5
      vertex -0.4515899270772934 62.1595156788826 0
    endloop
  endfacet
  facet normal -0.5956993028830408 0.8032075326742517 0
    outer loop
      vertex -0.4515899270772934 62.1595156788826 0
      vertex -0.3333553522825241 62.247204415500164 19.5
      vertex -0.3333553522825241 62.247204415500164 0
    endloop
  endfacet
  facet normal -0.5141027780042697 0.857728589734709 0
    outer loop
      vertex -0.3333553522825241 62.247204415500164 0
      vertex -0.20709510892629623 62.322881899774075 19.5
      vertex -0.20709510892629623 62.322881899774075 0
    endloop
  endfacet
  facet normal -0.42755507319767905 0.9039893026927516 0
    outer loop
      vertex -0.20709510892629623 62.322881899774075 0
      vertex -0.07402514666318893 62.38581930100918 19.5
      vertex -0.07402514666318893 62.38581930100918 0
    endloop
  endfacet
  facet normal -0.9987954551570747 0.04906769566193293 0
    outer loop
      vertex -1 61 0
      vertex -1 61 19.5
      vertex -0.9927770867943764 61.14702571183443 19.5
    endloop
  endfacet
  facet normal -0.989176513397145 0.14673045131624157 0
    outer loop
      vertex -0.9927770867943764 61.14702571183443 0
      vertex -0.9927770867943764 61.14702571183443 19.5
      vertex -0.9711779206991196 61.2926354855299 19.5
    endloop
  endfacet
  facet normal -0.9700312581757379 0.24298016001722236 0
    outer loop
      vertex -0.9711779206991196 61.2926354855299 0
      vertex -0.9711779206991196 61.2926354855299 19.5
      vertex -0.9354105070233345 61.43542701750994 19.5
    endloop
  endfacet
  facet normal -0.941544059926039 0.33688986808449944 0
    outer loop
      vertex -0.9354105070233345 61.43542701750994 0
      vertex -0.9354105070233345 61.43542701750994 19.5
      vertex -0.8858193010091782 61.57402514666319 19.5
    endloop
  endfacet
  facet normal -0.9039893026927516 0.42755507319767905 0
    outer loop
      vertex -0.8858193010091782 61.57402514666319 0
      vertex -0.8858193010091782 61.57402514666319 19.5
      vertex -0.8228818997740746 61.707095108926296 19.5
    endloop
  endfacet
  facet normal -0.857728589734709 0.5141027780042697 0
    outer loop
      vertex -0.8228818997740746 61.707095108926296 0
      vertex -0.8228818997740746 61.707095108926296 19.5
      vertex -0.747204415500164 61.833355352282524 19.5
    endloop
  endfacet
  facet normal -0.8032075326742517 0.5956993028830408 0
    outer loop
      vertex -0.747204415500164 61.833355352282524 0
      vertex -0.747204415500164 61.833355352282524 19.5
      vertex -0.6595156788825989 61.95158992707729 19.5
    endloop
  endfacet
  facet normal -0.7409511057814068 0.6715589764431048 0
    outer loop
      vertex -0.6595156788825989 61.95158992707729 0
      vertex -0.6595156788825989 61.95158992707729 19.5
      vertex -0.5606601685285568 62.06066016852856 19.5
    endloop
  endfacet
  facet normal -0.6715589764431048 0.7409511057814068 0
    outer loop
      vertex -0.5606601685285568 62.06066016852856 0
      vertex -0.5606601685285568 62.06066016852856 19.5
      vertex -0.4515899270772934 62.1595156788826 19.5
    endloop
  endfacet
  facet normal -0.5956993028830408 0.8032075326742517 0
    outer loop
      vertex -0.4515899270772934 62.1595156788826 0
      vertex -0.4515899270772934 62.1595156788826 19.5
      vertex -0.3333553522825241 62.247204415500164 19.5
    endloop
  endfacet
  facet normal -0.5141027780042697 0.857728589734709 0
    outer loop
      vertex -0.3333553522825241 62.247204415500164 0
      vertex -0.3333553522825241 62.247204415500164 19.5
      vertex -0.20709510892629623 62.322881899774075 19.5
    endloop
  endfacet
  facet normal -0.42755507319767905 0.9039893026927516 0
    outer loop
      vertex -0.20709510892629623 62.322881899774075 0
      vertex -0.20709510892629623 62.322881899774075 19.5
      vertex -0.07402514666318893 62.38581930100918 19.5
    endloop
  endfacet
  facet normal -0.33688986808449944 0.941544059926039 0
    outer loop
      vertex -0.07402514666318893 62.38581930100918 0
      vertex -0.07402514666318893 62.38581930100918 19.5
      vertex 0.06457298249006271 62.435410507023335 19.5
    endloop
  endfacet
  facet normal 0 0 1
    outer loop
      vertex -26 41 19.5
      vertex 0 41 19.5
      vertex -26.07402514666319 41.88581930100918 19.5
    endloop
  endfacet
  facet normal 0 0 1
    outer loop
      vertex -26.07402514666319 41.88581930100918 19.5
      vertex 0 41 19.5
      vertex -25.935427017509937 41.935410507023335 19.5
    endloop
  endfacet
  facet normal 0 0 1
    outer loop
      vertex -25.935427017509937 41.935410507023335 19.5
      vertex 0 41 19.5
      vertex -25.7926354855299 41.97117792069912 19.5
    endloop
  endfacet
  facet normal 0 0 1
    outer loop
      vertex -25.7926354855299 41.97117792069912 19.5
      vertex 0 41 19.5
      vertex -25.64702571183443 41.992777086794376 19.5
    endloop
  endfacet
  facet normal 0 0 1
    outer loop
      vertex -25.64702571183443 41.992777086794376 19.5
      vertex 0 41 19.5
      vertex -25.5 42 19.5
    endloop
  endfacet
  facet normal 0 0 1
    outer loop
      vertex -25.5 42 19.5
      vertex 0 41 19.5
      vertex -1 42 19.5
    endloop
  endfacet
  facet normal 0 0 1
    outer loop
      vertex 0 41 19.5
      vertex 0 61.5 19.5
      vertex -1 42 19.5
    endloop
  endfacet
  facet normal 0 0 1
    outer loop
      vertex -1 42 19.5
      vertex 0 61.5 19.5
      vertex -1 61 19.5
    endloop
  endfacet
  facet normal 0 0 1
    outer loop
      vertex -1 61 19.5
      vertex 0 61.5 19.5
      vertex -0.9927770867943764 61.14702571183443 19.5
    endloop
  endfacet
  facet normal 0 0 1
    outer loop
      vertex -0.9927770867943764 61.14702571183443 19.5
      vertex 0 61.5 19.5
      vertex -0.9711779206991196 61.2926354855299 19.5
    endloop
  endfacet
  facet normal 0 0 1
    outer loop
      vertex -0.9711779206991196 61.2926354855299 19.5
      vertex 0 61.5 19.5
      vertex -0.9354105070233345 61.43542701750994 19.5
    endloop
  endfacet
  facet normal 0 0 1
    outer loop
      vertex -0.9354105070233345 61.43542701750994 19.5
      vertex 0 61.5 19.5
      vertex -0.8858193010091782 61.57402514666319 19.5
    endloop
  endfacet
  facet normal 0 0 1
    outer loop
      vertex -0.8858193010091782 61.57402514666319 19.5
      vertex 0 61.5 19.5
      vertex -0.8228818997740746 61.707095108926296 19.5
    endloop
  endfacet
  facet normal 0 0 1
    outer loop
      vertex -0.8228818997740746 61.707095108926296 19.5
      vertex 0 61.5 19.5
      vertex -0.747204415500164 61.833355352282524 19.5
    endloop
  endfacet
  facet normal 0 0 1
    outer loop
      vertex -0.747204415500164 61.833355352282524 19.5
      vertex 0 61.5 19.5
      vertex -0.6595156788825989 61.95158992707729 19.5
    endloop
  endfacet
  facet normal 0 0 1
    outer loop
      vertex -0.6595156788825989 61.95158992707729 19.5
      vertex 0 61.5 19.5
      vertex -0.5606601685285568 62.06066016852856 19.5
    endloop
  endfacet
  facet normal 0 0 1
    outer loop
      vertex 0 61.5 19.5
      vertex -0.4515899270772934 62.1595156788826 19.5
      vertex -0.5606601685285568 62.06066016852856 19.5
    endloop
  endfacet
  facet normal 0 0 -1
    outer loop
      vertex -0.5 -2 0
      vertex 2 34.5 0
      vertex 2 31.5 0
    endloop
  endfacet
  facet normal 0 0 -1
    outer loop
      vertex -0.5 -2 0
      vertex -1 42 0
      vertex 2 34.5 0
    endloop
  endfacet
  facet normal 0 -1 0
    outer loop
      vertex -0.5 -2 0
      vertex 55.5 -2 0
      vertex -0.5 -2 19.5
    endloop
  endfacet
  facet normal 0 0 -1
    outer loop
      vertex -0.5 -2 0
      vertex 2 31.5 0
      vertex 55.5 -2 0
    endloop
  endfacet
  facet normal 0 0 1
    outer loop
      vertex -1 -1 19.5
      vertex -0.5 -2 19.5
      vertex 55.5 -2 19.5
    endloop
  endfacet
  facet normal 0 0 -1
    outer loop
      vertex -1 42 0
      vertex -1 61 0
      vertex 2 57.5 0
    endloop
  endfacet
  facet normal 0 0 -1
    outer loop
      vertex -1 61 0
      vertex -0.9927770867943764 61.14702571183443 0
      vertex 2 57.5 0
    endloop
  endfacet
  facet normal 0 0 -1
    outer loop
      vertex -0.9927770867943764 61.14702571183443 0
      vertex -0.9711779206991196 61.2926354855299 0
      vertex 2 57.5 0
    endloop
  endfacet
  facet normal 0 0 -1
    outer loop
      vertex -0.9711779206991196 61.2926354855299 0
      vertex -0.9354105070233345 61.43542701750994 0
      vertex 2 57.5 0
    endloop
  endfacet
  facet normal 0 0 -1
    outer loop
      vertex -0.9354105070233345 61.43542701750994 0
      vertex -0.8858193010091782 61.57402514666319 0
      vertex 2 57.5 0
    endloop
  endfacet
  facet normal 0 0 -1
    outer loop
      vertex -0.8858193010091782 61.57402514666319 0
      vertex -0.8228818997740746 61.707095108926296 0
      vertex 2 57.5 0
    endloop
  endfacet
  facet normal 0 0 -1
    outer loop
      vertex -0.8228818997740746 61.707095108926296 0
      vertex -0.747204415500164 61.833355352282524 0
      vertex 2 57.5 0
    endloop
  endfacet
  facet normal 0 0 -1
    outer loop
      vertex -0.747204415500164 61.833355352282524 0
      vertex -0.6595156788825989 61.95158992707729 0
      vertex 2 57.5 0
    endloop
  endfacet
  facet normal 0 0 -1
    outer loop
      vertex -0.6595156788825989 61.95158992707729 0
      vertex -0.5606601685285568 62.06066016852856 0
      vertex 2 57.5 0
    endloop
  endfacet
  facet normal 0 0 -1
    outer loop
      vertex -0.5606601685285568 62.06066016852856 0
      vertex -0.4515899270772934 62.1595156788826 0
      vertex 2 57.5 0
    endloop
  endfacet
  facet normal 0 0 -1
    outer loop
      vertex -0.4515899270772934 62.1595156788826 0
      vertex -0.3333553522825241 62.247204415500164 0
      vertex 2 57.5 0
    endloop
  endfacet
  facet normal 0 0 -1
    outer loop
      vertex -0.3333553522825241 62.247204415500164 0
      vertex -0.20709510892629623 62.322881899774075 0
      vertex 2 57.5 0
    endloop
  endfacet
  facet normal 0 0 -1
    outer loop
      vertex -0.20709510892629623 62.322881899774075 0
      vertex -0.07402514666318893 62.38581930100918 0
      vertex 2 57.5 0
    endloop
  endfacet
  facet normal 0 0 -1
    outer loop
      vertex -0.07402514666318893 62.38581930100918 0
      vertex 0.06457298249006271 62.435410507023335 0
      vertex 2 57.5 0
    endloop
  endfacet
  facet normal 0 0 -1
    outer loop
      vertex 0.06457298249006271 62.435410507023335 0
      vertex 0.2073645144701004 62.47117792069912 0
      vertex 2 57.5 0
    endloop
  endfacet
  facet normal 0 0 -1
    outer loop
      vertex 0.2073645144701004 62.47117792069912 0
      vertex 0.3529742881655693 62.492777086794376 0
      vertex 2 57.5 0
    endloop
  endfacet
  facet normal 0 0 -1
    outer loop
      vertex 0.3529742881655693 62.492777086794376 0
      vertex 0.5 62.5 0
      vertex 2 60.5 0
    endloop
  endfacet
  facet normal 0 0 -1
    outer loop
      vertex 0.3529742881655693 62.492777086794376 0
      vertex 2 60.5 0
      vertex 2 57.5 0
    endloop
  endfacet
  facet normal -0.33688986808449944 0.941544059926039 0
    outer loop
      vertex -0.07402514666318893 62.38581930100918 0
      vertex 0.06457298249006271 62.435410507023335 19.5
      vertex 0.06457298249006271 62.435410507023335 0
    endloop
  endfacet
  facet normal -0.24298016001722236 0.9700312581757379 0
    outer loop
      vertex 0.06457298249006271 62.435410507023335 0
      vertex 0.2073645144701004 62.47117792069912 19.5
      vertex 0.2073645144701004 62.47117792069912 0
    endloop
  endfacet
  facet normal -0.14673045131624157 0.989176513397145 0
    outer loop
      vertex 0.2073645144701004 62.47117792069912 0
      vertex 0.3529742881655693 62.492777086794376 19.5
      vertex 0.3529742881655693 62.492777086794376 0
    endloop
  endfacet
  facet normal -0.04906769566193293 0.9987954551570747 0
    outer loop
      vertex 0.3529742881655693 62.492777086794376 0
      vertex 0.5 62.5 19.5
      vertex 0.5 62.5 0
    endloop
  endfacet
  facet normal -0.24298016001722236 0.9700312581757379 0
    outer loop
      vertex 0.06457298249006271 62.435410507023335 0
      vertex 0.06457298249006271 62.435410507023335 19.5
      vertex 0.2073645144701004 62.47117792069912 19.5
    endloop
  endfacet
  facet normal -0.14673045131624157 0.989176513397145 0
    outer loop
      vertex 0.2073645144701004 62.47117792069912 0
      vertex 0.2073645144701004 62.47117792069912 19.5
      vertex 0.3529742881655693 62.492777086794376 19.5
    endloop
  endfacet
  facet normal -0.04906769566193293 0.9987954551570747 0
    outer loop
      vertex 0.3529742881655693 62.492777086794376 0
      vertex 0.3529742881655693 62.492777086794376 19.5
      vertex 0.5 62.5 19.5
    endloop
  endfacet
  facet normal 0 0 -1
    outer loop
      vertex -1 42 0
      vertex 61 57.5 0
      vertex 2 34.5 0
    endloop
  endfacet
  facet normal 0 0 -1
    outer loop
      vertex -1 42 0
      vertex 2 57.5 0
      vertex 61 57.5 0
    endloop
  endfacet
  facet normal 0 0 -1
    outer loop
      vertex 0.5 62.5 0
      vertex 62.5 62.5 0
      vertex 2 60.5 0
    endloop
  endfacet
  facet normal 0 1 0
    outer loop
      vertex 0.5 62.5 0
      vertex 0.5 62.5 19.5
      vertex 62.5 62.5 19.5
    endloop
  endfacet
  facet normal 0 0 1
    outer loop
      vertex -0.4515899270772934 62.1595156788826 19.5
      vertex 63 61.5 19.5
      vertex -0.3333553522825241 62.247204415500164 19.5
    endloop
  endfacet
  facet normal 0 0 1
    outer loop
      vertex 0 61.5 19.5
      vertex 63 61.5 19.5
      vertex -0.4515899270772934 62.1595156788826 19.5
    endloop
  endfacet
  facet normal 0 0 1
    outer loop
      vertex -0.3333553522825241 62.247204415500164 19.5
      vertex 63 61.5 19.5
      vertex -0.20709510892629623 62.322881899774075 19.5
    endloop
  endfacet
  facet normal 0 0 1
    outer loop
      vertex -0.20709510892629623 62.322881899774075 19.5
      vertex 63 61.5 19.5
      vertex -0.07402514666318893 62.38581930100918 19.5
    endloop
  endfacet
  facet normal 0 0 1
    outer loop
      vertex -0.07402514666318893 62.38581930100918 19.5
      vertex 63 61.5 19.5
      vertex 0.06457298249006271 62.435410507023335 19.5
    endloop
  endfacet
  facet normal 0 0 1
    outer loop
      vertex 0.06457298249006271 62.435410507023335 19.5
      vertex 63 61.5 19.5
      vertex 0.2073645144701004 62.47117792069912 19.5
    endloop
  endfacet
  facet normal 0 0 1
    outer loop
      vertex 0.2073645144701004 62.47117792069912 19.5
      vertex 63 61.5 19.5
      vertex 0.3529742881655693 62.492777086794376 19.5
    endloop
  endfacet
  facet normal 0 0 1
    outer loop
      vertex 0.3529742881655693 62.492777086794376 19.5
      vertex 63 61.5 19.5
      vertex 0.5 62.5 19.5
    endloop
  endfacet
  facet normal 0 0 -1
    outer loop
      vertex 55.5 -2 0
      vertex 2 31.5 0
      vertex 55.64702571183443 -1.9927770867943764 0
    endloop
  endfacet
  facet normal 0 0 -1
    outer loop
      vertex 55.64702571183443 -1.9927770867943764 0
      vertex 2 31.5 0
      vertex 55.7926354855299 -1.9711779206991196 0
    endloop
  endfacet
  facet normal 0 0 -1
    outer loop
      vertex 55.7926354855299 -1.9711779206991196 0
      vertex 2 31.5 0
      vertex 55.93542701750994 -1.9354105070233345 0
    endloop
  endfacet
  facet normal 0 0 -1
    outer loop
      vertex 55.93542701750994 -1.9354105070233345 0
      vertex 2 31.5 0
      vertex 56.07402514666319 -1.8858193010091782 0
    endloop
  endfacet
  facet normal 0 0 -1
    outer loop
      vertex 56.07402514666319 -1.8858193010091782 0
      vertex 2 31.5 0
      vertex 56.207095108926296 -1.8228818997740746 0
    endloop
  endfacet
  facet normal 0 0 -1
    outer loop
      vertex 56.207095108926296 -1.8228818997740746 0
      vertex 2 31.5 0
      vertex 56.333355352282524 -1.747204415500164 0
    endloop
  endfacet
  facet normal 0 0 -1
    outer loop
      vertex 56.333355352282524 -1.747204415500164 0
      vertex 2 31.5 0
      vertex 56.45158992707729 -1.6595156788825989 0
    endloop
  endfacet
  facet normal 0 0 -1
    outer loop
      vertex 56.45158992707729 -1.6595156788825989 0
      vertex 2 31.5 0
      vertex 56.56066016852856 -1.5606601685285568 0
    endloop
  endfacet
  facet normal 0 0 -1
    outer loop
      vertex 56.56066016852856 -1.5606601685285568 0
      vertex 2 31.5 0
      vertex 56.6595156788826 -1.4515899270772934 0
    endloop
  endfacet
  facet normal 0 0 -1
    outer loop
      vertex 56.6595156788826 -1.4515899270772934 0
      vertex 2 31.5 0
      vertex 56.747204415500164 -1.333355352282524 0
    endloop
  endfacet
  facet normal 0 0 -1
    outer loop
      vertex 56.747204415500164 -1.333355352282524 0
      vertex 2 31.5 0
      vertex 56.822881899774075 -1.2070951089262962 0
    endloop
  endfacet
  facet normal 0 0 -1
    outer loop
      vertex 56.822881899774075 -1.2070951089262962 0
      vertex 2 31.5 0
      vertex 56.88581930100918 -1.074025146663189 0
    endloop
  endfacet
  facet normal 0 0 -1
    outer loop
      vertex 56.88581930100918 -1.074025146663189 0
      vertex 2 31.5 0
      vertex 56.935410507023335 -0.9354270175099373 0
    endloop
  endfacet
  facet normal 0 0 -1
    outer loop
      vertex 56.935410507023335 -0.9354270175099373 0
      vertex 2 31.5 0
      vertex 56.97117792069912 -0.7926354855298996 0
    endloop
  endfacet
  facet normal 0 0 -1
    outer loop
      vertex 56.97117792069912 -0.7926354855298996 0
      vertex 2 31.5 0
      vertex 56.992777086794376 -0.6470257118344307 0
    endloop
  endfacet
  facet normal 0 0 -1
    outer loop
      vertex 56.992777086794376 -0.6470257118344307 0
      vertex 2 31.5 0
      vertex 57 -0.5 0
    endloop
  endfacet
  facet normal 0 -1 0
    outer loop
      vertex -0.5 -2 19.5
      vertex 55.5 -2 0
      vertex 55.5 -2 19.5
    endloop
  endfacet
  facet normal 0 0 -1
    outer loop
      vertex 57 -0.5 0
      vertex 2 31.5 0
      vertex 57 27.5 0
    endloop
  endfacet
  facet normal 0 0 -1
    outer loop
      vertex 57 27.5 0
      vertex 2 31.5 0
      vertex 61 31.5 0
    endloop
  endfacet
  facet normal 0.04906769566193293 -0.9987954551570747 0
    outer loop
      vertex 55.5 -2 0
      vertex 55.64702571183443 -1.9927770867943764 0
      vertex 55.5 -2 19.5
    endloop
  endfacet
  facet normal 0.14673045131624157 -0.989176513397145 0
    outer loop
      vertex 55.64702571183443 -1.9927770867943764 0
      vertex 55.7926354855299 -1.9711779206991196 0
      vertex 55.64702571183443 -1.9927770867943764 19.5
    endloop
  endfacet
  facet normal 0.24298016001722236 -0.9700312581757379 0
    outer loop
      vertex 55.7926354855299 -1.9711779206991196 0
      vertex 55.93542701750994 -1.9354105070233345 0
      vertex 55.7926354855299 -1.9711779206991196 19.5
    endloop
  endfacet
  facet normal 0.33688986808449944 -0.941544059926039 0
    outer loop
      vertex 55.93542701750994 -1.9354105070233345 0
      vertex 56.07402514666319 -1.8858193010091782 0
      vertex 55.93542701750994 -1.9354105070233345 19.5
    endloop
  endfacet
  facet normal 0.42755507319767905 -0.9039893026927516 0
    outer loop
      vertex 56.07402514666319 -1.8858193010091782 0
      vertex 56.207095108926296 -1.8228818997740746 0
      vertex 56.07402514666319 -1.8858193010091782 19.5
    endloop
  endfacet
  facet normal 0.5141027780042697 -0.857728589734709 0
    outer loop
      vertex 56.207095108926296 -1.8228818997740746 0
      vertex 56.333355352282524 -1.747204415500164 0
      vertex 56.207095108926296 -1.8228818997740746 19.5
    endloop
  endfacet
  facet normal 0.5956993028830408 -0.8032075326742517 0
    outer loop
      vertex 56.333355352282524 -1.747204415500164 0
      vertex 56.45158992707729 -1.6595156788825989 0
      vertex 56.333355352282524 -1.747204415500164 19.5
    endloop
  endfacet
  facet normal 0.6715589764431048 -0.7409511057814068 0
    outer loop
      vertex 56.45158992707729 -1.6595156788825989 0
      vertex 56.56066016852856 -1.5606601685285568 0
      vertex 56.45158992707729 -1.6595156788825989 19.5
    endloop
  endfacet
  facet normal 0.7409511057814068 -0.6715589764431048 0
    outer loop
      vertex 56.56066016852856 -1.5606601685285568 0
      vertex 56.6595156788826 -1.4515899270772934 0
      vertex 56.56066016852856 -1.5606601685285568 19.5
    endloop
  endfacet
  facet normal 0.8032075326742517 -0.5956993028830408 0
    outer loop
      vertex 56.6595156788826 -1.4515899270772934 0
      vertex 56.747204415500164 -1.333355352282524 0
      vertex 56.6595156788826 -1.4515899270772934 19.5
    endloop
  endfacet
  facet normal 0.857728589734709 -0.5141027780042697 0
    outer loop
      vertex 56.747204415500164 -1.333355352282524 0
      vertex 56.822881899774075 -1.2070951089262962 0
      vertex 56.747204415500164 -1.333355352282524 19.5
    endloop
  endfacet
  facet normal 0.9039893026927516 -0.42755507319767905 0
    outer loop
      vertex 56.822881899774075 -1.2070951089262962 0
      vertex 56.88581930100918 -1.074025146663189 0
      vertex 56.822881899774075 -1.2070951089262962 19.5
    endloop
  endfacet
  facet normal 0.941544059926039 -0.33688986808449944 0
    outer loop
      vertex 56.88581930100918 -1.074025146663189 0
      vertex 56.935410507023335 -0.9354270175099373 0
      vertex 56.88581930100918 -1.074025146663189 19.5
    endloop
  endfacet
  facet normal 0.9700312581757379 -0.24298016001722236 0
    outer loop
      vertex 56.935410507023335 -0.9354270175099373 0
      vertex 56.97117792069912 -0.7926354855298996 0
      vertex 56.935410507023335 -0.9354270175099373 19.5
    endloop
  endfacet
  facet normal 0.989176513397145 -0.14673045131624157 0
    outer loop
      vertex 56.97117792069912 -0.7926354855298996 0
      vertex 56.992777086794376 -0.6470257118344307 0
      vertex 56.97117792069912 -0.7926354855298996 19.5
    endloop
  endfacet
  facet normal 0.9987954551570747 -0.04906769566193293 0
    outer loop
      vertex 56.992777086794376 -0.6470257118344307 0
      vertex 57 -0.5 0
      vertex 56.992777086794376 -0.6470257118344307 19.5
    endloop
  endfacet
  facet normal 1 0 0
    outer loop
      vertex 57 -0.5 0
      vertex 57 27.5 0
      vertex 57 -0.5 19.5
    endloop
  endfacet
  facet normal 0.04906769566193293 -0.9987954551570747 0
    outer loop
      vertex 55.64702571183443 -1.9927770867943764 0
      vertex 55.64702571183443 -1.9927770867943764 19.5
      vertex 55.5 -2 19.5
    endloop
  endfacet
  facet normal 0.14673045131624157 -0.989176513397145 0
    outer loop
      vertex 55.7926354855299 -1.9711779206991196 0
      vertex 55.7926354855299 -1.9711779206991196 19.5
      vertex 55.64702571183443 -1.9927770867943764 19.5
    endloop
  endfacet
  facet normal 0.24298016001722236 -0.9700312581757379 0
    outer loop
      vertex 55.93542701750994 -1.9354105070233345 0
      vertex 55.93542701750994 -1.9354105070233345 19.5
      vertex 55.7926354855299 -1.9711779206991196 19.5
    endloop
  endfacet
  facet normal 0.33688986808449944 -0.941544059926039 0
    outer loop
      vertex 56.07402514666319 -1.8858193010091782 0
      vertex 56.07402514666319 -1.8858193010091782 19.5
      vertex 55.93542701750994 -1.9354105070233345 19.5
    endloop
  endfacet
  facet normal 0.42755507319767905 -0.9039893026927516 0
    outer loop
      vertex 56.207095108926296 -1.8228818997740746 0
      vertex 56.207095108926296 -1.8228818997740746 19.5
      vertex 56.07402514666319 -1.8858193010091782 19.5
    endloop
  endfacet
  facet normal 0.5141027780042697 -0.857728589734709 0
    outer loop
      vertex 56.333355352282524 -1.747204415500164 0
      vertex 56.333355352282524 -1.747204415500164 19.5
      vertex 56.207095108926296 -1.8228818997740746 19.5
    endloop
  endfacet
  facet normal 0.5956993028830408 -0.8032075326742517 0
    outer loop
      vertex 56.45158992707729 -1.6595156788825989 0
      vertex 56.45158992707729 -1.6595156788825989 19.5
      vertex 56.333355352282524 -1.747204415500164 19.5
    endloop
  endfacet
  facet normal 0.6715589764431048 -0.7409511057814068 0
    outer loop
      vertex 56.56066016852856 -1.5606601685285568 0
      vertex 56.56066016852856 -1.5606601685285568 19.5
      vertex 56.45158992707729 -1.6595156788825989 19.5
    endloop
  endfacet
  facet normal 0.7409511057814068 -0.6715589764431048 0
    outer loop
      vertex 56.6595156788826 -1.4515899270772934 0
      vertex 56.6595156788826 -1.4515899270772934 19.5
      vertex 56.56066016852856 -1.5606601685285568 19.5
    endloop
  endfacet
  facet normal 0.8032075326742517 -0.5956993028830408 0
    outer loop
      vertex 56.747204415500164 -1.333355352282524 0
      vertex 56.747204415500164 -1.333355352282524 19.5
      vertex 56.6595156788826 -1.4515899270772934 19.5
    endloop
  endfacet
  facet normal 0.857728589734709 -0.5141027780042697 0
    outer loop
      vertex 56.822881899774075 -1.2070951089262962 0
      vertex 56.822881899774075 -1.2070951089262962 19.5
      vertex 56.747204415500164 -1.333355352282524 19.5
    endloop
  endfacet
  facet normal 0.9039893026927516 -0.42755507319767905 0
    outer loop
      vertex 56.88581930100918 -1.074025146663189 0
      vertex 56.88581930100918 -1.074025146663189 19.5
      vertex 56.822881899774075 -1.2070951089262962 19.5
    endloop
  endfacet
  facet normal 0.941544059926039 -0.33688986808449944 0
    outer loop
      vertex 56.935410507023335 -0.9354270175099373 0
      vertex 56.935410507023335 -0.9354270175099373 19.5
      vertex 56.88581930100918 -1.074025146663189 19.5
    endloop
  endfacet
  facet normal 0.9700312581757379 -0.24298016001722236 0
    outer loop
      vertex 56.97117792069912 -0.7926354855298996 0
      vertex 56.97117792069912 -0.7926354855298996 19.5
      vertex 56.935410507023335 -0.9354270175099373 19.5
    endloop
  endfacet
  facet normal 0.989176513397145 -0.14673045131624157 0
    outer loop
      vertex 56.992777086794376 -0.6470257118344307 0
      vertex 56.992777086794376 -0.6470257118344307 19.5
      vertex 56.97117792069912 -0.7926354855298996 19.5
    endloop
  endfacet
  facet normal 0.9987954551570747 -0.04906769566193293 0
    outer loop
      vertex 57 -0.5 0
      vertex 57 -0.5 19.5
      vertex 56.992777086794376 -0.6470257118344307 19.5
    endloop
  endfacet
  facet normal 1 0 0
    outer loop
      vertex 57 27.5 0
      vertex 57 27.5 19.5
      vertex 57 -0.5 19.5
    endloop
  endfacet
  facet normal 0 0 -1
    outer loop
      vertex 57 27.5 0
      vertex 64 29 0
      vertex 62.5 27.5 0
    endloop
  endfacet
  facet normal 0 0 -1
    outer loop
      vertex 62.64702571183443 27.507222913205624 0
      vertex 63.333355352282524 27.752795584499836 0
      vertex 62.7926354855299 27.52882207930088 0
    endloop
  endfacet
  facet normal 0 0 -1
    outer loop
      vertex 62.5 27.5 0
      vertex 63.56066016852856 27.939339831471443 0
      vertex 62.64702571183443 27.507222913205624 0
    endloop
  endfacet
  facet normal 0 0 -1
    outer loop
      vertex 62.7926354855299 27.52882207930088 0
      vertex 63.333355352282524 27.752795584499836 0
      vertex 62.93542701750994 27.564589492976665 0
    endloop
  endfacet
  facet normal 0 0 -1
    outer loop
      vertex 62.93542701750994 27.564589492976665 0
      vertex 63.333355352282524 27.752795584499836 0
      vertex 63.07402514666319 27.614180698990822 0
    endloop
  endfacet
  facet normal 0 0 -1
    outer loop
      vertex 62.64702571183443 27.507222913205624 0
      vertex 63.45158992707729 27.8404843211174 0
      vertex 63.333355352282524 27.752795584499836 0
    endloop
  endfacet
  facet normal 0 0 -1
    outer loop
      vertex 63.07402514666319 27.614180698990822 0
      vertex 63.333355352282524 27.752795584499836 0
      vertex 63.207095108926296 27.677118100225925 0
    endloop
  endfacet
  facet normal 0 0 -1
    outer loop
      vertex 62.64702571183443 27.507222913205624 0
      vertex 63.56066016852856 27.939339831471443 0
      vertex 63.45158992707729 27.8404843211174 0
    endloop
  endfacet
  facet normal 0 0 -1
    outer loop
      vertex 62.5 27.5 0
      vertex 63.6595156788826 28.048410072922707 0
      vertex 63.56066016852856 27.939339831471443 0
    endloop
  endfacet
  facet normal 0 0 -1
    outer loop
      vertex 62.5 27.5 0
      vertex 63.747204415500164 28.166644647717476 0
      vertex 63.6595156788826 28.048410072922707 0
    endloop
  endfacet
  facet normal 0 0 -1
    outer loop
      vertex 62.5 27.5 0
      vertex 63.822881899774075 28.292904891073704 0
      vertex 63.747204415500164 28.166644647717476 0
    endloop
  endfacet
  facet normal 0 0 -1
    outer loop
      vertex 62.5 27.5 0
      vertex 63.88581930100918 28.42597485333681 0
      vertex 63.822881899774075 28.292904891073704 0
    endloop
  endfacet
  facet normal 0 0 -1
    outer loop
      vertex 62.5 27.5 0
      vertex 63.935410507023335 28.564572982490063 0
      vertex 63.88581930100918 28.42597485333681 0
    endloop
  endfacet
  facet normal 0 0 -1
    outer loop
      vertex 62.5 27.5 0
      vertex 63.97117792069912 28.7073645144701 0
      vertex 63.935410507023335 28.564572982490063 0
    endloop
  endfacet
  facet normal 0 0 -1
    outer loop
      vertex 62.5 27.5 0
      vertex 63.992777086794376 28.85297428816557 0
      vertex 63.97117792069912 28.7073645144701 0
    endloop
  endfacet
  facet normal 0 0 -1
    outer loop
      vertex 62.5 27.5 0
      vertex 64 29 0
      vertex 63.992777086794376 28.85297428816557 0
    endloop
  endfacet
  facet normal 0 -1 0
    outer loop
      vertex 57 27.5 0
      vertex 62.5 27.5 0
      vertex 57 27.5 19.5
    endloop
  endfacet
  facet normal 0.04906769566193293 -0.9987954551570747 0
    outer loop
      vertex 62.5 27.5 0
      vertex 62.64702571183443 27.507222913205624 0
      vertex 62.5 27.5 19.5
    endloop
  endfacet
  facet normal 0.14673045131624157 -0.989176513397145 0
    outer loop
      vertex 62.64702571183443 27.507222913205624 0
      vertex 62.7926354855299 27.52882207930088 0
      vertex 62.64702571183443 27.507222913205624 19.5
    endloop
  endfacet
  facet normal 0.24298016001722236 -0.9700312581757379 0
    outer loop
      vertex 62.7926354855299 27.52882207930088 0
      vertex 62.93542701750994 27.564589492976665 0
      vertex 62.7926354855299 27.52882207930088 19.5
    endloop
  endfacet
  facet normal 0.33688986808449944 -0.941544059926039 0
    outer loop
      vertex 62.93542701750994 27.564589492976665 0
      vertex 63.07402514666319 27.614180698990822 0
      vertex 62.93542701750994 27.564589492976665 19.5
    endloop
  endfacet
  facet normal 0.42755507319767905 -0.9039893026927516 0
    outer loop
      vertex 63.07402514666319 27.614180698990822 0
      vertex 63.207095108926296 27.677118100225925 0
      vertex 63.07402514666319 27.614180698990822 19.5
    endloop
  endfacet
  facet normal 0.5141027780042697 -0.857728589734709 0
    outer loop
      vertex 63.207095108926296 27.677118100225925 0
      vertex 63.333355352282524 27.752795584499836 0
      vertex 63.207095108926296 27.677118100225925 19.5
    endloop
  endfacet
  facet normal 0.5956993028830408 -0.8032075326742517 0
    outer loop
      vertex 63.333355352282524 27.752795584499836 0
      vertex 63.45158992707729 27.8404843211174 0
      vertex 63.333355352282524 27.752795584499836 19.5
    endloop
  endfacet
  facet normal 0.6715589764431048 -0.7409511057814068 0
    outer loop
      vertex 63.45158992707729 27.8404843211174 0
      vertex 63.56066016852856 27.939339831471443 0
      vertex 63.45158992707729 27.8404843211174 19.5
    endloop
  endfacet
  facet normal 0.7409511057814068 -0.6715589764431048 0
    outer loop
      vertex 63.56066016852856 27.939339831471443 0
      vertex 63.6595156788826 28.048410072922707 0
      vertex 63.56066016852856 27.939339831471443 19.5
    endloop
  endfacet
  facet normal 0.8032075326742517 -0.5956993028830408 0
    outer loop
      vertex 63.6595156788826 28.048410072922707 0
      vertex 63.747204415500164 28.166644647717476 0
      vertex 63.6595156788826 28.048410072922707 19.5
    endloop
  endfacet
  facet normal 0.857728589734709 -0.5141027780042697 0
    outer loop
      vertex 63.747204415500164 28.166644647717476 0
      vertex 63.822881899774075 28.292904891073704 0
      vertex 63.747204415500164 28.166644647717476 19.5
    endloop
  endfacet
  facet normal 0.9039893026927516 -0.42755507319767905 0
    outer loop
      vertex 63.822881899774075 28.292904891073704 0
      vertex 63.88581930100918 28.42597485333681 0
      vertex 63.822881899774075 28.292904891073704 19.5
    endloop
  endfacet
  facet normal 0.941544059926039 -0.33688986808449944 0
    outer loop
      vertex 63.88581930100918 28.42597485333681 0
      vertex 63.935410507023335 28.564572982490063 0
      vertex 63.88581930100918 28.42597485333681 19.5
    endloop
  endfacet
  facet normal 0.9700312581757379 -0.24298016001722236 0
    outer loop
      vertex 63.935410507023335 28.564572982490063 0
      vertex 63.97117792069912 28.7073645144701 0
      vertex 63.935410507023335 28.564572982490063 19.5
    endloop
  endfacet
  facet normal 0.989176513397145 -0.14673045131624157 0
    outer loop
      vertex 63.97117792069912 28.7073645144701 0
      vertex 63.992777086794376 28.85297428816557 0
      vertex 63.97117792069912 28.7073645144701 19.5
    endloop
  endfacet
  facet normal 0 0 -1
    outer loop
      vertex 57 27.5 0
      vertex 61 31.5 0
      vertex 64 29 0
    endloop
  endfacet
  facet normal 0.9987954551570747 -0.04906769566193293 0
    outer loop
      vertex 63.992777086794376 28.85297428816557 0
      vertex 64 29 0
      vertex 63.992777086794376 28.85297428816557 19.5
    endloop
  endfacet
  facet normal 0 -1 0
    outer loop
      vertex 62.5 27.5 0
      vertex 62.5 27.5 19.5
      vertex 57 27.5 19.5
    endloop
  endfacet
  facet normal 0.04906769566193293 -0.9987954551570747 0
    outer loop
      vertex 62.64702571183443 27.507222913205624 0
      vertex 62.64702571183443 27.507222913205624 19.5
      vertex 62.5 27.5 19.5
    endloop
  endfacet
  facet normal 0.14673045131624157 -0.989176513397145 0
    outer loop
      vertex 62.7926354855299 27.52882207930088 0
      vertex 62.7926354855299 27.52882207930088 19.5
      vertex 62.64702571183443 27.507222913205624 19.5
    endloop
  endfacet
  facet normal 0.24298016001722236 -0.9700312581757379 0
    outer loop
      vertex 62.93542701750994 27.564589492976665 0
      vertex 62.93542701750994 27.564589492976665 19.5
      vertex 62.7926354855299 27.52882207930088 19.5
    endloop
  endfacet
  facet normal 0.33688986808449944 -0.941544059926039 0
    outer loop
      vertex 63.07402514666319 27.614180698990822 0
      vertex 63.07402514666319 27.614180698990822 19.5
      vertex 62.93542701750994 27.564589492976665 19.5
    endloop
  endfacet
  facet normal 0.42755507319767905 -0.9039893026927516 0
    outer loop
      vertex 63.207095108926296 27.677118100225925 0
      vertex 63.207095108926296 27.677118100225925 19.5
      vertex 63.07402514666319 27.614180698990822 19.5
    endloop
  endfacet
  facet normal 0.5141027780042697 -0.857728589734709 0
    outer loop
      vertex 63.333355352282524 27.752795584499836 0
      vertex 63.333355352282524 27.752795584499836 19.5
      vertex 63.207095108926296 27.677118100225925 19.5
    endloop
  endfacet
  facet normal 0.5956993028830408 -0.8032075326742517 0
    outer loop
      vertex 63.45158992707729 27.8404843211174 0
      vertex 63.45158992707729 27.8404843211174 19.5
      vertex 63.333355352282524 27.752795584499836 19.5
    endloop
  endfacet
  facet normal 0.6715589764431048 -0.7409511057814068 0
    outer loop
      vertex 63.56066016852856 27.939339831471443 0
      vertex 63.56066016852856 27.939339831471443 19.5
      vertex 63.45158992707729 27.8404843211174 19.5
    endloop
  endfacet
  facet normal 0.7409511057814068 -0.6715589764431048 0
    outer loop
      vertex 63.6595156788826 28.048410072922707 0
      vertex 63.6595156788826 28.048410072922707 19.5
      vertex 63.56066016852856 27.939339831471443 19.5
    endloop
  endfacet
  facet normal 0.8032075326742517 -0.5956993028830408 0
    outer loop
      vertex 63.747204415500164 28.166644647717476 0
      vertex 63.747204415500164 28.166644647717476 19.5
      vertex 63.6595156788826 28.048410072922707 19.5
    endloop
  endfacet
  facet normal 0.857728589734709 -0.5141027780042697 0
    outer loop
      vertex 63.822881899774075 28.292904891073704 0
      vertex 63.822881899774075 28.292904891073704 19.5
      vertex 63.747204415500164 28.166644647717476 19.5
    endloop
  endfacet
  facet normal 0.9039893026927516 -0.42755507319767905 0
    outer loop
      vertex 63.88581930100918 28.42597485333681 0
      vertex 63.88581930100918 28.42597485333681 19.5
      vertex 63.822881899774075 28.292904891073704 19.5
    endloop
  endfacet
  facet normal 0.941544059926039 -0.33688986808449944 0
    outer loop
      vertex 63.935410507023335 28.564572982490063 0
      vertex 63.935410507023335 28.564572982490063 19.5
      vertex 63.88581930100918 28.42597485333681 19.5
    endloop
  endfacet
  facet normal 0.9700312581757379 -0.24298016001722236 0
    outer loop
      vertex 63.97117792069912 28.7073645144701 0
      vertex 63.97117792069912 28.7073645144701 19.5
      vertex 63.935410507023335 28.564572982490063 19.5
    endloop
  endfacet
  facet normal 0.989176513397145 -0.14673045131624157 0
    outer loop
      vertex 63.992777086794376 28.85297428816557 0
      vertex 63.992777086794376 28.85297428816557 19.5
      vertex 63.97117792069912 28.7073645144701 19.5
    endloop
  endfacet
  facet normal 1 0 0
    outer loop
      vertex 64 29 0
      vertex 64 40 8
      vertex 64 40 14
    endloop
  endfacet
  facet normal 1 0 0
    outer loop
      vertex 64 29 0
      vertex 64 40 14
      vertex 64 29 19.5
    endloop
  endfacet
  facet normal 0.9987954551570747 -0.04906769566193293 0
    outer loop
      vertex 64 29 0
      vertex 64 29 19.5
      vertex 63.992777086794376 28.85297428816557 19.5
    endloop
  endfacet
  facet normal 0 0 1
    outer loop
      vertex -1 -1 19.5
      vertex 55.5 -2 19.5
      vertex 55.64702571183443 -1.9927770867943764 19.5
    endloop
  endfacet
  facet normal 0 0 1
    outer loop
      vertex -1 -1 19.5
      vertex 55.64702571183443 -1.9927770867943764 19.5
      vertex 55.7926354855299 -1.9711779206991196 19.5
    endloop
  endfacet
  facet normal 0 0 1
    outer loop
      vertex -1 -1 19.5
      vertex 55.7926354855299 -1.9711779206991196 19.5
      vertex 55.93542701750994 -1.9354105070233345 19.5
    endloop
  endfacet
  facet normal 0 0 1
    outer loop
      vertex -1 -1 19.5
      vertex 55.93542701750994 -1.9354105070233345 19.5
      vertex 56.07402514666319 -1.8858193010091782 19.5
    endloop
  endfacet
  facet normal 0 0 1
    outer loop
      vertex -1 -1 19.5
      vertex 56.07402514666319 -1.8858193010091782 19.5
      vertex 56.207095108926296 -1.8228818997740746 19.5
    endloop
  endfacet
  facet normal 0 0 1
    outer loop
      vertex -1 -1 19.5
      vertex 56.207095108926296 -1.8228818997740746 19.5
      vertex 56.333355352282524 -1.747204415500164 19.5
    endloop
  endfacet
  facet normal 0 0 1
    outer loop
      vertex -1 -1 19.5
      vertex 56.333355352282524 -1.747204415500164 19.5
      vertex 56.45158992707729 -1.6595156788825989 19.5
    endloop
  endfacet
  facet normal 0 0 1
    outer loop
      vertex -1 -1 19.5
      vertex 56.45158992707729 -1.6595156788825989 19.5
      vertex 56.56066016852856 -1.5606601685285568 19.5
    endloop
  endfacet
  facet normal 0 0 1
    outer loop
      vertex -1 -1 19.5
      vertex 56.56066016852856 -1.5606601685285568 19.5
      vertex 56 -1 19.5
    endloop
  endfacet
  facet normal 0 0 1
    outer loop
      vertex 56 -1 19.5
      vertex 56.56066016852856 -1.5606601685285568 19.5
      vertex 56.6595156788826 -1.4515899270772934 19.5
    endloop
  endfacet
  facet normal 0 0 1
    outer loop
      vertex 56 -1 19.5
      vertex 56.6595156788826 -1.4515899270772934 19.5
      vertex 56.747204415500164 -1.333355352282524 19.5
    endloop
  endfacet
  facet normal 0 0 1
    outer loop
      vertex 56 -1 19.5
      vertex 56.747204415500164 -1.333355352282524 19.5
      vertex 56.822881899774075 -1.2070951089262962 19.5
    endloop
  endfacet
  facet normal 0 0 1
    outer loop
      vertex 56 -1 19.5
      vertex 56.822881899774075 -1.2070951089262962 19.5
      vertex 56.88581930100918 -1.074025146663189 19.5
    endloop
  endfacet
  facet normal 0 0 1
    outer loop
      vertex 56 -1 19.5
      vertex 56.88581930100918 -1.074025146663189 19.5
      vertex 56.935410507023335 -0.9354270175099373 19.5
    endloop
  endfacet
  facet normal 0 0 1
    outer loop
      vertex 56 -1 19.5
      vertex 56.935410507023335 -0.9354270175099373 19.5
      vertex 56.97117792069912 -0.7926354855298996 19.5
    endloop
  endfacet
  facet normal 0 0 1
    outer loop
      vertex 56 -1 19.5
      vertex 56.97117792069912 -0.7926354855298996 19.5
      vertex 56.992777086794376 -0.6470257118344307 19.5
    endloop
  endfacet
  facet normal 0 0 1
    outer loop
      vertex 56 -1 19.5
      vertex 56.992777086794376 -0.6470257118344307 19.5
      vertex 57 -0.5 19.5
    endloop
  endfacet
  facet normal 0 0 1
    outer loop
      vertex 56 -1 19.5
      vertex 57 -0.5 19.5
      vertex 57 27.5 19.5
    endloop
  endfacet
  facet normal 0 0 1
    outer loop
      vertex 56 -1 19.5
      vertex 57 27.5 19.5
      vertex 56 28.5 19.5
    endloop
  endfacet
  facet normal 0 0 1
    outer loop
      vertex 57 27.5 19.5
      vertex 62.5 27.5 19.5
      vertex 56 28.5 19.5
    endloop
  endfacet
  facet normal 0 0 1
    outer loop
      vertex 56 28.5 19.5
      vertex 62.5 27.5 19.5
      vertex 63 28.5 19.5
    endloop
  endfacet
  facet normal 0 0 1
    outer loop
      vertex 62.64702571183443 27.507222913205624 19.5
      vertex 62.7926354855299 27.52882207930088 19.5
      vertex 63.333355352282524 27.752795584499836 19.5
    endloop
  endfacet
  facet normal 0 0 1
    outer loop
      vertex 62.5 27.5 19.5
      vertex 62.64702571183443 27.507222913205624 19.5
      vertex 63.56066016852856 27.939339831471443 19.5
    endloop
  endfacet
  facet normal 0 0 1
    outer loop
      vertex 62.7926354855299 27.52882207930088 19.5
      vertex 62.93542701750994 27.564589492976665 19.5
      vertex 63.333355352282524 27.752795584499836 19.5
    endloop
  endfacet
  facet normal 0 0 1
    outer loop
      vertex 62.93542701750994 27.564589492976665 19.5
      vertex 63.07402514666319 27.614180698990822 19.5
      vertex 63.333355352282524 27.752795584499836 19.5
    endloop
  endfacet
  facet normal 0 0 1
    outer loop
      vertex 62.64702571183443 27.507222913205624 19.5
      vertex 63.333355352282524 27.752795584499836 19.5
      vertex 63.45158992707729 27.8404843211174 19.5
    endloop
  endfacet
  facet normal 0 0 1
    outer loop
      vertex 63.07402514666319 27.614180698990822 19.5
      vertex 63.207095108926296 27.677118100225925 19.5
      vertex 63.333355352282524 27.752795584499836 19.5
    endloop
  endfacet
  facet normal 0 0 1
    outer loop
      vertex 62.64702571183443 27.507222913205624 19.5
      vertex 63.45158992707729 27.8404843211174 19.5
      vertex 63.56066016852856 27.939339831471443 19.5
    endloop
  endfacet
  facet normal 0 0 1
    outer loop
      vertex 62.5 27.5 19.5
      vertex 63.56066016852856 27.939339831471443 19.5
      vertex 63.6595156788826 28.048410072922707 19.5
    endloop
  endfacet
  facet normal 0 0 1
    outer loop
      vertex 62.5 27.5 19.5
      vertex 63.6595156788826 28.048410072922707 19.5
      vertex 63.747204415500164 28.166644647717476 19.5
    endloop
  endfacet
  facet normal 0 0 1
    outer loop
      vertex 62.5 27.5 19.5
      vertex 63.747204415500164 28.166644647717476 19.5
      vertex 63.822881899774075 28.292904891073704 19.5
    endloop
  endfacet
  facet normal 0 0 1
    outer loop
      vertex 62.5 27.5 19.5
      vertex 63.822881899774075 28.292904891073704 19.5
      vertex 63.88581930100918 28.42597485333681 19.5
    endloop
  endfacet
  facet normal 0 0 1
    outer loop
      vertex 62.5 27.5 19.5
      vertex 63.88581930100918 28.42597485333681 19.5
      vertex 63.935410507023335 28.564572982490063 19.5
    endloop
  endfacet
  facet normal 0 0 1
    outer loop
      vertex 62.5 27.5 19.5
      vertex 64 29 19.5
      vertex 63 28.5 19.5
    endloop
  endfacet
  facet normal 0 0 1
    outer loop
      vertex 62.5 27.5 19.5
      vertex 63.935410507023335 28.564572982490063 19.5
      vertex 63.97117792069912 28.7073645144701 19.5
    endloop
  endfacet
  facet normal 0 0 1
    outer loop
      vertex 62.5 27.5 19.5
      vertex 63.97117792069912 28.7073645144701 19.5
      vertex 63.992777086794376 28.85297428816557 19.5
    endloop
  endfacet
  facet normal 0 0 1
    outer loop
      vertex 62.5 27.5 19.5
      vertex 63.992777086794376 28.85297428816557 19.5
      vertex 64 29 19.5
    endloop
  endfacet
  facet normal 0 0 -1
    outer loop
      vertex 61 34.5 0
      vertex 2 34.5 0
      vertex 61 57.5 0
    endloop
  endfacet
  facet normal 0 0 -1
    outer loop
      vertex 62.5 62.5 0
      vertex 61 60.5 0
      vertex 2 60.5 0
    endloop
  endfacet
  facet normal 0 1 0
    outer loop
      vertex 0.5 62.5 0
      vertex 62.5 62.5 19.5
      vertex 62.5 62.5 0
    endloop
  endfacet
  facet normal 0 0 -1
    outer loop
      vertex 64 29 0
      vertex 61 31.5 0
      vertex 64 61 0
    endloop
  endfacet
  facet normal 0 0 -1
    outer loop
      vertex 64 61 0
      vertex 61 31.5 0
      vertex 61 34.5 0
    endloop
  endfacet
  facet normal 1 0 0
    outer loop
      vertex 64 29 0
      vertex 64 61 0
      vertex 64 40 8
    endloop
  endfacet
  facet normal 0 0 -1
    outer loop
      vertex 62.5 62.5 0
      vertex 61 34.5 0
      vertex 61 57.5 0
    endloop
  endfacet
  facet normal 0 0 -1
    outer loop
      vertex 62.5 62.5 0
      vertex 62.64702571183443 62.492777086794376 0
      vertex 61 34.5 0
    endloop
  endfacet
  facet normal 0 0 -1
    outer loop
      vertex 62.64702571183443 62.492777086794376 0
      vertex 62.7926354855299 62.47117792069912 0
      vertex 61 34.5 0
    endloop
  endfacet
  facet normal 0 0 -1
    outer loop
      vertex 62.7926354855299 62.47117792069912 0
      vertex 62.93542701750994 62.435410507023335 0
      vertex 61 34.5 0
    endloop
  endfacet
  facet normal 0 0 -1
    outer loop
      vertex 62.93542701750994 62.435410507023335 0
      vertex 63.07402514666319 62.38581930100918 0
      vertex 61 34.5 0
    endloop
  endfacet
  facet normal 0 0 -1
    outer loop
      vertex 63.07402514666319 62.38581930100918 0
      vertex 63.207095108926296 62.322881899774075 0
      vertex 61 34.5 0
    endloop
  endfacet
  facet normal 0 0 -1
    outer loop
      vertex 64 61 0
      vertex 61 34.5 0
      vertex 63.992777086794376 61.14702571183443 0
    endloop
  endfacet
  facet normal 0 0 -1
    outer loop
      vertex 63.992777086794376 61.14702571183443 0
      vertex 61 34.5 0
      vertex 63.97117792069912 61.2926354855299 0
    endloop
  endfacet
  facet normal 0 0 -1
    outer loop
      vertex 63.97117792069912 61.2926354855299 0
      vertex 61 34.5 0
      vertex 63.935410507023335 61.43542701750994 0
    endloop
  endfacet
  facet normal 0 0 -1
    outer loop
      vertex 63.88581930100918 61.57402514666319 0
      vertex 61 34.5 0
      vertex 63.822881899774075 61.707095108926296 0
    endloop
  endfacet
  facet normal 0 0 -1
    outer loop
      vertex 63.935410507023335 61.43542701750994 0
      vertex 61 34.5 0
      vertex 63.88581930100918 61.57402514666319 0
    endloop
  endfacet
  facet normal 0 0 -1
    outer loop
      vertex 63.6595156788826 61.95158992707729 0
      vertex 61 34.5 0
      vertex 63.56066016852856 62.06066016852856 0
    endloop
  endfacet
  facet normal 0 0 -1
    outer loop
      vertex 63.45158992707729 62.1595156788826 0
      vertex 63.56066016852856 62.06066016852856 0
      vertex 61 34.5 0
    endloop
  endfacet
  facet normal 0 0 -1
    outer loop
      vertex 63.207095108926296 62.322881899774075 0
      vertex 63.333355352282524 62.247204415500164 0
      vertex 61 34.5 0
    endloop
  endfacet
  facet normal 0 0 -1
    outer loop
      vertex 63.333355352282524 62.247204415500164 0
      vertex 63.45158992707729 62.1595156788826 0
      vertex 61 34.5 0
    endloop
  endfacet
  facet normal 0 0 -1
    outer loop
      vertex 63.747204415500164 61.833355352282524 0
      vertex 61 34.5 0
      vertex 63.6595156788826 61.95158992707729 0
    endloop
  endfacet
  facet normal 0 0 -1
    outer loop
      vertex 63.822881899774075 61.707095108926296 0
      vertex 61 34.5 0
      vertex 63.747204415500164 61.833355352282524 0
    endloop
  endfacet
  facet normal 1 0 0
    outer loop
      vertex 64 61 0
      vertex 64 50 8
      vertex 64 40 8
    endloop
  endfacet
  facet normal 1 0 0
    outer loop
      vertex 64 61 0
      vertex 64 61 19.5
      vertex 64 50 8
    endloop
  endfacet
  facet normal 0 0 -1
    outer loop
      vertex 62.5 62.5 0
      vertex 61 57.5 0
      vertex 61 60.5 0
    endloop
  endfacet
  facet normal 0.5956993028830408 0.8032075326742517 0
    outer loop
      vertex 63.333355352282524 62.247204415500164 0
      vertex 63.45158992707729 62.1595156788826 19.5
      vertex 63.45158992707729 62.1595156788826 0
    endloop
  endfacet
  facet normal 0.9987954551570747 0.04906769566193293 0
    outer loop
      vertex 64 61 0
      vertex 63.992777086794376 61.14702571183443 0
      vertex 64 61 19.5
    endloop
  endfacet
  facet normal 0.989176513397145 0.14673045131624157 0
    outer loop
      vertex 63.992777086794376 61.14702571183443 0
      vertex 63.97117792069912 61.2926354855299 0
      vertex 63.992777086794376 61.14702571183443 19.5
    endloop
  endfacet
  facet normal 0.9700312581757379 0.24298016001722236 0
    outer loop
      vertex 63.97117792069912 61.2926354855299 0
      vertex 63.935410507023335 61.43542701750994 0
      vertex 63.97117792069912 61.2926354855299 19.5
    endloop
  endfacet
  facet normal 0.941544059926039 0.33688986808449944 0
    outer loop
      vertex 63.935410507023335 61.43542701750994 0
      vertex 63.88581930100918 61.57402514666319 0
      vertex 63.935410507023335 61.43542701750994 19.5
    endloop
  endfacet
  facet normal 0.8032075326742517 0.5956993028830408 0
    outer loop
      vertex 63.747204415500164 61.833355352282524 0
      vertex 63.6595156788826 61.95158992707729 0
      vertex 63.747204415500164 61.833355352282524 19.5
    endloop
  endfacet
  facet normal 0.6715589764431048 0.7409511057814068 0
    outer loop
      vertex 63.45158992707729 62.1595156788826 0
      vertex 63.56066016852856 62.06066016852856 19.5
      vertex 63.56066016852856 62.06066016852856 0
    endloop
  endfacet
  facet normal 0.7409511057814068 0.6715589764431048 0
    outer loop
      vertex 63.6595156788826 61.95158992707729 0
      vertex 63.56066016852856 62.06066016852856 0
      vertex 63.6595156788826 61.95158992707729 19.5
    endloop
  endfacet
  facet normal 0.9039893026927516 0.42755507319767905 0
    outer loop
      vertex 63.88581930100918 61.57402514666319 0
      vertex 63.822881899774075 61.707095108926296 0
      vertex 63.88581930100918 61.57402514666319 19.5
    endloop
  endfacet
  facet normal 0.857728589734709 0.5141027780042697 0
    outer loop
      vertex 63.822881899774075 61.707095108926296 0
      vertex 63.747204415500164 61.833355352282524 0
      vertex 63.822881899774075 61.707095108926296 19.5
    endloop
  endfacet
  facet normal 0.04906769566193293 0.9987954551570747 0
    outer loop
      vertex 62.5 62.5 0
      vertex 62.64702571183443 62.492777086794376 19.5
      vertex 62.64702571183443 62.492777086794376 0
    endloop
  endfacet
  facet normal 0.14673045131624157 0.989176513397145 0
    outer loop
      vertex 62.64702571183443 62.492777086794376 0
      vertex 62.7926354855299 62.47117792069912 19.5
      vertex 62.7926354855299 62.47117792069912 0
    endloop
  endfacet
  facet normal 0.24298016001722236 0.9700312581757379 0
    outer loop
      vertex 62.7926354855299 62.47117792069912 0
      vertex 62.93542701750994 62.435410507023335 19.5
      vertex 62.93542701750994 62.435410507023335 0
    endloop
  endfacet
  facet normal 0.33688986808449944 0.941544059926039 0
    outer loop
      vertex 62.93542701750994 62.435410507023335 0
      vertex 63.07402514666319 62.38581930100918 19.5
      vertex 63.07402514666319 62.38581930100918 0
    endloop
  endfacet
  facet normal 0.42755507319767905 0.9039893026927516 0
    outer loop
      vertex 63.07402514666319 62.38581930100918 0
      vertex 63.207095108926296 62.322881899774075 19.5
      vertex 63.207095108926296 62.322881899774075 0
    endloop
  endfacet
  facet normal 0.5141027780042697 0.857728589734709 0
    outer loop
      vertex 63.207095108926296 62.322881899774075 0
      vertex 63.333355352282524 62.247204415500164 19.5
      vertex 63.333355352282524 62.247204415500164 0
    endloop
  endfacet
  facet normal 0.5956993028830408 0.8032075326742517 0
    outer loop
      vertex 63.333355352282524 62.247204415500164 0
      vertex 63.333355352282524 62.247204415500164 19.5
      vertex 63.45158992707729 62.1595156788826 19.5
    endloop
  endfacet
  facet normal 0.6715589764431048 0.7409511057814068 0
    outer loop
      vertex 63.45158992707729 62.1595156788826 0
      vertex 63.45158992707729 62.1595156788826 19.5
      vertex 63.56066016852856 62.06066016852856 19.5
    endloop
  endfacet
  facet normal 0.9987954551570747 0.04906769566193293 0
    outer loop
      vertex 63.992777086794376 61.14702571183443 0
      vertex 63.992777086794376 61.14702571183443 19.5
      vertex 64 61 19.5
    endloop
  endfacet
  facet normal 0.989176513397145 0.14673045131624157 0
    outer loop
      vertex 63.97117792069912 61.2926354855299 0
      vertex 63.97117792069912 61.2926354855299 19.5
      vertex 63.992777086794376 61.14702571183443 19.5
    endloop
  endfacet
  facet normal 0.9700312581757379 0.24298016001722236 0
    outer loop
      vertex 63.935410507023335 61.43542701750994 0
      vertex 63.935410507023335 61.43542701750994 19.5
      vertex 63.97117792069912 61.2926354855299 19.5
    endloop
  endfacet
  facet normal 0.941544059926039 0.33688986808449944 0
    outer loop
      vertex 63.88581930100918 61.57402514666319 0
      vertex 63.88581930100918 61.57402514666319 19.5
      vertex 63.935410507023335 61.43542701750994 19.5
    endloop
  endfacet
  facet normal 0.8032075326742517 0.5956993028830408 0
    outer loop
      vertex 63.6595156788826 61.95158992707729 0
      vertex 63.6595156788826 61.95158992707729 19.5
      vertex 63.747204415500164 61.833355352282524 19.5
    endloop
  endfacet
  facet normal 0.7409511057814068 0.6715589764431048 0
    outer loop
      vertex 63.56066016852856 62.06066016852856 0
      vertex 63.56066016852856 62.06066016852856 19.5
      vertex 63.6595156788826 61.95158992707729 19.5
    endloop
  endfacet
  facet normal 0.9039893026927516 0.42755507319767905 0
    outer loop
      vertex 63.822881899774075 61.707095108926296 0
      vertex 63.822881899774075 61.707095108926296 19.5
      vertex 63.88581930100918 61.57402514666319 19.5
    endloop
  endfacet
  facet normal 0.857728589734709 0.5141027780042697 0
    outer loop
      vertex 63.747204415500164 61.833355352282524 0
      vertex 63.747204415500164 61.833355352282524 19.5
      vertex 63.822881899774075 61.707095108926296 19.5
    endloop
  endfacet
  facet normal 0.04906769566193293 0.9987954551570747 0
    outer loop
      vertex 62.5 62.5 0
      vertex 62.5 62.5 19.5
      vertex 62.64702571183443 62.492777086794376 19.5
    endloop
  endfacet
  facet normal 0.14673045131624157 0.989176513397145 0
    outer loop
      vertex 62.64702571183443 62.492777086794376 0
      vertex 62.64702571183443 62.492777086794376 19.5
      vertex 62.7926354855299 62.47117792069912 19.5
    endloop
  endfacet
  facet normal 0.24298016001722236 0.9700312581757379 0
    outer loop
      vertex 62.7926354855299 62.47117792069912 0
      vertex 62.7926354855299 62.47117792069912 19.5
      vertex 62.93542701750994 62.435410507023335 19.5
    endloop
  endfacet
  facet normal 0.33688986808449944 0.941544059926039 0
    outer loop
      vertex 62.93542701750994 62.435410507023335 0
      vertex 62.93542701750994 62.435410507023335 19.5
      vertex 63.07402514666319 62.38581930100918 19.5
    endloop
  endfacet
  facet normal 0.42755507319767905 0.9039893026927516 0
    outer loop
      vertex 63.07402514666319 62.38581930100918 0
      vertex 63.07402514666319 62.38581930100918 19.5
      vertex 63.207095108926296 62.322881899774075 19.5
    endloop
  endfacet
  facet normal 0.5141027780042697 0.857728589734709 0
    outer loop
      vertex 63.207095108926296 62.322881899774075 0
      vertex 63.207095108926296 62.322881899774075 19.5
      vertex 63.333355352282524 62.247204415500164 19.5
    endloop
  endfacet
  facet normal 0 0 1
    outer loop
      vertex 0.5 62.5 19.5
      vertex 63 61.5 19.5
      vertex 62.5 62.5 19.5
    endloop
  endfacet
  facet normal 1 0 0
    outer loop
      vertex 64 29 19.5
      vertex 64 40 14
      vertex 64 50 14
    endloop
  endfacet
  facet normal 0 0 1
    outer loop
      vertex 63 28.5 19.5
      vertex 64 29 19.5
      vertex 64 61 19.5
    endloop
  endfacet
  facet normal 1 0 0
    outer loop
      vertex 64 29 19.5
      vertex 64 50 14
      vertex 64 61 19.5
    endloop
  endfacet
  facet normal 1 0 0
    outer loop
      vertex 64 61 19.5
      vertex 64 50 14
      vertex 64 50 8
    endloop
  endfacet
  facet normal 0 0 1
    outer loop
      vertex 63 28.5 19.5
      vertex 64 61 19.5
      vertex 63.992777086794376 61.14702571183443 19.5
    endloop
  endfacet
  facet normal 0 0 1
    outer loop
      vertex 63 28.5 19.5
      vertex 63.992777086794376 61.14702571183443 19.5
      vertex 63.97117792069912 61.2926354855299 19.5
    endloop
  endfacet
  facet normal 0 0 1
    outer loop
      vertex 63 28.5 19.5
      vertex 63.935410507023335 61.43542701750994 19.5
      vertex 63.88581930100918 61.57402514666319 19.5
    endloop
  endfacet
  facet normal 0 0 1
    outer loop
      vertex 63 28.5 19.5
      vertex 63.88581930100918 61.57402514666319 19.5
      vertex 63.822881899774075 61.707095108926296 19.5
    endloop
  endfacet
  facet normal 0 0 1
    outer loop
      vertex 63 28.5 19.5
      vertex 63.822881899774075 61.707095108926296 19.5
      vertex 63.747204415500164 61.833355352282524 19.5
    endloop
  endfacet
  facet normal 0 0 1
    outer loop
      vertex 63 28.5 19.5
      vertex 63.97117792069912 61.2926354855299 19.5
      vertex 63.935410507023335 61.43542701750994 19.5
    endloop
  endfacet
  facet normal 0 0 1
    outer loop
      vertex 63 28.5 19.5
      vertex 63.207095108926296 62.322881899774075 19.5
      vertex 63 61.5 19.5
    endloop
  endfacet
  facet normal 0 0 1
    outer loop
      vertex 63 28.5 19.5
      vertex 63.333355352282524 62.247204415500164 19.5
      vertex 63.207095108926296 62.322881899774075 19.5
    endloop
  endfacet
  facet normal 0 0 1
    outer loop
      vertex 63 28.5 19.5
      vertex 63.45158992707729 62.1595156788826 19.5
      vertex 63.333355352282524 62.247204415500164 19.5
    endloop
  endfacet
  facet normal 0 0 1
    outer loop
      vertex 63 28.5 19.5
      vertex 63.56066016852856 62.06066016852856 19.5
      vertex 63.45158992707729 62.1595156788826 19.5
    endloop
  endfacet
  facet normal 0 0 1
    outer loop
      vertex 63 28.5 19.5
      vertex 63.6595156788826 61.95158992707729 19.5
      vertex 63.56066016852856 62.06066016852856 19.5
    endloop
  endfacet
  facet normal 0 0 1
    outer loop
      vertex 63 28.5 19.5
      vertex 63.747204415500164 61.833355352282524 19.5
      vertex 63.6595156788826 61.95158992707729 19.5
    endloop
  endfacet
  facet normal 0 0 1
    outer loop
      vertex 62.5 62.5 19.5
      vertex 63 61.5 19.5
      vertex 62.64702571183443 62.492777086794376 19.5
    endloop
  endfacet
  facet normal 0 0 1
    outer loop
      vertex 63 61.5 19.5
      vertex 62.7926354855299 62.47117792069912 19.5
      vertex 62.64702571183443 62.492777086794376 19.5
    endloop
  endfacet
  facet normal 0 0 1
    outer loop
      vertex 63 61.5 19.5
      vertex 62.93542701750994 62.435410507023335 19.5
      vertex 62.7926354855299 62.47117792069912 19.5
    endloop
  endfacet
  facet normal 0 0 1
    outer loop
      vertex 63 61.5 19.5
      vertex 63.207095108926296 62.322881899774075 19.5
      vertex 63.07402514666319 62.38581930100918 19.5
    endloop
  endfacet
  facet normal 0 0 1
    outer loop
      vertex 63 61.5 19.5
      vertex 63.07402514666319 62.38581930100918 19.5
      vertex 62.93542701750994 62.435410507023335 19.5
    endloop
  endfacet
  facet normal 1 0 0
    outer loop
      vertex -25 10 6
      vertex -25 13 6
      vertex -25 12 8
    endloop
  endfacet
  facet normal 0 0 1
    outer loop
      vertex -25 10 2
      vertex -19.5 12 2
      vertex -22 12 2
    endloop
  endfacet
  facet normal 0 1 0
    outer loop
      vertex -25 10 2
      vertex -25 10 3
      vertex 0 10 3
    endloop
  endfacet
  facet normal 0 0 1
    outer loop
      vertex -25 10 2
      vertex -5.5 12 2
      vertex -19.5 12 2
    endloop
  endfacet
  facet normal 1 0 0
    outer loop
      vertex -25 10 6
      vertex -25 12 8
      vertex -25 10 18
    endloop
  endfacet
  facet normal 1 0 0
    outer loop
      vertex -25 10 18
      vertex -25 12 8
      vertex -25 12 13
    endloop
  endfacet
  facet normal 1 0 0
    outer loop
      vertex -25 10 2
      vertex -25 40 2
      vertex -25 10 3
    endloop
  endfacet
  facet normal 1 0 0
    outer loop
      vertex -25 10 3
      vertex -25 40 2
      vertex -25 13 6
    endloop
  endfacet
  facet normal 1 0 0
    outer loop
      vertex -25 13 6
      vertex -25 40 2
      vertex -25 12 8
    endloop
  endfacet
  facet normal 1 0 0
    outer loop
      vertex -25 40 2
      vertex -25 21 8
      vertex -25 12 8
    endloop
  endfacet
  facet normal 1 0 0
    outer loop
      vertex -25 40 2
      vertex -25 40 3
      vertex -25 21 8
    endloop
  endfacet
  facet normal 1 0 0
    outer loop
      vertex -25 40 3
      vertex -25 37 6
      vertex -25 21 8
    endloop
  endfacet
  facet normal 0 0 1
    outer loop
      vertex -25 10 2
      vertex -22 12 2
      vertex -22 38 2
    endloop
  endfacet
  facet normal 0 0 1
    outer loop
      vertex -25 10 2
      vertex -22 38 2
      vertex -25 40 2
    endloop
  endfacet
  facet normal 0 0 1
    outer loop
      vertex -25 40 2
      vertex -22 38 2
      vertex -19.5 38 2
    endloop
  endfacet
  facet normal 1 0 0
    outer loop
      vertex -25 37 6
      vertex -25 21 13
      vertex -25 21 8
    endloop
  endfacet
  facet normal 1 0 0
    outer loop
      vertex -25 10 18
      vertex -25 21 13
      vertex -25 37 6
    endloop
  endfacet
  facet normal 1 0 0
    outer loop
      vertex -25 37 6
      vertex -25 40 6
      vertex -25 40 18
    endloop
  endfacet
  facet normal 0 0 1
    outer loop
      vertex -25 10 2
      vertex -3 12 2
      vertex -5.5 12 2
    endloop
  endfacet
  facet normal 0 0 1
    outer loop
      vertex -25 10 2
      vertex 0 10 2
      vertex -3 12 2
    endloop
  endfacet
  facet normal 0 1 0
    outer loop
      vertex -25 10 2
      vertex 0 10 3
      vertex 0 10 2
    endloop
  endfacet
  facet normal 0 0 1
    outer loop
      vertex 0 10 2
      vertex -1.5 25 2
      vertex -3 12 2
    endloop
  endfacet
  facet normal 0 1 0
    outer loop
      vertex -25 10 6
      vertex 0 10 18
      vertex 0 10 6
    endloop
  endfacet
  facet normal 0 0 1
    outer loop
      vertex -5.5 38 2
      vertex -19.5 12 2
      vertex -5.5 12 2
    endloop
  endfacet
  facet normal 0 0 1
    outer loop
      vertex -19.5 12 2
      vertex -5.5 38 2
      vertex -19.5 38 2
    endloop
  endfacet
  facet normal 0 0 1
    outer loop
      vertex -1.5 40 2
      vertex -19.5 38 2
      vertex -5.5 38 2
    endloop
  endfacet
  facet normal 0 0 1
    outer loop
      vertex 0 10 2
      vertex 1 25 2
      vertex -1.5 25 2
    endloop
  endfacet
  facet normal 0 0 1
    outer loop
      vertex -1.5 25 2
      vertex -1.5 40 2
      vertex -3 12 2
    endloop
  endfacet
  facet normal 0 0 1
    outer loop
      vertex -1.5 40 2
      vertex -3 38 2
      vertex -3 12 2
    endloop
  endfacet
  facet normal 0 0 1
    outer loop
      vertex -1.5 40 2
      vertex -5.5 38 2
      vertex -3 38 2
    endloop
  endfacet
  facet normal 1 0 0
    outer loop
      vertex -25 10 18
      vertex -25 12 13
      vertex -25 21 13
    endloop
  endfacet
  facet normal 0 1 0
    outer loop
      vertex -25 10 6
      vertex -25 10 18
      vertex 0 10 18
    endloop
  endfacet
  facet normal 1 0 0
    outer loop
      vertex -25 10 18
      vertex -25 37 6
      vertex -25 40 18
    endloop
  endfacet
  facet normal 0 -1 0
    outer loop
      vertex -25 40 2
      vertex -1.5 40 2
      vertex -25 40 3
    endloop
  endfacet
  facet normal 0 -1 0
    outer loop
      vertex -25 40 6
      vertex -1.5 40 6
      vertex -25 40 18
    endloop
  endfacet
  facet normal 0 0 1
    outer loop
      vertex -25 40 2
      vertex -19.5 38 2
      vertex -1.5 40 2
    endloop
  endfacet
  facet normal 0 -1 0
    outer loop
      vertex -25 40 3
      vertex -1.5 40 2
      vertex -1.5 40 3
    endloop
  endfacet
  facet normal 0 -1 0
    outer loop
      vertex -1.5 40 6
      vertex -1.5 40 11.5
      vertex -25 40 18
    endloop
  endfacet
  facet normal 0 -1 0
    outer loop
      vertex -25 40 18
      vertex -1.5 40 11.5
      vertex 1 40 18
    endloop
  endfacet
  facet normal 1 0 0
    outer loop
      vertex 0 0 2
      vertex 0 10 2
      vertex 0 0 18
    endloop
  endfacet
  facet normal 1 0 0
    outer loop
      vertex 0 10 2
      vertex 0 10 3
      vertex 0 0 18
    endloop
  endfacet
  facet normal 1 0 0
    outer loop
      vertex 0 10 3
      vertex 0 10 6
      vertex 0 0 18
    endloop
  endfacet
  facet normal 0 0 1
    outer loop
      vertex 1 29.5 2
      vertex 2 31.5 2
      vertex 2 34.5 2
    endloop
  endfacet
  facet normal 0 0 1
    outer loop
      vertex 1 29.5 2
      vertex 2 34.5 2
      vertex 1 40 2
    endloop
  endfacet
  facet normal 0 0 1
    outer loop
      vertex 0 0 2
      vertex 55 0 2
      vertex 0 10 2
    endloop
  endfacet
  facet normal 0 1 0
    outer loop
      vertex 0 0 2
      vertex 0 0 18
      vertex 55 0 18
    endloop
  endfacet
  facet normal 0 0 1
    outer loop
      vertex 0 10 2
      vertex 55 28 2
      vertex 1 25 2
    endloop
  endfacet
  facet normal 0 0 1
    outer loop
      vertex 1 25 2
      vertex 55 28 2
      vertex 1 28 2
    endloop
  endfacet
  facet normal 0 0 1
    outer loop
      vertex 1 29.5 2
      vertex 55 29.5 2
      vertex 2 31.5 2
    endloop
  endfacet
  facet normal 0 0 1
    outer loop
      vertex 1 40 2
      vertex 2 34.5 2
      vertex 61 34.5 2
    endloop
  endfacet
  facet normal 1 0 0
    outer loop
      vertex 0 10 6
      vertex 0 10 18
      vertex 0 0 18
    endloop
  endfacet
  facet normal 1 0 0
    outer loop
      vertex 1 40 2
      vertex 1 60.5 2
      vertex 1 40 3
    endloop
  endfacet
  facet normal 0 0 1
    outer loop
      vertex 1 40 2
      vertex 2 57.5 2
      vertex 2 60.5 2
    endloop
  endfacet
  facet normal 0 0 1
    outer loop
      vertex 1 40 2
      vertex 2 60.5 2
      vertex 1 60.5 2
    endloop
  endfacet
  facet normal 1 0 0
    outer loop
      vertex 1 40 3
      vertex 1 60.5 2
      vertex 1 60.5 3
    endloop
  endfacet
  facet normal 1 0 0
    outer loop
      vertex 1 40 6
      vertex 1 60.5 6
      vertex 1 40 11.5
    endloop
  endfacet
  facet normal 1 0 0
    outer loop
      vertex 1 60.5 6
      vertex 1 40 18
      vertex 1 40 11.5
    endloop
  endfacet
  facet normal 0 -1 0
    outer loop
      vertex 1 60.5 2
      vertex 2 60.5 2
      vertex 1 60.5 3
    endloop
  endfacet
  facet normal 0 -1 0
    outer loop
      vertex 1 60.5 3
      vertex 32.55357142857143 60.5 3
      vertex 4 60.5 6
    endloop
  endfacet
  facet normal 0 -1 0
    outer loop
      vertex 1 60.5 6
      vertex 4 60.5 6
      vertex 1 60.5 18
    endloop
  endfacet
  facet normal 0 0 1
    outer loop
      vertex 1 40 2
      vertex 61 34.5 2
      vertex 2 57.5 2
    endloop
  endfacet
  facet normal 0 -1 0
    outer loop
      vertex 2 60.5 2
      vertex 61 60.5 2
      vertex 1 60.5 3
    endloop
  endfacet
  facet normal 0 -1 0
    outer loop
      vertex 1 60.5 3
      vertex 62 60.5 2
      vertex 32.55357142857143 60.5 3
    endloop
  endfacet
  facet normal 0 -1 0
    outer loop
      vertex 4 60.5 6
      vertex 32.55357142857143 60.5 3
      vertex 56.395953757225435 60.5 3
    endloop
  endfacet
  facet normal 0 -1 0
    outer loop
      vertex 4 60.5 6
      vertex 56.395953757225435 60.5 3
      vertex 1 60.5 18
    endloop
  endfacet
  facet normal 0 -1 0
    outer loop
      vertex -1.5 40 11.5
      vertex 1 40 11.5
      vertex 1 40 18
    endloop
  endfacet
  facet normal 1 0 0
    outer loop
      vertex 1 60.5 6
      vertex 1 60.5 18
      vertex 1 40 18
    endloop
  endfacet
  facet normal 0 0 1
    outer loop
      vertex 0 10 2
      vertex 55 0 2
      vertex 55 28 2
    endloop
  endfacet
  facet normal 0 1 0
    outer loop
      vertex 0 0 2
      vertex 55 0 18
      vertex 55 0 2
    endloop
  endfacet
  facet normal 0 0 1
    outer loop
      vertex 55 29.5 2
      vertex 61 31.5 2
      vertex 2 31.5 2
    endloop
  endfacet
  facet normal -1 0 0
    outer loop
      vertex 55 0 2
      vertex 55 0 18
      vertex 55 29.5 18
    endloop
  endfacet
  facet normal -1 0 0
    outer loop
      vertex 55 0 2
      vertex 55 28 11.5
      vertex 55 28 2
    endloop
  endfacet
  facet normal 0 1 0
    outer loop
      vertex 55 29.5 2
      vertex 62 29.5 3
      vertex 62 29.5 2
    endloop
  endfacet
  facet normal 0 0 1
    outer loop
      vertex 55 29.5 2
      vertex 62 29.5 2
      vertex 61 31.5 2
    endloop
  endfacet
  facet normal 0 1 0
    outer loop
      vertex 55 29.5 2
      vertex 59 29.5 6
      vertex 62 29.5 3
    endloop
  endfacet
  facet normal -1 0 0
    outer loop
      vertex 55 0 2
      vertex 55 29.5 18
      vertex 55 28 11.5
    endloop
  endfacet
  facet normal 0 1 0
    outer loop
      vertex 55 29.5 2
      vertex 62 29.5 18
      vertex 59 29.5 6
    endloop
  endfacet
  facet normal 0 1 0
    outer loop
      vertex 59 29.5 6
      vertex 62 29.5 18
      vertex 62 29.5 6
    endloop
  endfacet
  facet normal -1 0 0
    outer loop
      vertex 62 29.5 6
      vertex 62 40 14
      vertex 62 40 8
    endloop
  endfacet
  facet normal 0 1 0
    outer loop
      vertex 55 29.5 2
      vertex 55 29.5 11.5
      vertex 62 29.5 18
    endloop
  endfacet
  facet normal -1 0 0
    outer loop
      vertex 62 29.5 6
      vertex 62 29.5 18
      vertex 62 40 14
    endloop
  endfacet
  facet normal -1 0 0
    outer loop
      vertex 55 28 11.5
      vertex 55 29.5 18
      vertex 55 29.5 11.5
    endloop
  endfacet
  facet normal 0 1 0
    outer loop
      vertex 55 29.5 11.5
      vertex 55 29.5 18
      vertex 62 29.5 18
    endloop
  endfacet
  facet normal 0 0 1
    outer loop
      vertex 61 34.5 2
      vertex 61 57.5 2
      vertex 2 57.5 2
    endloop
  endfacet
  facet normal 0 -1 0
    outer loop
      vertex 61 60.5 2
      vertex 62 60.5 2
      vertex 1 60.5 3
    endloop
  endfacet
  facet normal 0 -1 0
    outer loop
      vertex 1 60.5 18
      vertex 56.395953757225435 60.5 3
      vertex 61 60.5 2.0689655172413794
    endloop
  endfacet
  facet normal 0 -1 0
    outer loop
      vertex 1 60.5 18
      vertex 61 60.5 2.0689655172413794
      vertex 62 60.5 2
    endloop
  endfacet
  facet normal 0 -1 0
    outer loop
      vertex 1 60.5 18
      vertex 62 60.5 2
      vertex 62 60.5 3
    endloop
  endfacet
  facet normal 0 -1 0
    outer loop
      vertex 1 60.5 18
      vertex 62 60.5 3
      vertex 59 60.5 6
    endloop
  endfacet
  facet normal 0 0 1
    outer loop
      vertex 62 29.5 2
      vertex 62 60.5 2
      vertex 61 31.5 2
    endloop
  endfacet
  facet normal 0 0 1
    outer loop
      vertex 62 60.5 2
      vertex 61 34.5 2
      vertex 61 31.5 2
    endloop
  endfacet
  facet normal -1 0 0
    outer loop
      vertex 62 29.5 2
      vertex 62 29.5 3
      vertex 62 60.5 3
    endloop
  endfacet
  facet normal -1 0 0
    outer loop
      vertex 62 29.5 6
      vertex 62 50 8
      vertex 62 60.5 6
    endloop
  endfacet
  facet normal 0 0 1
    outer loop
      vertex 62 60.5 2
      vertex 61 57.5 2
      vertex 61 34.5 2
    endloop
  endfacet
  facet normal -1 0 0
    outer loop
      vertex 62 29.5 2
      vertex 62 60.5 3
      vertex 62 60.5 2
    endloop
  endfacet
  facet normal 0 0 1
    outer loop
      vertex 62 60.5 2
      vertex 61 60.5 2
      vertex 61 57.5 2
    endloop
  endfacet
  facet normal -1 0 0
    outer loop
      vertex 62 29.5 6
      vertex 62 40 8
      vertex 62 50 8
    endloop
  endfacet
  facet normal -1 0 0
    outer loop
      vertex 62 60.5 6
      vertex 62 50 8
      vertex 62 50 14
    endloop
  endfacet
  facet normal -1 0 0
    outer loop
      vertex 62 60.5 6
      vertex 62 50 14
      vertex 62 60.5 18
    endloop
  endfacet
  facet normal 0 -1 0
    outer loop
      vertex 62 60.5 2
      vertex 61 60.5 2.0689655172413794
      vertex 32.55357142857143 60.5 3
    endloop
  endfacet
  facet normal 0 -1 0
    outer loop
      vertex 59 60.5 6
      vertex 62 60.5 6
      vertex 62 60.5 18
    endloop
  endfacet
  facet normal 0 -1 0
    outer loop
      vertex 1 60.5 18
      vertex 59 60.5 6
      vertex 62 60.5 18
    endloop
  endfacet
  facet normal -1 0 0
    outer loop
      vertex 62 29.5 18
      vertex 62 60.5 18
      vertex 62 40 14
    endloop
  endfacet
  facet normal -1 0 0
    outer loop
      vertex 62 60.5 18
      vertex 62 50 14
      vertex 62 40 14
    endloop
  endfacet
  facet normal 0 0 1
    outer loop
      vertex -26 9 18
      vertex -5.16666671840681 9 18
      vertex -25 10 18
    endloop
  endfacet
  facet normal 0 1 0
    outer loop
      vertex -26 9 18.5
      vertex -26 9 19.5
      vertex -1 9 18.5
    endloop
  endfacet
  facet normal 1 0 0
    outer loop
      vertex -26 9 18.5
      vertex -26 41 19.5
      vertex -26 9 19.5
    endloop
  endfacet
  facet normal 1 0 0
    outer loop
      vertex -26 9 18.5
      vertex -26 41 18.5
      vertex -26 41 19.5
    endloop
  endfacet
  facet normal 0 1 0
    outer loop
      vertex -26 9 19.5
      vertex -1 9 19.5
      vertex -1 9 18.5
    endloop
  endfacet
  facet normal 1 0 0
    outer loop
      vertex -1 -1 18.5
      vertex -1 9 19.5
      vertex -1 -1 19.5
    endloop
  endfacet
  facet normal 1 0 0
    outer loop
      vertex -1 -1 18.5
      vertex -1 9 18.5
      vertex -1 9 19.5
    endloop
  endfacet
  facet normal 0 -1 0
    outer loop
      vertex -26 41 18.5
      vertex 0 41 19.5
      vertex -26 41 19.5
    endloop
  endfacet
  facet normal 0 -1 0
    outer loop
      vertex -26 41 18.5
      vertex 0 41 18.5
      vertex 0 41 19.5
    endloop
  endfacet
  facet normal 0 0 1
    outer loop
      vertex -25 40 18
      vertex 1 40 18
      vertex 0 41 18
    endloop
  endfacet
  facet normal 0 0 1
    outer loop
      vertex -1 -1 18
      vertex 55 0 18
      vertex 0 0 18
    endloop
  endfacet
  facet normal 0 1 0
    outer loop
      vertex -1 -1 18.5
      vertex -1 -1 19.5
      vertex 56 -1 18.5
    endloop
  endfacet
  facet normal 1 0 0
    outer loop
      vertex 0 41 18.5
      vertex 0 61.5 19.5
      vertex 0 41 19.5
    endloop
  endfacet
  facet normal 1 0 0
    outer loop
      vertex 0 41 18.5
      vertex 0 61.5 18.5
      vertex 0 61.5 19.5
    endloop
  endfacet
  facet normal 0 -1 0
    outer loop
      vertex 0 61.5 18.5
      vertex 63 61.5 19.5
      vertex 0 61.5 19.5
    endloop
  endfacet
  facet normal 0 0 1
    outer loop
      vertex -1 -1 18
      vertex 56 -1 18
      vertex 55 0 18
    endloop
  endfacet
  facet normal 0 1 0
    outer loop
      vertex -1 -1 19.5
      vertex 56 -1 19.5
      vertex 56 -1 18.5
    endloop
  endfacet
  facet normal -1 0 0
    outer loop
      vertex 56 -1 18.5
      vertex 56 -1 19.5
      vertex 56 28.5 18.5
    endloop
  endfacet
  facet normal 0 0 1
    outer loop
      vertex 55 0 18
      vertex 56 28.5 18
      vertex 55 29.5 18
    endloop
  endfacet
  facet normal -1 0 0
    outer loop
      vertex 56 -1 19.5
      vertex 56 28.5 19.5
      vertex 56 28.5 18.5
    endloop
  endfacet
  facet normal 0 1 0
    outer loop
      vertex 56 28.5 18.5
      vertex 56 28.5 19.5
      vertex 63 28.5 18.5
    endloop
  endfacet
  facet normal 0 0 1
    outer loop
      vertex 57.166666681153906 28.5 18
      vertex 63 28.5 18
      vertex 62 29.5 18
    endloop
  endfacet
  facet normal 0 1 0
    outer loop
      vertex 56 28.5 19.5
      vertex 63 28.5 19.5
      vertex 63 28.5 18.5
    endloop
  endfacet
  facet normal 0 -1 0
    outer loop
      vertex 0 61.5 18.5
      vertex 63 61.5 18.5
      vertex 63 61.5 19.5
    endloop
  endfacet
  facet normal -1 0 0
    outer loop
      vertex 63 28.5 18.5
      vertex 63 28.5 19.5
      vertex 63 61.5 18.5
    endloop
  endfacet
  facet normal -1 0 0
    outer loop
      vertex 63 28.5 19.5
      vertex 63 61.5 19.5
      vertex 63 61.5 18.5
    endloop
  endfacet
  facet normal 0 0 1
    outer loop
      vertex -26.200000002980232 8.799999997019768 18
      vertex -5.16666671840681 9 18
      vertex -26 9 18
    endloop
  endfacet
  facet normal 0 1 0
    outer loop
      vertex -26.200000002980232 8.799999997019768 18
      vertex -26.200000002980232 8.799999997019768 18.5
      vertex -1.2000000029802322 8.799999997019768 18
    endloop
  endfacet
  facet normal 0 0 -1
    outer loop
      vertex -26.200000002980232 8.799999997019768 18.5
      vertex -26 9 18.5
      vertex -1 9 18.5
    endloop
  endfacet
  facet normal 1 0 0
    outer loop
      vertex -26.200000002980232 8.799999997019768 18
      vertex -26.200000002980232 41.20000000298023 18.5
      vertex -26.200000002980232 8.799999997019768 18.5
    endloop
  endfacet
  facet normal 0 0 1
    outer loop
      vertex -26.200000002980232 8.799999997019768 18
      vertex -26 9 18
      vertex -25 40 18
    endloop
  endfacet
  facet normal 0 0 1
    outer loop
      vertex -26 9 18
      vertex -25 10 18
      vertex -25 40 18
    endloop
  endfacet
  facet normal 0 0 -1
    outer loop
      vertex -26.200000002980232 8.799999997019768 18.5
      vertex -26.200000002980232 41.20000000298023 18.5
      vertex -26 9 18.5
    endloop
  endfacet
  facet normal 1 0 0
    outer loop
      vertex -26.200000002980232 8.799999997019768 18
      vertex -26.200000002980232 41.20000000298023 18
      vertex -26.200000002980232 41.20000000298023 18.5
    endloop
  endfacet
  facet normal 0 0 1
    outer loop
      vertex -26.200000002980232 8.799999997019768 18
      vertex -25 40 18
      vertex -26.200000002980232 41.20000000298023 18
    endloop
  endfacet
  facet normal 0 0 -1
    outer loop
      vertex -26 9 18.5
      vertex -26.200000002980232 41.20000000298023 18.5
      vertex -26 41 18.5
    endloop
  endfacet
  facet normal 0 0 1
    outer loop
      vertex -26.200000002980232 8.799999997019768 18
      vertex -1.2000000029802322 8.799999997019768 18
      vertex -5.16666671840681 9 18
    endloop
  endfacet
  facet normal 0 0 1
    outer loop
      vertex -25 10 18
      vertex -5.16666671840681 9 18
      vertex 0 10 18
    endloop
  endfacet
  facet normal 0 1 0
    outer loop
      vertex -26.200000002980232 8.799999997019768 18.5
      vertex -1.2000000029802322 8.799999997019768 18.5
      vertex -1.2000000029802322 8.799999997019768 18
    endloop
  endfacet
  facet normal 0 0 -1
    outer loop
      vertex -26.200000002980232 8.799999997019768 18.5
      vertex -1 9 18.5
      vertex -1.2000000029802322 8.799999997019768 18.5
    endloop
  endfacet
  facet normal 0 0 1
    outer loop
      vertex -1.2000000029802322 -1.2000000029802322 18
      vertex -1 -1 18
      vertex -1.2000000029802322 8.799999997019768 18
    endloop
  endfacet
  facet normal 1 0 0
    outer loop
      vertex -1.2000000029802322 -1.2000000029802322 18
      vertex -1.2000000029802322 8.799999997019768 18.5
      vertex -1.2000000029802322 -1.2000000029802322 18.5
    endloop
  endfacet
  facet normal 0 0 1
    outer loop
      vertex -1 -1 18
      vertex 0 0 18
      vertex -1.2000000029802322 8.799999997019768 18
    endloop
  endfacet
  facet normal 0 0 -1
    outer loop
      vertex -1.2000000029802322 -1.2000000029802322 18.5
      vertex -1.2000000029802322 8.799999997019768 18.5
      vertex -1 -1 18.5
    endloop
  endfacet
  facet normal 1 0 0
    outer loop
      vertex -1.2000000029802322 -1.2000000029802322 18
      vertex -1.2000000029802322 8.799999997019768 18
      vertex -1.2000000029802322 8.799999997019768 18.5
    endloop
  endfacet
  facet normal 0 0 1
    outer loop
      vertex 0 0 18
      vertex 0 10 18
      vertex -1.2000000029802322 8.799999997019768 18
    endloop
  endfacet
  facet normal 0 0 -1
    outer loop
      vertex -1 -1 18.5
      vertex -1.2000000029802322 8.799999997019768 18.5
      vertex -1 9 18.5
    endloop
  endfacet
  facet normal 0 0 1
    outer loop
      vertex -5.16666671840681 9 18
      vertex -1.2000000029802322 8.799999997019768 18
      vertex 0 10 18
    endloop
  endfacet
  facet normal 0 -1 0
    outer loop
      vertex -26.200000002980232 41.20000000298023 18
      vertex -0.20000000298023224 41.20000000298023 18.5
      vertex -26.200000002980232 41.20000000298023 18.5
    endloop
  endfacet
  facet normal 0 0 1
    outer loop
      vertex -25 40 18
      vertex -0.20000000298023224 41.20000000298023 18
      vertex -26.200000002980232 41.20000000298023 18
    endloop
  endfacet
  facet normal 0 0 -1
    outer loop
      vertex -26 41 18.5
      vertex -26.200000002980232 41.20000000298023 18.5
      vertex -0.20000000298023224 41.20000000298023 18.5
    endloop
  endfacet
  facet normal 0 -1 0
    outer loop
      vertex -26.200000002980232 41.20000000298023 18
      vertex -0.20000000298023224 41.20000000298023 18
      vertex -0.20000000298023224 41.20000000298023 18.5
    endloop
  endfacet
  facet normal 0 0 1
    outer loop
      vertex -25 40 18
      vertex 0 41 18
      vertex -0.20000000298023224 41.20000000298023 18
    endloop
  endfacet
  facet normal 0 0 -1
    outer loop
      vertex -26 41 18.5
      vertex -0.20000000298023224 41.20000000298023 18.5
      vertex 0 41 18.5
    endloop
  endfacet
  facet normal 1 0 0
    outer loop
      vertex -0.20000000298023224 41.20000000298023 18
      vertex -0.20000000298023224 61.70000000298023 18.5
      vertex -0.20000000298023224 41.20000000298023 18.5
    endloop
  endfacet
  facet normal 0 0 -1
    outer loop
      vertex 0 41 18.5
      vertex -0.20000000298023224 41.20000000298023 18.5
      vertex -0.20000000298023224 61.70000000298023 18.5
    endloop
  endfacet
  facet normal 1 0 0
    outer loop
      vertex -0.20000000298023224 41.20000000298023 18
      vertex -0.20000000298023224 61.70000000298023 18
      vertex -0.20000000298023224 61.70000000298023 18.5
    endloop
  endfacet
  facet normal 0 0 -1
    outer loop
      vertex 0 41 18.5
      vertex -0.20000000298023224 61.70000000298023 18.5
      vertex 0 61.5 18.5
    endloop
  endfacet
  facet normal 0 1 0
    outer loop
      vertex -1.2000000029802322 -1.2000000029802322 18
      vertex -1.2000000029802322 -1.2000000029802322 18.5
      vertex 56.20000000298023 -1.2000000029802322 18
    endloop
  endfacet
  facet normal 0 0 1
    outer loop
      vertex -1.2000000029802322 -1.2000000029802322 18
      vertex 56.20000000298023 -1.2000000029802322 18
      vertex -1 -1 18
    endloop
  endfacet
  facet normal 0 0 -1
    outer loop
      vertex -1.2000000029802322 -1.2000000029802322 18.5
      vertex -1 -1 18.5
      vertex 56 -1 18.5
    endloop
  endfacet
  facet normal 0 0 1
    outer loop
      vertex 0 41 18
      vertex 1 60.5 18
      vertex -0.20000000298023224 41.20000000298023 18
    endloop
  endfacet
  facet normal 0 0 1
    outer loop
      vertex 1 40 18
      vertex 1 60.5 18
      vertex 0 41 18
    endloop
  endfacet
  facet normal 0 0 1
    outer loop
      vertex -0.20000000298023224 41.20000000298023 18
      vertex 1 60.5 18
      vertex -0.20000000298023224 61.70000000298023 18
    endloop
  endfacet
  facet normal 0 0 1
    outer loop
      vertex -0.20000000298023224 61.70000000298023 18
      vertex 1 60.5 18
      vertex 62 60.5 18
    endloop
  endfacet
  facet normal 0 -1 0
    outer loop
      vertex -0.20000000298023224 61.70000000298023 18
      vertex 63.20000000298023 61.70000000298023 18.5
      vertex -0.20000000298023224 61.70000000298023 18.5
    endloop
  endfacet
  facet normal 0 0 -1
    outer loop
      vertex -0.20000000298023224 61.70000000298023 18.5
      vertex 63.20000000298023 61.70000000298023 18.5
      vertex 0 61.5 18.5
    endloop
  endfacet
  facet normal 0 0 1
    outer loop
      vertex -1 -1 18
      vertex 56.20000000298023 -1.2000000029802322 18
      vertex 56 -1 18
    endloop
  endfacet
  facet normal 0 1 0
    outer loop
      vertex -1.2000000029802322 -1.2000000029802322 18.5
      vertex 56.20000000298023 -1.2000000029802322 18.5
      vertex 56.20000000298023 -1.2000000029802322 18
    endloop
  endfacet
  facet normal 0 0 -1
    outer loop
      vertex -1.2000000029802322 -1.2000000029802322 18.5
      vertex 56 -1 18.5
      vertex 56.20000000298023 -1.2000000029802322 18.5
    endloop
  endfacet
  facet normal 0 0 1
    outer loop
      vertex 55 0 18
      vertex 56 -1 18
      vertex 56.20000000298023 28.299999997019768 18
    endloop
  endfacet
  facet normal 0 0 1
    outer loop
      vertex 56 -1 18
      vertex 56.20000000298023 -1.2000000029802322 18
      vertex 56.20000000298023 28.299999997019768 18
    endloop
  endfacet
  facet normal -1 0 0
    outer loop
      vertex 56.20000000298023 -1.2000000029802322 18
      vertex 56.20000000298023 -1.2000000029802322 18.5
      vertex 56.20000000298023 28.299999997019768 18
    endloop
  endfacet
  facet normal 0 0 -1
    outer loop
      vertex 56 -1 18.5
      vertex 56 28.5 18.5
      vertex 56.20000000298023 -1.2000000029802322 18.5
    endloop
  endfacet
  facet normal -1 0 0
    outer loop
      vertex 56.20000000298023 -1.2000000029802322 18.5
      vertex 56.20000000298023 28.299999997019768 18.5
      vertex 56.20000000298023 28.299999997019768 18
    endloop
  endfacet
  facet normal 0 0 -1
    outer loop
      vertex 56.20000000298023 -1.2000000029802322 18.5
      vertex 56 28.5 18.5
      vertex 56.20000000298023 28.299999997019768 18.5
    endloop
  endfacet
  facet normal 0 0 1
    outer loop
      vertex 55 0 18
      vertex 56.20000000298023 28.299999997019768 18
      vertex 56 28.5 18
    endloop
  endfacet
  facet normal 0 0 1
    outer loop
      vertex 56 28.5 18
      vertex 56.20000000298023 28.299999997019768 18
      vertex 57.166666681153906 28.5 18
    endloop
  endfacet
  facet normal 0 0 1
    outer loop
      vertex 56 28.5 18
      vertex 57.166666681153906 28.5 18
      vertex 62 29.5 18
    endloop
  endfacet
  facet normal 0 1 0
    outer loop
      vertex 56.20000000298023 28.299999997019768 18
      vertex 56.20000000298023 28.299999997019768 18.5
      vertex 63.20000000298023 28.299999997019768 18
    endloop
  endfacet
  facet normal 0 0 1
    outer loop
      vertex 56.20000000298023 28.299999997019768 18
      vertex 63.20000000298023 28.299999997019768 18
      vertex 57.166666681153906 28.5 18
    endloop
  endfacet
  facet normal 0 0 -1
    outer loop
      vertex 56 28.5 18.5
      vertex 63 28.5 18.5
      vertex 56.20000000298023 28.299999997019768 18.5
    endloop
  endfacet
  facet normal 0 1 0
    outer loop
      vertex 56.20000000298023 28.299999997019768 18.5
      vertex 63.20000000298023 28.299999997019768 18.5
      vertex 63.20000000298023 28.299999997019768 18
    endloop
  endfacet
  facet normal 0 0 1
    outer loop
      vertex 57.166666681153906 28.5 18
      vertex 63.20000000298023 28.299999997019768 18
      vertex 63 28.5 18
    endloop
  endfacet
  facet normal 0 0 -1
    outer loop
      vertex 56.20000000298023 28.299999997019768 18.5
      vertex 63 28.5 18.5
      vertex 63.20000000298023 28.299999997019768 18.5
    endloop
  endfacet
  facet normal 0 0 1
    outer loop
      vertex 55 29.5 18
      vertex 56 28.5 18
      vertex 62 29.5 18
    endloop
  endfacet
  facet normal 0 0 1
    outer loop
      vertex 63.20000000298023 28.299999997019768 18
      vertex 62 60.5 18
      vertex 63 28.5 18
    endloop
  endfacet
  facet normal 0 0 1
    outer loop
      vertex -0.20000000298023224 61.70000000298023 18
      vertex 62 60.5 18
      vertex 63.20000000298023 61.70000000298023 18
    endloop
  endfacet
  facet normal 0 -1 0
    outer loop
      vertex -0.20000000298023224 61.70000000298023 18
      vertex 63.20000000298023 61.70000000298023 18
      vertex 63.20000000298023 61.70000000298023 18.5
    endloop
  endfacet
  facet normal 0 0 -1
    outer loop
      vertex 0 61.5 18.5
      vertex 63.20000000298023 61.70000000298023 18.5
      vertex 63 61.5 18.5
    endloop
  endfacet
  facet normal 0 0 1
    outer loop
      vertex 62 29.5 18
      vertex 63 28.5 18
      vertex 62 60.5 18
    endloop
  endfacet
  facet normal -1 0 0
    outer loop
      vertex 63.20000000298023 28.299999997019768 18
      vertex 63.20000000298023 28.299999997019768 18.5
      vertex 63.20000000298023 61.70000000298023 18
    endloop
  endfacet
  facet normal 0 0 -1
    outer loop
      vertex 63.20000000298023 28.299999997019768 18.5
      vertex 63 28.5 18.5
      vertex 63 61.5 18.5
    endloop
  endfacet
  facet normal 0 0 1
    outer loop
      vertex 63.20000000298023 28.299999997019768 18
      vertex 63.20000000298023 61.70000000298023 18
      vertex 62 60.5 18
    endloop
  endfacet
  facet normal -1 0 0
    outer loop
      vertex 63.20000000298023 28.299999997019768 18.5
      vertex 63.20000000298023 61.70000000298023 18.5
      vertex 63.20000000298023 61.70000000298023 18
    endloop
  endfacet
  facet normal 0 0 -1
    outer loop
      vertex 63.20000000298023 28.299999997019768 18.5
      vertex 63 61.5 18.5
      vertex 63.20000000298023 61.70000000298023 18.5
    endloop
  endfacet
  facet normal 0 0 1
    outer loop
      vertex 1 29.5 6
      vertex 4 29.5 6
      vertex 1 40 6
    endloop
  endfacet
  facet normal 0.7071067811865475 0 -0.7071067811865475
    outer loop
      vertex 1 29.5 3
      vertex 4 60.5 6
      vertex 4 29.5 6
    endloop
  endfacet
  facet normal 0.7071067811865476 0 -0.7071067811865476
    outer loop
      vertex 1 29.5 3
      vertex 1 40 3
      vertex 4 60.5 6
    endloop
  endfacet
  facet normal 0 0 1
    outer loop
      vertex 4 29.5 6
      vertex 1 60.5 6
      vertex 1 40 6
    endloop
  endfacet
  facet normal 0.7071067811865475 0 -0.7071067811865475
    outer loop
      vertex 1 40 3
      vertex 1 60.5 3
      vertex 4 60.5 6
    endloop
  endfacet
  facet normal 0 0 1
    outer loop
      vertex 4 29.5 6
      vertex 4 60.5 6
      vertex 1 60.5 6
    endloop
  endfacet
  facet normal -0.7071067811865475 0 -0.7071067811865475
    outer loop
      vertex 62 29.5 3
      vertex 59 29.5 6
      vertex 62 60.5 3
    endloop
  endfacet
  facet normal 0 0 1
    outer loop
      vertex 59 29.5 6
      vertex 62 29.5 6
      vertex 59 60.5 6
    endloop
  endfacet
  facet normal -0.7071067811865475 0 -0.7071067811865475
    outer loop
      vertex 59 29.5 6
      vertex 59 60.5 6
      vertex 62 60.5 3
    endloop
  endfacet
  facet normal 0 0 1
    outer loop
      vertex 62 29.5 6
      vertex 62 60.5 6
      vertex 59 60.5 6
    endloop
  endfacet
  facet normal 0 0.7071067811865475 -0.7071067811865475
    outer loop
      vertex -25 10 3
      vertex -25 13 6
      vertex 0 10 3
    endloop
  endfacet
  facet normal 0 0 1
    outer loop
      vertex -25 10 6
      vertex 0 13 6
      vertex -25 13 6
    endloop
  endfacet
  facet normal 0 0.7071067811865475 -0.7071067811865475
    outer loop
      vertex -25 13 6
      vertex 0 13 6
      vertex 0 10 3
    endloop
  endfacet
  facet normal 0 0 1
    outer loop
      vertex -25 10 6
      vertex 0 10 6
      vertex 0 13 6
    endloop
  endfacet
  facet normal 1 0 0
    outer loop
      vertex 0 10 3
      vertex 0 13 6
      vertex 0 10 6
    endloop
  endfacet
  facet normal 0 -0.7071067811865476 -0.7071067811865476
    outer loop
      vertex -25 40 3
      vertex -1.5 40 3
      vertex -25 37 6
    endloop
  endfacet
  facet normal 0 0 1
    outer loop
      vertex -25 37 6
      vertex -1.5 37 6
      vertex -25 40 6
    endloop
  endfacet
  facet normal 0 -0.7071067811865476 -0.7071067811865476
    outer loop
      vertex -25 37 6
      vertex -1.5 40 3
      vertex -1.5 37 6
    endloop
  endfacet
  facet normal 0 0 1
    outer loop
      vertex -25 40 6
      vertex -1.5 37 6
      vertex -1.5 40 6
    endloop
  endfacet
  facet normal 0 1 0
    outer loop
      vertex 1 29.5 6
      vertex 1 29.5 11.5
      vertex 4 29.5 6
    endloop
  endfacet
  facet normal 0 -1 0
    outer loop
      vertex 1 28 2
      vertex 55 28 2
      vertex 1 28 11.5
    endloop
  endfacet
  facet normal 0 1 0
    outer loop
      vertex 1 29.5 2
      vertex 1 29.5 3
      vertex 55 29.5 11.5
    endloop
  endfacet
  facet normal 0 0 1
    outer loop
      vertex 1 28 11.5
      vertex 55 28 11.5
      vertex 1 29.5 11.5
    endloop
  endfacet
  facet normal 0 1 0
    outer loop
      vertex 1 29.5 3
      vertex 4 29.5 6
      vertex 55 29.5 11.5
    endloop
  endfacet
  facet normal 0 1 0
    outer loop
      vertex 4 29.5 6
      vertex 1 29.5 11.5
      vertex 55 29.5 11.5
    endloop
  endfacet
  facet normal 0 1 0
    outer loop
      vertex 1 29.5 2
      vertex 55 29.5 11.5
      vertex 55 29.5 2
    endloop
  endfacet
  facet normal 0 -1 0
    outer loop
      vertex 1 28 11.5
      vertex 55 28 2
      vertex 55 28 11.5
    endloop
  endfacet
  facet normal 0 0 1
    outer loop
      vertex 1 29.5 11.5
      vertex 55 28 11.5
      vertex 55 29.5 11.5
    endloop
  endfacet
  facet normal -1 0 0
    outer loop
      vertex -1.5 25 2
      vertex -1.5 40 3
      vertex -1.5 40 2
    endloop
  endfacet
  facet normal -1 0 0
    outer loop
      vertex -1.5 25 2
      vertex -1.5 37 6
      vertex -1.5 40 3
    endloop
  endfacet
  facet normal -1 0 0
    outer loop
      vertex -1.5 25 2
      vertex -1.5 40 11.5
      vertex -1.5 37 6
    endloop
  endfacet
  facet normal 0 -1 0
    outer loop
      vertex -1.5 25 2
      vertex 1 25 11.5
      vertex -1.5 25 11.5
    endloop
  endfacet
  facet normal -1 0 0
    outer loop
      vertex -1.5 25 2
      vertex -1.5 25 11.5
      vertex -1.5 40 11.5
    endloop
  endfacet
  facet normal -1 0 0
    outer loop
      vertex -1.5 37 6
      vertex -1.5 40 11.5
      vertex -1.5 40 6
    endloop
  endfacet
  facet normal 0 0 1
    outer loop
      vertex -1.5 25 11.5
      vertex 1 25 11.5
      vertex -1.5 40 11.5
    endloop
  endfacet
  facet normal 0 -1 0
    outer loop
      vertex -1.5 25 2
      vertex 1 25 2
      vertex 1 25 11.5
    endloop
  endfacet
  facet normal 1 0 0
    outer loop
      vertex 1 25 2
      vertex 1 28 2
      vertex 1 28 11.5
    endloop
  endfacet
  facet normal 1 0 0
    outer loop
      vertex 1 29.5 2
      vertex 1 40 2
      vertex 1 29.5 3
    endloop
  endfacet
  facet normal 1 0 0
    outer loop
      vertex 1 29.5 3
      vertex 1 40 2
      vertex 1 40 3
    endloop
  endfacet
  facet normal 1 0 0
    outer loop
      vertex 1 25 2
      vertex 1 28 11.5
      vertex 1 25 11.5
    endloop
  endfacet
  facet normal 1 0 0
    outer loop
      vertex 1 29.5 6
      vertex 1 40 6
      vertex 1 29.5 11.5
    endloop
  endfacet
  facet normal 1 0 0
    outer loop
      vertex 1 29.5 11.5
      vertex 1 40 6
      vertex 1 40 11.5
    endloop
  endfacet
  facet normal 0 0 1
    outer loop
      vertex 1 25 11.5
      vertex 1 28 11.5
      vertex -1.5 40 11.5
    endloop
  endfacet
  facet normal 0 0 1
    outer loop
      vertex 1 28 11.5
      vertex 1 29.5 11.5
      vertex -1.5 40 11.5
    endloop
  endfacet
  facet normal 0 0 1
    outer loop
      vertex 1 29.5 11.5
      vertex 1 40 11.5
      vertex -1.5 40 11.5
    endloop
  endfacet
  facet normal 0 0 1
    outer loop
      vertex 64 40 8
      vertex 62 50 8
      vertex 62 40 8
    endloop
  endfacet
  facet normal 0 1 0
    outer loop
      vertex 64 40 8
      vertex 62 40 8
      vertex 64 40 14
    endloop
  endfacet
  facet normal 0 0 1
    outer loop
      vertex 64 40 8
      vertex 64 50 8
      vertex 62 50 8
    endloop
  endfacet
  facet normal 0 1 0
    outer loop
      vertex 62 40 8
      vertex 62 40 14
      vertex 64 40 14
    endloop
  endfacet
  facet normal 0 -1 0
    outer loop
      vertex 62 50 14
      vertex 62 50 8
      vertex 64 50 8
    endloop
  endfacet
  facet normal 0 -1 0
    outer loop
      vertex 62 50 14
      vertex 64 50 8
      vertex 64 50 14
    endloop
  endfacet
  facet normal 0 0 -1
    outer loop
      vertex 64 50 14
      vertex 64 40 14
      vertex 62 40 14
    endloop
  endfacet
  facet normal 0 0 -1
    outer loop
      vertex 62 50 14
      vertex 64 50 14
      vertex 62 40 14
    endloop
  endfacet
  facet normal 0 1 0
    outer loop
      vertex -25 12 13
      vertex -25 12 8
      vertex -27 12 8
    endloop
  endfacet
  facet normal 0 0 1
    outer loop
      vertex -25 12 8
      vertex -27 21 8
      vertex -27 12 8
    endloop
  endfacet
  facet normal 0 0 1
    outer loop
      vertex -25 12 8
      vertex -25 21 8
      vertex -27 21 8
    endloop
  endfacet
  facet normal 0 1 0
    outer loop
      vertex -25 12 13
      vertex -27 12 8
      vertex -27 12 13
    endloop
  endfacet
  facet normal 0 0 -1
    outer loop
      vertex -25 21 13
      vertex -27 12 13
      vertex -27 21 13
    endloop
  endfacet
  facet normal 0 0 -1
    outer loop
      vertex -25 21 13
      vertex -25 12 13
      vertex -27 12 13
    endloop
  endfacet
  facet normal 0 -1 0
    outer loop
      vertex -27 21 8
      vertex -25 21 8
      vertex -27 21 13
    endloop
  endfacet
  facet normal 0 -1 0
    outer loop
      vertex -25 21 8
      vertex -25 21 13
      vertex -27 21 13
    endloop
  endfacet
  facet normal 0 1 0
    outer loop
      vertex -19.5 12 0
      vertex -22 12 0
      vertex -22 12 2
    endloop
  endfacet
  facet normal 0 1 0
    outer loop
      vertex -19.5 12 0
      vertex -22 12 2
      vertex -19.5 12 2
    endloop
  endfacet
  facet normal 1 0 0
    outer loop
      vertex -22 12 2
      vertex -22 12 0
      vertex -22 38 2
    endloop
  endfacet
  facet normal -1 0 0
    outer loop
      vertex -19.5 12 0
      vertex -19.5 12 2
      vertex -19.5 38 0
    endloop
  endfacet
  facet normal 1 0 0
    outer loop
      vertex -22 12 0
      vertex -22 38 0
      vertex -22 38 2
    endloop
  endfacet
  facet normal 0 -1 0
    outer loop
      vertex -19.5 38 0
      vertex -19.5 38 2
      vertex -22 38 0
    endloop
  endfacet
  facet normal 0 -1 0
    outer loop
      vertex -19.5 38 2
      vertex -22 38 2
      vertex -22 38 0
    endloop
  endfacet
  facet normal -1 0 0
    outer loop
      vertex -19.5 12 2
      vertex -19.5 38 2
      vertex -19.5 38 0
    endloop
  endfacet
  facet normal 0 1 0
    outer loop
      vertex -3 12 0
      vertex -5.5 12 0
      vertex -5.5 12 2
    endloop
  endfacet
  facet normal 0 1 0
    outer loop
      vertex -5.5 12 2
      vertex -3 12 2
      vertex -3 12 0
    endloop
  endfacet
  facet normal 1 0 0
    outer loop
      vertex -5.5 38 2
      vertex -5.5 12 2
      vertex -5.5 12 0
    endloop
  endfacet
  facet normal -1 0 0
    outer loop
      vertex -3 12 0
      vertex -3 12 2
      vertex -3 38 0
    endloop
  endfacet
  facet normal 1 0 0
    outer loop
      vertex -5.5 12 0
      vertex -5.5 38 0
      vertex -5.5 38 2
    endloop
  endfacet
  facet normal 0 -1 0
    outer loop
      vertex -3 38 2
      vertex -5.5 38 2
      vertex -5.5 38 0
    endloop
  endfacet
  facet normal -1 0 0
    outer loop
      vertex -3 12 2
      vertex -3 38 2
      vertex -3 38 0
    endloop
  endfacet
  facet normal 0 -1 0
    outer loop
      vertex -3 38 0
      vertex -3 38 2
      vertex -5.5 38 0
    endloop
  endfacet
  facet normal -0.5141027780042697 -0.857728589734709 0
    outer loop
      vertex -56.207095108926296 98.17711810022593 50
      vertex -56.207095108926296 98.17711810022593 52
      vertex -56.333355352282524 98.25279558449984 50
    endloop
  endfacet
  facet normal -0.42755507319767905 -0.9039893026927516 0
    outer loop
      vertex -56.07402514666319 98.11418069899082 50
      vertex -56.07402514666319 98.11418069899082 52
      vertex -56.207095108926296 98.17711810022593 50
    endloop
  endfacet
  facet normal -0.5141027780042697 -0.857728589734709 0
    outer loop
      vertex -56.333355352282524 98.25279558449984 50
      vertex -56.207095108926296 98.17711810022593 52
      vertex -56.333355352282524 98.25279558449984 52
    endloop
  endfacet
  facet normal -0.42755507319767905 -0.9039893026927516 0
    outer loop
      vertex -56.207095108926296 98.17711810022593 50
      vertex -56.07402514666319 98.11418069899082 52
      vertex -56.207095108926296 98.17711810022593 52
    endloop
  endfacet
  facet normal -0.33688986808449944 -0.941544059926039 0
    outer loop
      vertex -56.07402514666319 98.11418069899082 50
      vertex -55.93542701750994 98.06458949297667 52
      vertex -56.07402514666319 98.11418069899082 52
    endloop
  endfacet
  facet normal -0.857728589734709 -0.5141027780042697 0
    outer loop
      vertex -56.747204415500164 98.66664464771748 50
      vertex -56.747204415500164 98.66664464771748 52
      vertex -56.822881899774075 98.7929048910737 50
    endloop
  endfacet
  facet normal -0.9039893026927516 -0.42755507319767905 0
    outer loop
      vertex -56.822881899774075 98.7929048910737 50
      vertex -56.822881899774075 98.7929048910737 52
      vertex -56.88581930100918 98.92597485333681 50
    endloop
  endfacet
  facet normal -0.7409511057814067 -0.6715589764431047 0
    outer loop
      vertex -56.56066016852856 98.43933983147144 50
      vertex -56.56066016852856 98.43933983147144 52
      vertex -56.6595156788826 98.5484100729227 50
    endloop
  endfacet
  facet normal -0.8032075326742517 -0.5956993028830408 0
    outer loop
      vertex -56.6595156788826 98.5484100729227 50
      vertex -56.6595156788826 98.5484100729227 52
      vertex -56.747204415500164 98.66664464771748 50
    endloop
  endfacet
  facet normal -0.941544059926039 -0.33688986808449944 0
    outer loop
      vertex -56.88581930100918 98.92597485333681 50
      vertex -56.88581930100918 98.92597485333681 52
      vertex -56.935410507023335 99.06457298249006 50
    endloop
  endfacet
  facet normal -0.9700312581757379 -0.24298016001722236 0
    outer loop
      vertex -56.935410507023335 99.06457298249006 50
      vertex -56.935410507023335 99.06457298249006 52
      vertex -56.97117792069912 99.2073645144701 50
    endloop
  endfacet
  facet normal -0.989176513397145 -0.14673045131624157 0
    outer loop
      vertex -56.97117792069912 99.2073645144701 50
      vertex -56.97117792069912 99.2073645144701 52
      vertex -56.992777086794376 99.35297428816557 50
    endloop
  endfacet
  facet normal -0.9987954551570747 -0.04906769566193293 0
    outer loop
      vertex -56.992777086794376 99.35297428816557 50
      vertex -56.992777086794376 99.35297428816557 52
      vertex -57 99.5 50
    endloop
  endfacet
  facet normal -0.6715589764431047 -0.7409511057814067 0
    outer loop
      vertex -56.45158992707729 98.3404843211174 50
      vertex -56.45158992707729 98.3404843211174 52
      vertex -56.56066016852856 98.43933983147144 50
    endloop
  endfacet
  facet normal -0.5956993028830408 -0.8032075326742517 0
    outer loop
      vertex -56.333355352282524 98.25279558449984 50
      vertex -56.333355352282524 98.25279558449984 52
      vertex -56.45158992707729 98.3404843211174 50
    endloop
  endfacet
  facet normal -0.857728589734709 -0.5141027780042697 0
    outer loop
      vertex -56.822881899774075 98.7929048910737 50
      vertex -56.747204415500164 98.66664464771748 52
      vertex -56.822881899774075 98.7929048910737 52
    endloop
  endfacet
  facet normal -0.9039893026927516 -0.42755507319767905 0
    outer loop
      vertex -56.88581930100918 98.92597485333681 50
      vertex -56.822881899774075 98.7929048910737 52
      vertex -56.88581930100918 98.92597485333681 52
    endloop
  endfacet
  facet normal -0.7409511057814067 -0.6715589764431047 0
    outer loop
      vertex -56.6595156788826 98.5484100729227 50
      vertex -56.56066016852856 98.43933983147144 52
      vertex -56.6595156788826 98.5484100729227 52
    endloop
  endfacet
  facet normal -0.6715589764431047 -0.7409511057814067 0
    outer loop
      vertex -56.56066016852856 98.43933983147144 50
      vertex -56.45158992707729 98.3404843211174 52
      vertex -56.56066016852856 98.43933983147144 52
    endloop
  endfacet
  facet normal -0.8032075326742517 -0.5956993028830408 0
    outer loop
      vertex -56.747204415500164 98.66664464771748 50
      vertex -56.6595156788826 98.5484100729227 52
      vertex -56.747204415500164 98.66664464771748 52
    endloop
  endfacet
  facet normal -0.941544059926039 -0.33688986808449944 0
    outer loop
      vertex -56.935410507023335 99.06457298249006 50
      vertex -56.88581930100918 98.92597485333681 52
      vertex -56.935410507023335 99.06457298249006 52
    endloop
  endfacet
  facet normal -0.9700312581757379 -0.24298016001722236 0
    outer loop
      vertex -56.97117792069912 99.2073645144701 50
      vertex -56.935410507023335 99.06457298249006 52
      vertex -56.97117792069912 99.2073645144701 52
    endloop
  endfacet
  facet normal -0.989176513397145 -0.14673045131624157 0
    outer loop
      vertex -56.992777086794376 99.35297428816557 50
      vertex -56.97117792069912 99.2073645144701 52
      vertex -56.992777086794376 99.35297428816557 52
    endloop
  endfacet
  facet normal -0.9987954551570747 -0.04906769566193293 0
    outer loop
      vertex -57 99.5 50
      vertex -56.992777086794376 99.35297428816557 52
      vertex -57 99.5 52
    endloop
  endfacet
  facet normal -0.5956993028830408 -0.8032075326742517 0
    outer loop
      vertex -56.45158992707729 98.3404843211174 50
      vertex -56.333355352282524 98.25279558449984 52
      vertex -56.45158992707729 98.3404843211174 52
    endloop
  endfacet
  facet normal 0 0 1
    outer loop
      vertex -56 99 52
      vertex -56.822881899774075 98.7929048910737 52
      vertex -56.747204415500164 98.66664464771748 52
    endloop
  endfacet
  facet normal 0 0 1
    outer loop
      vertex -56 99 52
      vertex -56.97117792069912 99.2073645144701 52
      vertex -56.935410507023335 99.06457298249006 52
    endloop
  endfacet
  facet normal 0 0 1
    outer loop
      vertex -56 99 52
      vertex -56.992777086794376 99.35297428816557 52
      vertex -56.97117792069912 99.2073645144701 52
    endloop
  endfacet
  facet normal 0 0 1
    outer loop
      vertex -56 99 52
      vertex -56.88581930100918 98.92597485333681 52
      vertex -56.822881899774075 98.7929048910737 52
    endloop
  endfacet
  facet normal 0 0 1
    outer loop
      vertex -56 99 52
      vertex -56.935410507023335 99.06457298249006 52
      vertex -56.88581930100918 98.92597485333681 52
    endloop
  endfacet
  facet normal 0 0 1
    outer loop
      vertex -56 99 52
      vertex -57 99.5 52
      vertex -56.992777086794376 99.35297428816557 52
    endloop
  endfacet
  facet normal 0 0 1
    outer loop
      vertex -56 99 52
      vertex -56.6595156788826 98.5484100729227 52
      vertex -56.56066016852856 98.43933983147144 52
    endloop
  endfacet
  facet normal 0 0 1
    outer loop
      vertex -56 99 52
      vertex -56.747204415500164 98.66664464771748 52
      vertex -56.6595156788826 98.5484100729227 52
    endloop
  endfacet
  facet normal 0 0 -1
    outer loop
      vertex -55.7926354855299 98.02882207930088 50
      vertex -55.93542701750994 98.06458949297667 50
      vertex -47.38581929876693 104.57402514854763 50
    endloop
  endfacet
  facet normal 0 0 -1
    outer loop
      vertex -55.93542701750994 98.06458949297667 50
      vertex -56.07402514666319 98.11418069899082 50
      vertex -47.06066017177982 105.06066017177982 50
    endloop
  endfacet
  facet normal 0 0 -1
    outer loop
      vertex -56.07402514666319 98.11418069899082 50
      vertex -56.207095108926296 98.17711810022593 50
      vertex -47.06066017177982 105.06066017177982 50
    endloop
  endfacet
  facet normal 0 0 -1
    outer loop
      vertex -55.64702571183443 98.00722291320562 50
      vertex -55.7926354855299 98.02882207930088 50
      vertex -47.38581929876693 104.57402514854763 50
    endloop
  endfacet
  facet normal 0 0 -1
    outer loop
      vertex -55.5 98 50
      vertex -55.64702571183443 98.00722291320562 50
      vertex -47.38581929876693 104.57402514854763 50
    endloop
  endfacet
  facet normal -0.33688986808449944 -0.941544059926039 0
    outer loop
      vertex -55.93542701750994 98.06458949297667 50
      vertex -55.93542701750994 98.06458949297667 52
      vertex -56.07402514666319 98.11418069899082 50
    endloop
  endfacet
  facet normal -0.24298016001722236 -0.9700312581757379 0
    outer loop
      vertex -55.7926354855299 98.02882207930088 50
      vertex -55.7926354855299 98.02882207930088 52
      vertex -55.93542701750994 98.06458949297667 50
    endloop
  endfacet
  facet normal -0.14673045131624157 -0.989176513397145 0
    outer loop
      vertex -55.64702571183443 98.00722291320562 50
      vertex -55.64702571183443 98.00722291320562 52
      vertex -55.7926354855299 98.02882207930088 50
    endloop
  endfacet
  facet normal -0.04906769566193293 -0.9987954551570747 0
    outer loop
      vertex -55.5 98 50
      vertex -55.5 98 52
      vertex -55.64702571183443 98.00722291320562 50
    endloop
  endfacet
  facet normal -0.24298016001722236 -0.9700312581757379 0
    outer loop
      vertex -55.93542701750994 98.06458949297667 50
      vertex -55.7926354855299 98.02882207930088 52
      vertex -55.93542701750994 98.06458949297667 52
    endloop
  endfacet
  facet normal -0.14673045131624157 -0.989176513397145 0
    outer loop
      vertex -55.7926354855299 98.02882207930088 50
      vertex -55.64702571183443 98.00722291320562 52
      vertex -55.7926354855299 98.02882207930088 52
    endloop
  endfacet
  facet normal -0.04906769566193293 -0.9987954551570747 0
    outer loop
      vertex -55.64702571183443 98.00722291320562 50
      vertex -55.5 98 52
      vertex -55.64702571183443 98.00722291320562 52
    endloop
  endfacet
  facet normal -1 0 0
    outer loop
      vertex -57 99.5 50
      vertex -57 99.5 52
      vertex -57 127.5 50
    endloop
  endfacet
  facet normal 0 0 1
    outer loop
      vertex -56 99 52
      vertex -57 127.5 52
      vertex -57 99.5 52
    endloop
  endfacet
  facet normal -1 0 0
    outer loop
      vertex -57 127.5 50
      vertex -57 99.5 52
      vertex -57 127.5 52
    endloop
  endfacet
  facet normal 0 0 1
    outer loop
      vertex -56 99 52
      vertex -56 128.5 52
      vertex -57 127.5 52
    endloop
  endfacet
  facet normal 0 0 -1
    outer loop
      vertex -56.6595156788826 98.5484100729227 50
      vertex -56.747204415500164 98.66664464771748 50
      vertex -41.5 110 50
    endloop
  endfacet
  facet normal 0 0 -1
    outer loop
      vertex -56.45158992707729 98.3404843211174 50
      vertex -56.56066016852856 98.43933983147144 50
      vertex -41.5 110 50
    endloop
  endfacet
  facet normal 0 0 -1
    outer loop
      vertex -56.56066016852856 98.43933983147144 50
      vertex -56.6595156788826 98.5484100729227 50
      vertex -41.5 110 50
    endloop
  endfacet
  facet normal 0 0 -1
    outer loop
      vertex -56.747204415500164 98.66664464771748 50
      vertex -56.822881899774075 98.7929048910737 50
      vertex -41.38581929876693 110.57402514854763 50
    endloop
  endfacet
  facet normal 0 0 -1
    outer loop
      vertex -56.822881899774075 98.7929048910737 50
      vertex -56.88581930100918 98.92597485333681 50
      vertex -41.38581929876693 110.57402514854763 50
    endloop
  endfacet
  facet normal 0 0 -1
    outer loop
      vertex -56.88581930100918 98.92597485333681 50
      vertex -56.935410507023335 99.06457298249006 50
      vertex -41.38581929876693 110.57402514854763 50
    endloop
  endfacet
  facet normal 0 0 -1
    outer loop
      vertex -56.935410507023335 99.06457298249006 50
      vertex -56.97117792069912 99.2073645144701 50
      vertex -41.06066017177982 111.06066017177982 50
    endloop
  endfacet
  facet normal 0 0 -1
    outer loop
      vertex -56.97117792069912 99.2073645144701 50
      vertex -56.992777086794376 99.35297428816557 50
      vertex -41.06066017177982 111.06066017177982 50
    endloop
  endfacet
  facet normal 0 0 -1
    outer loop
      vertex -56.333355352282524 98.25279558449984 50
      vertex -56.45158992707729 98.3404843211174 50
      vertex -41.5 110 50
    endloop
  endfacet
  facet normal 0 0 -1
    outer loop
      vertex -56.207095108926296 98.17711810022593 50
      vertex -56.333355352282524 98.25279558449984 50
      vertex -41.5 110 50
    endloop
  endfacet
  facet normal 0 0 -1
    outer loop
      vertex -55.5 98 50
      vertex -47.5 104 50
      vertex -47.38581929876693 103.42597485145237 50
    endloop
  endfacet
  facet normal 0 0 -1
    outer loop
      vertex -55.5 98 50
      vertex -47.38581929876693 104.57402514854763 50
      vertex -47.5 104 50
    endloop
  endfacet
  facet normal 0 0 -1
    outer loop
      vertex -55.93542701750994 98.06458949297667 50
      vertex -47.06066017177982 105.06066017177982 50
      vertex -47.38581929876693 104.57402514854763 50
    endloop
  endfacet
  facet normal 0 0 -1
    outer loop
      vertex -57 99.5 50
      vertex -47.06066017177982 108.93933982822018 50
      vertex -46.57402514854763 108.61418070123307 50
    endloop
  endfacet
  facet normal 0 0 -1
    outer loop
      vertex -55.5 98 50
      vertex -47.06066017177982 102.93933982822018 50
      vertex -46.57402514854763 102.61418070123307 50
    endloop
  endfacet
  facet normal 0 0 -1
    outer loop
      vertex -55.5 98 50
      vertex -47.38581929876693 103.42597485145237 50
      vertex -47.06066017177982 102.93933982822018 50
    endloop
  endfacet
  facet normal 0 0 -1
    outer loop
      vertex -55.5 98 50
      vertex -46.57402514854763 102.61418070123307 50
      vertex -46 102.5 50
    endloop
  endfacet
  facet normal 0 0 -1
    outer loop
      vertex -55.5 98 50
      vertex -46 102.5 50
      vertex -45.42597485145237 102.61418070123307 50
    endloop
  endfacet
  facet normal 0 0 -1
    outer loop
      vertex -56.992777086794376 99.35297428816557 50
      vertex -57 99.5 50
      vertex -35.38581929876693 115.42597485145237 50
    endloop
  endfacet
  facet normal 0 0 -1
    outer loop
      vertex -57 99.5 50
      vertex -46.57402514854763 108.61418070123307 50
      vertex -46 108.5 50
    endloop
  endfacet
  facet normal 0 0 -1
    outer loop
      vertex -57 99.5 50
      vertex -46 108.5 50
      vertex -45.42597485145237 108.61418070123307 50
    endloop
  endfacet
  facet normal 0 0 -1
    outer loop
      vertex -57 99.5 50
      vertex -45.42597485145237 108.61418070123307 50
      vertex -44.93933982822018 108.93933982822018 50
    endloop
  endfacet
  facet normal 0 0 -1
    outer loop
      vertex -56.207095108926296 98.17711810022593 50
      vertex -41.5 110 50
      vertex -47.06066017177982 105.06066017177982 50
    endloop
  endfacet
  facet normal 0 0 -1
    outer loop
      vertex -57 99.5 50
      vertex -47.5 110 50
      vertex -47.38581929876693 109.42597485145237 50
    endloop
  endfacet
  facet normal 0 0 -1
    outer loop
      vertex -57 99.5 50
      vertex -47.38581929876693 110.57402514854763 50
      vertex -47.5 110 50
    endloop
  endfacet
  facet normal 0 0 -1
    outer loop
      vertex -57 99.5 50
      vertex -47.38581929876693 109.42597485145237 50
      vertex -47.06066017177982 108.93933982822018 50
    endloop
  endfacet
  facet normal 0 0 1
    outer loop
      vertex -55 100 52
      vertex -46.57402514854763 102.61418070123307 52
      vertex -47.06066017177982 102.93933982822018 52
    endloop
  endfacet
  facet normal 0 0 1
    outer loop
      vertex -55 100 52
      vertex -46 102.5 52
      vertex -46.57402514854763 102.61418070123307 52
    endloop
  endfacet
  facet normal 0 0 1
    outer loop
      vertex -55 100 52
      vertex -47.06066017177982 102.93933982822018 52
      vertex -47.38581929876693 103.42597485145237 52
    endloop
  endfacet
  facet normal 0 0 1
    outer loop
      vertex -55 100 52
      vertex -47.38581929876693 103.42597485145237 52
      vertex -47.5 104 52
    endloop
  endfacet
  facet normal 0 0 1
    outer loop
      vertex -55 100 52
      vertex -47.5 104 52
      vertex -47.38581929876693 104.57402514854763 52
    endloop
  endfacet
  facet normal 0 0 1
    outer loop
      vertex -55 100 52
      vertex -47.38581929876693 104.57402514854763 52
      vertex -47.06066017177982 105.06066017177982 52
    endloop
  endfacet
  facet normal 0 0 1
    outer loop
      vertex -55 100 52
      vertex -46.57402514854763 108.61418070123307 52
      vertex -47.06066017177982 108.93933982822018 52
    endloop
  endfacet
  facet normal 0 0 1
    outer loop
      vertex -55 100 52
      vertex -46 108.5 52
      vertex -46.57402514854763 108.61418070123307 52
    endloop
  endfacet
  facet normal 0 0 1
    outer loop
      vertex -55 100 52
      vertex -45.42597485145237 108.61418070123307 52
      vertex -46 108.5 52
    endloop
  endfacet
  facet normal 0 0 1
    outer loop
      vertex -55 100 52
      vertex -47.06066017177982 108.93933982822018 52
      vertex -47.38581929876693 109.42597485145237 52
    endloop
  endfacet
  facet normal 0 0 1
    outer loop
      vertex -55 100 52
      vertex -47.38581929876693 109.42597485145237 52
      vertex -47.5 110 52
    endloop
  endfacet
  facet normal 0 0 1
    outer loop
      vertex -55 100 52
      vertex -47.5 110 52
      vertex -47.5 116 52
    endloop
  endfacet
  facet normal 0 0 -1
    outer loop
      vertex -57 99.5 50
      vertex -57 127.5 50
      vertex -47.38581929876693 110.57402514854763 50
    endloop
  endfacet
  facet normal 0 0 -1
    outer loop
      vertex -57 127.5 50
      vertex -47.06066017177982 111.06066017177982 50
      vertex -47.38581929876693 110.57402514854763 50
    endloop
  endfacet
  facet normal 0 0 -1
    outer loop
      vertex -57 127.5 50
      vertex -46.57402514854763 111.38581929876693 50
      vertex -47.06066017177982 111.06066017177982 50
    endloop
  endfacet
  facet normal 0 0 -1
    outer loop
      vertex -57 127.5 50
      vertex -47.38581929876693 115.42597485145237 50
      vertex -46.57402514854763 111.38581929876693 50
    endloop
  endfacet
  facet normal 0 0 -1
    outer loop
      vertex -57 127.5 50
      vertex -47.5 116 50
      vertex -47.38581929876693 115.42597485145237 50
    endloop
  endfacet
  facet normal 0 0 -1
    outer loop
      vertex -57 127.5 50
      vertex -47.38581929876693 116.57402514854763 50
      vertex -47.5 116 50
    endloop
  endfacet
  facet normal 0 0 1
    outer loop
      vertex -55 100 52
      vertex -47.5 116 52
      vertex -55 129.5 52
    endloop
  endfacet
  facet normal 0 -1 0
    outer loop
      vertex 0.5 98 52
      vertex -55.5 98 52
      vertex -55.5 98 50
    endloop
  endfacet
  facet normal 0 0 1
    outer loop
      vertex 1 99 52
      vertex -56.45158992707729 98.3404843211174 52
      vertex -56.333355352282524 98.25279558449984 52
    endloop
  endfacet
  facet normal 0 0 1
    outer loop
      vertex 1 99 52
      vertex -56.56066016852856 98.43933983147144 52
      vertex -56.45158992707729 98.3404843211174 52
    endloop
  endfacet
  facet normal 0 0 1
    outer loop
      vertex 1 99 52
      vertex -56.333355352282524 98.25279558449984 52
      vertex -56.207095108926296 98.17711810022593 52
    endloop
  endfacet
  facet normal 0 0 1
    outer loop
      vertex 1 99 52
      vertex -56.07402514666319 98.11418069899082 52
      vertex -55.93542701750994 98.06458949297667 52
    endloop
  endfacet
  facet normal 0 0 1
    outer loop
      vertex 1 99 52
      vertex -56.207095108926296 98.17711810022593 52
      vertex -56.07402514666319 98.11418069899082 52
    endloop
  endfacet
  facet normal 0 0 1
    outer loop
      vertex 1 99 52
      vertex -56 99 52
      vertex -56.56066016852856 98.43933983147144 52
    endloop
  endfacet
  facet normal 0 0 1
    outer loop
      vertex 1 99 52
      vertex -55.93542701750994 98.06458949297667 52
      vertex -55.7926354855299 98.02882207930088 52
    endloop
  endfacet
  facet normal 0 0 1
    outer loop
      vertex 1 99 52
      vertex -55.7926354855299 98.02882207930088 52
      vertex -55.64702571183443 98.00722291320562 52
    endloop
  endfacet
  facet normal 0 0 1
    outer loop
      vertex 1 99 52
      vertex -55.64702571183443 98.00722291320562 52
      vertex -55.5 98 52
    endloop
  endfacet
  facet normal 0 0 -1
    outer loop
      vertex -55.5 98 50
      vertex -45.42597485145237 102.61418070123307 50
      vertex -40 102.5 50
    endloop
  endfacet
  facet normal 0 0 -1
    outer loop
      vertex -56.747204415500164 98.66664464771748 50
      vertex -41.38581929876693 110.57402514854763 50
      vertex -41.5 110 50
    endloop
  endfacet
  facet normal 0 0 -1
    outer loop
      vertex -56.935410507023335 99.06457298249006 50
      vertex -41.06066017177982 111.06066017177982 50
      vertex -41.38581929876693 110.57402514854763 50
    endloop
  endfacet
  facet normal 0 0 -1
    outer loop
      vertex -41.5 110 50
      vertex -46.57402514854763 105.38581929876693 50
      vertex -47.06066017177982 105.06066017177982 50
    endloop
  endfacet
  facet normal 0 0 -1
    outer loop
      vertex -57 99.5 50
      vertex -44.93933982822018 108.93933982822018 50
      vertex -35.38581929876693 115.42597485145237 50
    endloop
  endfacet
  facet normal 0 0 -1
    outer loop
      vertex -41.38581929876693 109.42597485145237 50
      vertex -46 105.5 50
      vertex -46.57402514854763 105.38581929876693 50
    endloop
  endfacet
  facet normal 0 0 -1
    outer loop
      vertex -41.38581929876693 109.42597485145237 50
      vertex -45.42597485145237 105.38581929876693 50
      vertex -46 105.5 50
    endloop
  endfacet
  facet normal 0 0 -1
    outer loop
      vertex -56.992777086794376 99.35297428816557 50
      vertex -35.38581929876693 115.42597485145237 50
      vertex -41.06066017177982 111.06066017177982 50
    endloop
  endfacet
  facet normal 0 0 -1
    outer loop
      vertex -55.5 98 50
      vertex -40 102.5 50
      vertex -34 102.5 50
    endloop
  endfacet
  facet normal 0 0 -1
    outer loop
      vertex -41.38581929876693 103.42597485145237 50
      vertex -45.42597485145237 102.61418070123307 50
      vertex -44.93933982822018 102.93933982822018 50
    endloop
  endfacet
  facet normal 0 0 -1
    outer loop
      vertex -41.06066017177982 102.93933982822018 50
      vertex -45.42597485145237 102.61418070123307 50
      vertex -41.38581929876693 103.42597485145237 50
    endloop
  endfacet
  facet normal 0 0 -1
    outer loop
      vertex -40.57402514854763 102.61418070123307 50
      vertex -45.42597485145237 102.61418070123307 50
      vertex -41.06066017177982 102.93933982822018 50
    endloop
  endfacet
  facet normal 0 0 -1
    outer loop
      vertex -40 108.5 50
      vertex -44.61418070123307 103.42597485145237 50
      vertex -44.5 104 50
    endloop
  endfacet
  facet normal 0 0 -1
    outer loop
      vertex -40 108.5 50
      vertex -44.5 104 50
      vertex -44.61418070123307 104.57402514854763 50
    endloop
  endfacet
  facet normal 0 0 -1
    outer loop
      vertex -41.5 104 50
      vertex -41.38581929876693 103.42597485145237 50
      vertex -44.93933982822018 102.93933982822018 50
    endloop
  endfacet
  facet normal 0 0 -1
    outer loop
      vertex -41.38581929876693 104.57402514854763 50
      vertex -41.5 104 50
      vertex -44.93933982822018 102.93933982822018 50
    endloop
  endfacet
  facet normal 0 0 -1
    outer loop
      vertex -44.93933982822018 102.93933982822018 50
      vertex -44.61418070123307 103.42597485145237 50
      vertex -39.42597485145237 108.61418070123307 50
    endloop
  endfacet
  facet normal 0 0 -1
    outer loop
      vertex -40 102.5 50
      vertex -45.42597485145237 102.61418070123307 50
      vertex -40.57402514854763 102.61418070123307 50
    endloop
  endfacet
  facet normal 0 0 -1
    outer loop
      vertex -38.93933982822018 108.93933982822018 50
      vertex -41.38581929876693 104.57402514854763 50
      vertex -44.93933982822018 102.93933982822018 50
    endloop
  endfacet
  facet normal 0 0 -1
    outer loop
      vertex -44.61418070123307 104.57402514854763 50
      vertex -44.93933982822018 105.06066017177982 50
      vertex -41.06066017177982 108.93933982822018 50
    endloop
  endfacet
  facet normal 0 0 -1
    outer loop
      vertex -41.38581929876693 109.42597485145237 50
      vertex -44.93933982822018 105.06066017177982 50
      vertex -45.42597485145237 105.38581929876693 50
    endloop
  endfacet
  facet normal 0 0 -1
    outer loop
      vertex -46.57402514854763 105.38581929876693 50
      vertex -41.5 110 50
      vertex -41.38581929876693 109.42597485145237 50
    endloop
  endfacet
  facet normal 0 0 -1
    outer loop
      vertex -41.38581929876693 109.42597485145237 50
      vertex -41.06066017177982 108.93933982822018 50
      vertex -44.93933982822018 105.06066017177982 50
    endloop
  endfacet
  facet normal 0 0 -1
    outer loop
      vertex -40.57402514854763 108.61418070123307 50
      vertex -44.61418070123307 104.57402514854763 50
      vertex -41.06066017177982 108.93933982822018 50
    endloop
  endfacet
  facet normal 0 0 -1
    outer loop
      vertex -40 108.5 50
      vertex -44.61418070123307 104.57402514854763 50
      vertex -40.57402514854763 108.61418070123307 50
    endloop
  endfacet
  facet normal 0 0 -1
    outer loop
      vertex -39.42597485145237 108.61418070123307 50
      vertex -44.61418070123307 103.42597485145237 50
      vertex -40 108.5 50
    endloop
  endfacet
  facet normal 0 0 -1
    outer loop
      vertex -38.93933982822018 108.93933982822018 50
      vertex -44.93933982822018 102.93933982822018 50
      vertex -39.42597485145237 108.61418070123307 50
    endloop
  endfacet
  facet normal 0 0 -1
    outer loop
      vertex -41.06066017177982 105.06066017177982 50
      vertex -41.38581929876693 104.57402514854763 50
      vertex -38.93933982822018 108.93933982822018 50
    endloop
  endfacet
  facet normal 0 0 1
    outer loop
      vertex -55 100 52
      vertex -40.57402514854763 102.61418070123307 52
      vertex -46 102.5 52
    endloop
  endfacet
  facet normal 0 0 1
    outer loop
      vertex -55 100 52
      vertex -47.06066017177982 105.06066017177982 52
      vertex -41.5 110 52
    endloop
  endfacet
  facet normal 0 0 1
    outer loop
      vertex -55 100 52
      vertex -40 102.5 52
      vertex -40.57402514854763 102.61418070123307 52
    endloop
  endfacet
  facet normal 0 0 1
    outer loop
      vertex -55 100 52
      vertex -41.38581929876693 110.57402514854763 52
      vertex -45.42597485145237 108.61418070123307 52
    endloop
  endfacet
  facet normal 0 0 1
    outer loop
      vertex -55 100 52
      vertex -41.5 110 52
      vertex -41.38581929876693 110.57402514854763 52
    endloop
  endfacet
  facet normal 0 0 1
    outer loop
      vertex -46.57402514854763 105.38581929876693 52
      vertex -41.5 110 52
      vertex -47.06066017177982 105.06066017177982 52
    endloop
  endfacet
  facet normal 0 0 1
    outer loop
      vertex -46 105.5 52
      vertex -41.5 110 52
      vertex -46.57402514854763 105.38581929876693 52
    endloop
  endfacet
  facet normal 0 0 1
    outer loop
      vertex -45.42597485145237 105.38581929876693 52
      vertex -41.38581929876693 109.42597485145237 52
      vertex -46 105.5 52
    endloop
  endfacet
  facet normal 0 0 1
    outer loop
      vertex -40.57402514854763 102.61418070123307 52
      vertex -45.42597485145237 102.61418070123307 52
      vertex -46 102.5 52
    endloop
  endfacet
  facet normal 0 0 1
    outer loop
      vertex -40.57402514854763 102.61418070123307 52
      vertex -44.93933982822018 102.93933982822018 52
      vertex -45.42597485145237 102.61418070123307 52
    endloop
  endfacet
  facet normal 0 0 1
    outer loop
      vertex -41.06066017177982 102.93933982822018 52
      vertex -44.61418070123307 103.42597485145237 52
      vertex -44.93933982822018 102.93933982822018 52
    endloop
  endfacet
  facet normal 0 0 1
    outer loop
      vertex -55 100 52
      vertex -34 102.5 52
      vertex -40 102.5 52
    endloop
  endfacet
  facet normal 0 0 1
    outer loop
      vertex -41.06066017177982 102.93933982822018 52
      vertex -41.38581929876693 103.42597485145237 52
      vertex -44.61418070123307 103.42597485145237 52
    endloop
  endfacet
  facet normal 0 0 1
    outer loop
      vertex -41.06066017177982 102.93933982822018 52
      vertex -44.93933982822018 102.93933982822018 52
      vertex -40.57402514854763 102.61418070123307 52
    endloop
  endfacet
  facet normal 0 0 1
    outer loop
      vertex -44.61418070123307 104.57402514854763 52
      vertex -44.5 104 52
      vertex -41.5 104 52
    endloop
  endfacet
  facet normal 0 0 1
    outer loop
      vertex -41.38581929876693 103.42597485145237 52
      vertex -44.5 104 52
      vertex -44.61418070123307 103.42597485145237 52
    endloop
  endfacet
  facet normal 0 0 1
    outer loop
      vertex -44.93933982822018 105.06066017177982 52
      vertex -41.06066017177982 105.06066017177982 52
      vertex -45.42597485145237 105.38581929876693 52
    endloop
  endfacet
  facet normal 0 0 1
    outer loop
      vertex -41.38581929876693 104.57402514854763 52
      vertex -44.93933982822018 105.06066017177982 52
      vertex -44.61418070123307 104.57402514854763 52
    endloop
  endfacet
  facet normal 0 0 1
    outer loop
      vertex -41.38581929876693 103.42597485145237 52
      vertex -41.5 104 52
      vertex -44.5 104 52
    endloop
  endfacet
  facet normal 0 0 1
    outer loop
      vertex -41.5 104 52
      vertex -41.38581929876693 104.57402514854763 52
      vertex -44.61418070123307 104.57402514854763 52
    endloop
  endfacet
  facet normal 0 0 1
    outer loop
      vertex -41.38581929876693 104.57402514854763 52
      vertex -41.06066017177982 105.06066017177982 52
      vertex -44.93933982822018 105.06066017177982 52
    endloop
  endfacet
  facet normal 0 0 1
    outer loop
      vertex -40.57402514854763 105.38581929876693 52
      vertex -45.42597485145237 105.38581929876693 52
      vertex -41.06066017177982 105.06066017177982 52
    endloop
  endfacet
  facet normal 0 0 1
    outer loop
      vertex -40.57402514854763 105.38581929876693 52
      vertex -40.57402514854763 108.61418070123307 52
      vertex -45.42597485145237 105.38581929876693 52
    endloop
  endfacet
  facet normal 0 0 1
    outer loop
      vertex -41.38581929876693 109.42597485145237 52
      vertex -41.5 110 52
      vertex -46 105.5 52
    endloop
  endfacet
  facet normal 0 0 1
    outer loop
      vertex -41.06066017177982 108.93933982822018 52
      vertex -41.38581929876693 109.42597485145237 52
      vertex -45.42597485145237 105.38581929876693 52
    endloop
  endfacet
  facet normal 0 0 1
    outer loop
      vertex -41.06066017177982 108.93933982822018 52
      vertex -45.42597485145237 105.38581929876693 52
      vertex -40.57402514854763 108.61418070123307 52
    endloop
  endfacet
  facet normal 0 0 1
    outer loop
      vertex -45.42597485145237 108.61418070123307 52
      vertex -41.38581929876693 110.57402514854763 52
      vertex -44.93933982822018 108.93933982822018 52
    endloop
  endfacet
  facet normal 0 0 1
    outer loop
      vertex -44.61418070123307 109.42597485145237 52
      vertex -44.93933982822018 108.93933982822018 52
      vertex -41.38581929876693 110.57402514854763 52
    endloop
  endfacet
  facet normal 0 0 1
    outer loop
      vertex -40 105.5 52
      vertex -40 108.5 52
      vertex -40.57402514854763 105.38581929876693 52
    endloop
  endfacet
  facet normal 0 0 1
    outer loop
      vertex -40.57402514854763 105.38581929876693 52
      vertex -40 108.5 52
      vertex -40.57402514854763 108.61418070123307 52
    endloop
  endfacet
  facet normal 0 0 -1
    outer loop
      vertex -46.57402514854763 111.38581929876693 50
      vertex -47.06066017177982 114.93933982822018 50
      vertex -46.57402514854763 114.61418070123307 50
    endloop
  endfacet
  facet normal 0 0 -1
    outer loop
      vertex -46.57402514854763 111.38581929876693 50
      vertex -46.57402514854763 114.61418070123307 50
      vertex -46 114.5 50
    endloop
  endfacet
  facet normal 0 0 -1
    outer loop
      vertex -46.57402514854763 111.38581929876693 50
      vertex -47.38581929876693 115.42597485145237 50
      vertex -47.06066017177982 114.93933982822018 50
    endloop
  endfacet
  facet normal 0 0 -1
    outer loop
      vertex -46.57402514854763 111.38581929876693 50
      vertex -46 114.5 50
      vertex -45.42597485145237 114.61418070123307 50
    endloop
  endfacet
  facet normal 0 0 -1
    outer loop
      vertex -46.57402514854763 111.38581929876693 50
      vertex -45.42597485145237 114.61418070123307 50
      vertex -44.93933982822018 114.93933982822018 50
    endloop
  endfacet
  facet normal 0 0 -1
    outer loop
      vertex -41.06066017177982 117.06066017177983 50
      vertex -46 111.5 50
      vertex -46.57402514854763 111.38581929876693 50
    endloop
  endfacet
  facet normal 0 0 -1
    outer loop
      vertex -41.38581929876693 116.57402514854763 50
      vertex -45.42597485145237 111.38581929876693 50
      vertex -46 111.5 50
    endloop
  endfacet
  facet normal 0 0 -1
    outer loop
      vertex -47.06066017177982 117.06066017177983 50
      vertex -47.38581929876693 116.57402514854763 50
      vertex -47.38581929876693 121.42597485145237 50
    endloop
  endfacet
  facet normal 0 0 -1
    outer loop
      vertex -47.06066017177982 120.93933982822017 50
      vertex -46.57402514854763 117.38581929876693 50
      vertex -47.06066017177982 117.06066017177983 50
    endloop
  endfacet
  facet normal 0 0 -1
    outer loop
      vertex -46.57402514854763 117.38581929876693 50
      vertex -46.57402514854763 120.61418070123307 50
      vertex -46 117.5 50
    endloop
  endfacet
  facet normal 0 0 -1
    outer loop
      vertex -47.06066017177982 120.93933982822017 50
      vertex -47.06066017177982 117.06066017177983 50
      vertex -47.38581929876693 121.42597485145237 50
    endloop
  endfacet
  facet normal 0 0 -1
    outer loop
      vertex -46.57402514854763 117.38581929876693 50
      vertex -47.06066017177982 120.93933982822017 50
      vertex -46.57402514854763 120.61418070123307 50
    endloop
  endfacet
  facet normal 0 0 -1
    outer loop
      vertex -46 117.5 50
      vertex -46.57402514854763 120.61418070123307 50
      vertex -46 120.5 50
    endloop
  endfacet
  facet normal 0 0 -1
    outer loop
      vertex -46 117.5 50
      vertex -46 120.5 50
      vertex -45.42597485145237 117.38581929876693 50
    endloop
  endfacet
  facet normal 0 0 -1
    outer loop
      vertex -45.42597485145237 120.61418070123307 50
      vertex -45.42597485145237 117.38581929876693 50
      vertex -46 120.5 50
    endloop
  endfacet
  facet normal 0 0 -1
    outer loop
      vertex -45.42597485145237 120.61418070123307 50
      vertex -44.93933982822018 120.93933982822017 50
      vertex -45.42597485145237 117.38581929876693 50
    endloop
  endfacet
  facet normal 0 0 -1
    outer loop
      vertex -44.61418070123307 110.57402514854763 50
      vertex -44.93933982822018 111.06066017177982 50
      vertex -41.06066017177982 114.93933982822018 50
    endloop
  endfacet
  facet normal 0 0 -1
    outer loop
      vertex -40 114.5 50
      vertex -44.61418070123307 109.42597485145237 50
      vertex -44.5 110 50
    endloop
  endfacet
  facet normal 0 0 -1
    outer loop
      vertex -44.5 110 50
      vertex -44.61418070123307 110.57402514854763 50
      vertex -40.57402514854763 114.61418070123307 50
    endloop
  endfacet
  facet normal 0 0 -1
    outer loop
      vertex -41.38581929876693 115.42597485145237 50
      vertex -44.93933982822018 111.06066017177982 50
      vertex -45.42597485145237 111.38581929876693 50
    endloop
  endfacet
  facet normal 0 0 -1
    outer loop
      vertex -44.61418070123307 110.57402514854763 50
      vertex -41.06066017177982 114.93933982822018 50
      vertex -40.57402514854763 114.61418070123307 50
    endloop
  endfacet
  facet normal 0 0 -1
    outer loop
      vertex -45.42597485145237 111.38581929876693 50
      vertex -41.5 116 50
      vertex -41.38581929876693 115.42597485145237 50
    endloop
  endfacet
  facet normal 0 0 -1
    outer loop
      vertex -41.38581929876693 116.57402514854763 50
      vertex -41.5 116 50
      vertex -45.42597485145237 111.38581929876693 50
    endloop
  endfacet
  facet normal 0 0 -1
    outer loop
      vertex -44.93933982822018 111.06066017177982 50
      vertex -41.38581929876693 115.42597485145237 50
      vertex -41.06066017177982 114.93933982822018 50
    endloop
  endfacet
  facet normal 0 0 -1
    outer loop
      vertex -41.06066017177982 117.06066017177983 50
      vertex -41.38581929876693 116.57402514854763 50
      vertex -46 111.5 50
    endloop
  endfacet
  facet normal 0 0 -1
    outer loop
      vertex -35.38581929876693 115.42597485145237 50
      vertex -44.93933982822018 108.93933982822018 50
      vertex -44.61418070123307 109.42597485145237 50
    endloop
  endfacet
  facet normal 0 0 -1
    outer loop
      vertex -40 114.5 50
      vertex -44.5 110 50
      vertex -40.57402514854763 114.61418070123307 50
    endloop
  endfacet
  facet normal 0 0 -1
    outer loop
      vertex -39.42597485145237 114.61418070123307 50
      vertex -44.61418070123307 109.42597485145237 50
      vertex -40 114.5 50
    endloop
  endfacet
  facet normal 0 0 -1
    outer loop
      vertex -45.42597485145237 117.38581929876693 50
      vertex -41.38581929876693 121.42597485145237 50
      vertex -44.93933982822018 117.06066017177983 50
    endloop
  endfacet
  facet normal 0 0 -1
    outer loop
      vertex -44.61418070123307 116.57402514854763 50
      vertex -44.93933982822018 117.06066017177983 50
      vertex -41.06066017177982 120.93933982822017 50
    endloop
  endfacet
  facet normal 0 0 -1
    outer loop
      vertex -44.5 116 50
      vertex -44.61418070123307 116.57402514854763 50
      vertex -40.57402514854763 120.61418070123307 50
    endloop
  endfacet
  facet normal 0 0 -1
    outer loop
      vertex -44.93933982822018 114.93933982822018 50
      vertex -44.61418070123307 115.42597485145237 50
      vertex -38.93933982822018 120.93933982822017 50
    endloop
  endfacet
  facet normal 0 0 -1
    outer loop
      vertex -44.61418070123307 115.42597485145237 50
      vertex -44.5 116 50
      vertex -38.93933982822018 120.93933982822017 50
    endloop
  endfacet
  facet normal 0 0 -1
    outer loop
      vertex -44.93933982822018 120.93933982822017 50
      vertex -41.38581929876693 121.42597485145237 50
      vertex -45.42597485145237 117.38581929876693 50
    endloop
  endfacet
  facet normal 0 0 -1
    outer loop
      vertex -44.93933982822018 120.93933982822017 50
      vertex -44.61418070123307 121.42597485145237 50
      vertex -41.38581929876693 121.42597485145237 50
    endloop
  endfacet
  facet normal 0 0 -1
    outer loop
      vertex -44.61418070123307 116.57402514854763 50
      vertex -41.06066017177982 120.93933982822017 50
      vertex -40.57402514854763 120.61418070123307 50
    endloop
  endfacet
  facet normal 0 0 -1
    outer loop
      vertex -44.93933982822018 117.06066017177983 50
      vertex -41.38581929876693 121.42597485145237 50
      vertex -41.06066017177982 120.93933982822017 50
    endloop
  endfacet
  facet normal 0 0 -1
    outer loop
      vertex -40 120.5 50
      vertex -44.5 116 50
      vertex -40.57402514854763 120.61418070123307 50
    endloop
  endfacet
  facet normal 0 0 -1
    outer loop
      vertex -39.42597485145237 120.61418070123307 50
      vertex -44.5 116 50
      vertex -40 120.5 50
    endloop
  endfacet
  facet normal 0 0 -1
    outer loop
      vertex -38.93933982822018 120.93933982822017 50
      vertex -44.5 116 50
      vertex -39.42597485145237 120.61418070123307 50
    endloop
  endfacet
  facet normal 0 0 1
    outer loop
      vertex -47.5 110 52
      vertex -47.38581929876693 110.57402514854763 52
      vertex -47.38581929876693 115.42597485145237 52
    endloop
  endfacet
  facet normal 0 0 1
    outer loop
      vertex -47.38581929876693 110.57402514854763 52
      vertex -47.06066017177982 111.06066017177982 52
      vertex -47.06066017177982 114.93933982822018 52
    endloop
  endfacet
  facet normal 0 0 1
    outer loop
      vertex -47.38581929876693 110.57402514854763 52
      vertex -47.06066017177982 114.93933982822018 52
      vertex -47.38581929876693 115.42597485145237 52
    endloop
  endfacet
  facet normal 0 0 1
    outer loop
      vertex -46.57402514854763 111.38581929876693 52
      vertex -46.57402514854763 114.61418070123307 52
      vertex -47.06066017177982 111.06066017177982 52
    endloop
  endfacet
  facet normal 0 0 1
    outer loop
      vertex -47.06066017177982 114.93933982822018 52
      vertex -47.06066017177982 111.06066017177982 52
      vertex -46.57402514854763 114.61418070123307 52
    endloop
  endfacet
  facet normal 0 0 1
    outer loop
      vertex -46 111.5 52
      vertex -46 114.5 52
      vertex -46.57402514854763 111.38581929876693 52
    endloop
  endfacet
  facet normal 0 0 1
    outer loop
      vertex -46.57402514854763 111.38581929876693 52
      vertex -46 114.5 52
      vertex -46.57402514854763 114.61418070123307 52
    endloop
  endfacet
  facet normal 0 0 1
    outer loop
      vertex -47.5 110 52
      vertex -47.38581929876693 115.42597485145237 52
      vertex -47.5 116 52
    endloop
  endfacet
  facet normal 0 0 1
    outer loop
      vertex -45.42597485145237 114.61418070123307 52
      vertex -46 111.5 52
      vertex -45.42597485145237 111.38581929876693 52
    endloop
  endfacet
  facet normal 0 0 1
    outer loop
      vertex -46 111.5 52
      vertex -45.42597485145237 114.61418070123307 52
      vertex -46 114.5 52
    endloop
  endfacet
  facet normal 0 0 1
    outer loop
      vertex -45.42597485145237 114.61418070123307 52
      vertex -45.42597485145237 111.38581929876693 52
      vertex -44.93933982822018 114.93933982822018 52
    endloop
  endfacet
  facet normal 0 0 1
    outer loop
      vertex -47.5 116 52
      vertex -47.38581929876693 116.57402514854763 52
      vertex -47.38581929876693 121.42597485145237 52
    endloop
  endfacet
  facet normal 0 0 1
    outer loop
      vertex -47.38581929876693 116.57402514854763 52
      vertex -47.06066017177982 117.06066017177983 52
      vertex -47.06066017177982 120.93933982822017 52
    endloop
  endfacet
  facet normal 0 0 1
    outer loop
      vertex -46.57402514854763 117.38581929876693 52
      vertex -46.57402514854763 120.61418070123307 52
      vertex -47.06066017177982 117.06066017177983 52
    endloop
  endfacet
  facet normal 0 0 1
    outer loop
      vertex -46 117.5 52
      vertex -46 120.5 52
      vertex -46.57402514854763 117.38581929876693 52
    endloop
  endfacet
  facet normal 0 0 1
    outer loop
      vertex -47.38581929876693 116.57402514854763 52
      vertex -47.06066017177982 120.93933982822017 52
      vertex -47.38581929876693 121.42597485145237 52
    endloop
  endfacet
  facet normal 0 0 1
    outer loop
      vertex -47.5 116 52
      vertex -47.38581929876693 121.42597485145237 52
      vertex -47.5 122 52
    endloop
  endfacet
  facet normal 0 0 1
    outer loop
      vertex -47.06066017177982 120.93933982822017 52
      vertex -47.06066017177982 117.06066017177983 52
      vertex -46.57402514854763 120.61418070123307 52
    endloop
  endfacet
  facet normal 0 0 1
    outer loop
      vertex -46.57402514854763 117.38581929876693 52
      vertex -46 120.5 52
      vertex -46.57402514854763 120.61418070123307 52
    endloop
  endfacet
  facet normal 0 0 1
    outer loop
      vertex -45.42597485145237 120.61418070123307 52
      vertex -46 117.5 52
      vertex -45.42597485145237 117.38581929876693 52
    endloop
  endfacet
  facet normal 0 0 1
    outer loop
      vertex -46 117.5 52
      vertex -45.42597485145237 120.61418070123307 52
      vertex -46 120.5 52
    endloop
  endfacet
  facet normal 0 0 1
    outer loop
      vertex -45.42597485145237 120.61418070123307 52
      vertex -45.42597485145237 117.38581929876693 52
      vertex -44.93933982822018 120.93933982822017 52
    endloop
  endfacet
  facet normal 0 0 1
    outer loop
      vertex -40 114.5 52
      vertex -44.61418070123307 110.57402514854763 52
      vertex -44.5 110 52
    endloop
  endfacet
  facet normal 0 0 1
    outer loop
      vertex -44.93933982822018 111.06066017177982 52
      vertex -44.61418070123307 110.57402514854763 52
      vertex -40.57402514854763 114.61418070123307 52
    endloop
  endfacet
  facet normal 0 0 1
    outer loop
      vertex -44.93933982822018 111.06066017177982 52
      vertex -41.06066017177982 114.93933982822018 52
      vertex -45.42597485145237 111.38581929876693 52
    endloop
  endfacet
  facet normal 0 0 1
    outer loop
      vertex -44.5 110 52
      vertex -44.61418070123307 109.42597485145237 52
      vertex -39.42597485145237 114.61418070123307 52
    endloop
  endfacet
  facet normal 0 0 1
    outer loop
      vertex -44.93933982822018 111.06066017177982 52
      vertex -40.57402514854763 114.61418070123307 52
      vertex -41.06066017177982 114.93933982822018 52
    endloop
  endfacet
  facet normal 0 0 1
    outer loop
      vertex -41.06066017177982 114.93933982822018 52
      vertex -44.93933982822018 114.93933982822018 52
      vertex -45.42597485145237 111.38581929876693 52
    endloop
  endfacet
  facet normal 0 0 1
    outer loop
      vertex -41.06066017177982 114.93933982822018 52
      vertex -44.61418070123307 115.42597485145237 52
      vertex -44.93933982822018 114.93933982822018 52
    endloop
  endfacet
  facet normal 0 0 1
    outer loop
      vertex -41.5 116 52
      vertex -44.61418070123307 116.57402514854763 52
      vertex -44.5 116 52
    endloop
  endfacet
  facet normal 0 0 1
    outer loop
      vertex -41.38581929876693 115.42597485145237 52
      vertex -44.5 116 52
      vertex -44.61418070123307 115.42597485145237 52
    endloop
  endfacet
  facet normal 0 0 1
    outer loop
      vertex -41.06066017177982 114.93933982822018 52
      vertex -41.38581929876693 115.42597485145237 52
      vertex -44.61418070123307 115.42597485145237 52
    endloop
  endfacet
  facet normal 0 0 1
    outer loop
      vertex -41.38581929876693 115.42597485145237 52
      vertex -41.5 116 52
      vertex -44.5 116 52
    endloop
  endfacet
  facet normal 0 0 1
    outer loop
      vertex -39.42597485145237 114.61418070123307 52
      vertex -44.61418070123307 109.42597485145237 52
      vertex -41.38581929876693 110.57402514854763 52
    endloop
  endfacet
  facet normal 0 0 1
    outer loop
      vertex -40.57402514854763 114.61418070123307 52
      vertex -44.61418070123307 110.57402514854763 52
      vertex -40 114.5 52
    endloop
  endfacet
  facet normal 0 0 1
    outer loop
      vertex -40 114.5 52
      vertex -44.5 110 52
      vertex -39.42597485145237 114.61418070123307 52
    endloop
  endfacet
  facet normal 0 0 1
    outer loop
      vertex -41.38581929876693 110.57402514854763 52
      vertex -41.06066017177982 111.06066017177982 52
      vertex -39.42597485145237 114.61418070123307 52
    endloop
  endfacet
  facet normal 0 0 1
    outer loop
      vertex -40.57402514854763 111.38581929876693 52
      vertex -39.42597485145237 114.61418070123307 52
      vertex -41.06066017177982 111.06066017177982 52
    endloop
  endfacet
  facet normal 0 0 1
    outer loop
      vertex -41.38581929876693 116.57402514854763 52
      vertex -44.93933982822018 117.06066017177983 52
      vertex -44.61418070123307 116.57402514854763 52
    endloop
  endfacet
  facet normal 0 0 1
    outer loop
      vertex -44.93933982822018 117.06066017177983 52
      vertex -41.06066017177982 120.93933982822017 52
      vertex -45.42597485145237 117.38581929876693 52
    endloop
  endfacet
  facet normal 0 0 1
    outer loop
      vertex -41.5 116 52
      vertex -41.38581929876693 116.57402514854763 52
      vertex -44.61418070123307 116.57402514854763 52
    endloop
  endfacet
  facet normal 0 0 1
    outer loop
      vertex -41.38581929876693 116.57402514854763 52
      vertex -41.06066017177982 117.06066017177983 52
      vertex -44.93933982822018 117.06066017177983 52
    endloop
  endfacet
  facet normal 0 0 1
    outer loop
      vertex -40.57402514854763 120.61418070123307 52
      vertex -44.93933982822018 117.06066017177983 52
      vertex -41.06066017177982 117.06066017177983 52
    endloop
  endfacet
  facet normal 0 0 1
    outer loop
      vertex -41.06066017177982 120.93933982822017 52
      vertex -44.93933982822018 120.93933982822017 52
      vertex -45.42597485145237 117.38581929876693 52
    endloop
  endfacet
  facet normal 0 0 1
    outer loop
      vertex -41.06066017177982 120.93933982822017 52
      vertex -44.61418070123307 121.42597485145237 52
      vertex -44.93933982822018 120.93933982822017 52
    endloop
  endfacet
  facet normal 0 0 1
    outer loop
      vertex -44.93933982822018 117.06066017177983 52
      vertex -40.57402514854763 120.61418070123307 52
      vertex -41.06066017177982 120.93933982822017 52
    endloop
  endfacet
  facet normal 0 0 1
    outer loop
      vertex -41.06066017177982 120.93933982822017 52
      vertex -41.38581929876693 121.42597485145237 52
      vertex -44.61418070123307 121.42597485145237 52
    endloop
  endfacet
  facet normal 0 0 1
    outer loop
      vertex -40.57402514854763 117.38581929876693 52
      vertex -40.57402514854763 120.61418070123307 52
      vertex -41.06066017177982 117.06066017177983 52
    endloop
  endfacet
  facet normal 0 0 1
    outer loop
      vertex -40 117.5 52
      vertex -40 120.5 52
      vertex -40.57402514854763 117.38581929876693 52
    endloop
  endfacet
  facet normal 0 0 1
    outer loop
      vertex -40.57402514854763 117.38581929876693 52
      vertex -40 120.5 52
      vertex -40.57402514854763 120.61418070123307 52
    endloop
  endfacet
  facet normal 0 0 -1
    outer loop
      vertex -55.5 98 50
      vertex -34 102.5 50
      vertex -28 102.5 50
    endloop
  endfacet
  facet normal 0 0 -1
    outer loop
      vertex -34.57402514854763 102.61418070123307 50
      vertex -40 102.5 50
      vertex -39.42597485145237 102.61418070123307 50
    endloop
  endfacet
  facet normal 0 0 -1
    outer loop
      vertex -35.06066017177982 102.93933982822018 50
      vertex -39.42597485145237 102.61418070123307 50
      vertex -38.93933982822018 102.93933982822018 50
    endloop
  endfacet
  facet normal 0 0 -1
    outer loop
      vertex -35.38581929876693 103.42597485145237 50
      vertex -38.93933982822018 102.93933982822018 50
      vertex -38.61418070123307 103.42597485145237 50
    endloop
  endfacet
  facet normal 0 0 -1
    outer loop
      vertex -34.57402514854763 102.61418070123307 50
      vertex -39.42597485145237 102.61418070123307 50
      vertex -35.06066017177982 102.93933982822018 50
    endloop
  endfacet
  facet normal 0 0 -1
    outer loop
      vertex -34 102.5 50
      vertex -40 102.5 50
      vertex -34.57402514854763 102.61418070123307 50
    endloop
  endfacet
  facet normal 0 0 -1
    outer loop
      vertex -35.06066017177982 102.93933982822018 50
      vertex -38.93933982822018 102.93933982822018 50
      vertex -35.38581929876693 103.42597485145237 50
    endloop
  endfacet
  facet normal 0 0 -1
    outer loop
      vertex -38.61418070123307 103.42597485145237 50
      vertex -38.5 104 50
      vertex -35.5 104 50
    endloop
  endfacet
  facet normal 0 0 -1
    outer loop
      vertex -35.38581929876693 104.57402514854763 50
      vertex -38.5 104 50
      vertex -38.61418070123307 104.57402514854763 50
    endloop
  endfacet
  facet normal 0 0 -1
    outer loop
      vertex -35.06066017177982 105.06066017177982 50
      vertex -38.61418070123307 104.57402514854763 50
      vertex -38.93933982822018 105.06066017177982 50
    endloop
  endfacet
  facet normal 0 0 -1
    outer loop
      vertex -35.5 104 50
      vertex -35.38581929876693 103.42597485145237 50
      vertex -38.61418070123307 103.42597485145237 50
    endloop
  endfacet
  facet normal 0 0 -1
    outer loop
      vertex -35.38581929876693 104.57402514854763 50
      vertex -35.5 104 50
      vertex -38.5 104 50
    endloop
  endfacet
  facet normal 0 0 -1
    outer loop
      vertex -35.06066017177982 105.06066017177982 50
      vertex -35.38581929876693 104.57402514854763 50
      vertex -38.61418070123307 104.57402514854763 50
    endloop
  endfacet
  facet normal 0 0 -1
    outer loop
      vertex -35.06066017177982 111.06066017177982 50
      vertex -40.57402514854763 105.38581929876693 50
      vertex -41.06066017177982 105.06066017177982 50
    endloop
  endfacet
  facet normal 0 0 -1
    outer loop
      vertex -40.57402514854763 105.38581929876693 50
      vertex -35.38581929876693 110.57402514854763 50
      vertex -40 105.5 50
    endloop
  endfacet
  facet normal 0 0 -1
    outer loop
      vertex -40 105.5 50
      vertex -35.38581929876693 109.42597485145237 50
      vertex -39.42597485145237 105.38581929876693 50
    endloop
  endfacet
  facet normal 0 0 -1
    outer loop
      vertex -38.93933982822018 108.93933982822018 50
      vertex -35.06066017177982 111.06066017177982 50
      vertex -41.06066017177982 105.06066017177982 50
    endloop
  endfacet
  facet normal 0 0 -1
    outer loop
      vertex -39.42597485145237 105.38581929876693 50
      vertex -35.38581929876693 109.42597485145237 50
      vertex -38.93933982822018 105.06066017177982 50
    endloop
  endfacet
  facet normal 0 0 -1
    outer loop
      vertex -35.06066017177982 108.93933982822018 50
      vertex -35.06066017177982 105.06066017177982 50
      vertex -38.93933982822018 105.06066017177982 50
    endloop
  endfacet
  facet normal 0 0 -1
    outer loop
      vertex -40 105.5 50
      vertex -35.5 110 50
      vertex -35.38581929876693 109.42597485145237 50
    endloop
  endfacet
  facet normal 0 0 -1
    outer loop
      vertex -35.06066017177982 108.93933982822018 50
      vertex -38.93933982822018 105.06066017177982 50
      vertex -35.38581929876693 109.42597485145237 50
    endloop
  endfacet
  facet normal 0 0 -1
    outer loop
      vertex -35.06066017177982 111.06066017177982 50
      vertex -35.38581929876693 110.57402514854763 50
      vertex -40.57402514854763 105.38581929876693 50
    endloop
  endfacet
  facet normal 0 0 -1
    outer loop
      vertex -40 105.5 50
      vertex -35.38581929876693 110.57402514854763 50
      vertex -35.5 110 50
    endloop
  endfacet
  facet normal 0 0 -1
    outer loop
      vertex -38.93933982822018 108.93933982822018 50
      vertex -38.61418070123307 109.42597485145237 50
      vertex -33.42597485145237 114.61418070123307 50
    endloop
  endfacet
  facet normal 0 0 -1
    outer loop
      vertex -55.5 98 50
      vertex -28 102.5 50
      vertex -22.574025148547634 102.61418070123307 50
    endloop
  endfacet
  facet normal 0 0 -1
    outer loop
      vertex -55.5 98 50
      vertex -22.574025148547634 102.61418070123307 50
      vertex -22 102.5 50
    endloop
  endfacet
  facet normal 0 0 -1
    outer loop
      vertex -35.06066017177982 108.93933982822018 50
      vertex -34.57402514854763 105.38581929876693 50
      vertex -35.06066017177982 105.06066017177982 50
    endloop
  endfacet
  facet normal 0 0 -1
    outer loop
      vertex -34.57402514854763 105.38581929876693 50
      vertex -34.57402514854763 108.61418070123307 50
      vertex -34 105.5 50
    endloop
  endfacet
  facet normal 0 0 -1
    outer loop
      vertex -34.57402514854763 105.38581929876693 50
      vertex -35.06066017177982 108.93933982822018 50
      vertex -34.57402514854763 108.61418070123307 50
    endloop
  endfacet
  facet normal 0 0 -1
    outer loop
      vertex -34 105.5 50
      vertex -34.57402514854763 108.61418070123307 50
      vertex -34 108.5 50
    endloop
  endfacet
  facet normal 0 0 -1
    outer loop
      vertex -34 105.5 50
      vertex -34 108.5 50
      vertex -33.42597485145237 105.38581929876693 50
    endloop
  endfacet
  facet normal 0 0 -1
    outer loop
      vertex -33.42597485145237 105.38581929876693 50
      vertex -33.42597485145237 108.61418070123307 50
      vertex -32.93933982822018 105.06066017177982 50
    endloop
  endfacet
  facet normal 0 0 -1
    outer loop
      vertex -33.42597485145237 105.38581929876693 50
      vertex -34 108.5 50
      vertex -33.42597485145237 108.61418070123307 50
    endloop
  endfacet
  facet normal 0 0 1
    outer loop
      vertex -55 100 52
      vertex -28 102.5 52
      vertex -34 102.5 52
    endloop
  endfacet
  facet normal 0 0 1
    outer loop
      vertex -34 102.5 52
      vertex -39.42597485145237 102.61418070123307 52
      vertex -40 102.5 52
    endloop
  endfacet
  facet normal 0 0 1
    outer loop
      vertex -34.57402514854763 102.61418070123307 52
      vertex -38.93933982822018 102.93933982822018 52
      vertex -39.42597485145237 102.61418070123307 52
    endloop
  endfacet
  facet normal 0 0 1
    outer loop
      vertex -35.38581929876693 103.42597485145237 52
      vertex -38.61418070123307 103.42597485145237 52
      vertex -38.93933982822018 102.93933982822018 52
    endloop
  endfacet
  facet normal 0 0 1
    outer loop
      vertex -38.93933982822018 102.93933982822018 52
      vertex -35.06066017177982 102.93933982822018 52
      vertex -35.38581929876693 103.42597485145237 52
    endloop
  endfacet
  facet normal 0 0 1
    outer loop
      vertex -38.93933982822018 102.93933982822018 52
      vertex -34.57402514854763 102.61418070123307 52
      vertex -35.06066017177982 102.93933982822018 52
    endloop
  endfacet
  facet normal 0 0 1
    outer loop
      vertex -38.61418070123307 104.57402514854763 52
      vertex -38.5 104 52
      vertex -35.5 104 52
    endloop
  endfacet
  facet normal 0 0 1
    outer loop
      vertex -35.38581929876693 103.42597485145237 52
      vertex -38.5 104 52
      vertex -38.61418070123307 103.42597485145237 52
    endloop
  endfacet
  facet normal 0 0 1
    outer loop
      vertex -38.93933982822018 105.06066017177982 52
      vertex -35.06066017177982 105.06066017177982 52
      vertex -39.42597485145237 105.38581929876693 52
    endloop
  endfacet
  facet normal 0 0 1
    outer loop
      vertex -35.38581929876693 104.57402514854763 52
      vertex -38.93933982822018 105.06066017177982 52
      vertex -38.61418070123307 104.57402514854763 52
    endloop
  endfacet
  facet normal 0 0 1
    outer loop
      vertex -35.38581929876693 103.42597485145237 52
      vertex -35.5 104 52
      vertex -38.5 104 52
    endloop
  endfacet
  facet normal 0 0 1
    outer loop
      vertex -35.5 104 52
      vertex -35.38581929876693 104.57402514854763 52
      vertex -38.61418070123307 104.57402514854763 52
    endloop
  endfacet
  facet normal 0 0 1
    outer loop
      vertex -35.38581929876693 104.57402514854763 52
      vertex -35.06066017177982 105.06066017177982 52
      vertex -38.93933982822018 105.06066017177982 52
    endloop
  endfacet
  facet normal 0 0 1
    outer loop
      vertex -34.57402514854763 105.38581929876693 52
      vertex -39.42597485145237 105.38581929876693 52
      vertex -35.06066017177982 105.06066017177982 52
    endloop
  endfacet
  facet normal 0 0 1
    outer loop
      vertex -40 105.5 52
      vertex -39.42597485145237 108.61418070123307 52
      vertex -40 108.5 52
    endloop
  endfacet
  facet normal 0 0 1
    outer loop
      vertex -34.57402514854763 108.61418070123307 52
      vertex -40 105.5 52
      vertex -39.42597485145237 105.38581929876693 52
    endloop
  endfacet
  facet normal 0 0 1
    outer loop
      vertex -34.57402514854763 108.61418070123307 52
      vertex -39.42597485145237 108.61418070123307 52
      vertex -40 105.5 52
    endloop
  endfacet
  facet normal 0 0 1
    outer loop
      vertex -34.57402514854763 105.38581929876693 52
      vertex -34.57402514854763 108.61418070123307 52
      vertex -39.42597485145237 105.38581929876693 52
    endloop
  endfacet
  facet normal 0 0 1
    outer loop
      vertex -34.57402514854763 108.61418070123307 52
      vertex -38.93933982822018 108.93933982822018 52
      vertex -39.42597485145237 108.61418070123307 52
    endloop
  endfacet
  facet normal 0 0 1
    outer loop
      vertex -35.06066017177982 108.93933982822018 52
      vertex -38.61418070123307 109.42597485145237 52
      vertex -38.93933982822018 108.93933982822018 52
    endloop
  endfacet
  facet normal 0 0 1
    outer loop
      vertex -35.38581929876693 109.42597485145237 52
      vertex -38.5 110 52
      vertex -38.61418070123307 109.42597485145237 52
    endloop
  endfacet
  facet normal 0 0 1
    outer loop
      vertex -38.61418070123307 110.57402514854763 52
      vertex -38.5 110 52
      vertex -35.5 110 52
    endloop
  endfacet
  facet normal 0 0 1
    outer loop
      vertex -35.06066017177982 108.93933982822018 52
      vertex -38.93933982822018 108.93933982822018 52
      vertex -34.57402514854763 108.61418070123307 52
    endloop
  endfacet
  facet normal 0 0 1
    outer loop
      vertex -35.06066017177982 108.93933982822018 52
      vertex -35.38581929876693 109.42597485145237 52
      vertex -38.61418070123307 109.42597485145237 52
    endloop
  endfacet
  facet normal 0 0 1
    outer loop
      vertex -35.38581929876693 109.42597485145237 52
      vertex -35.5 110 52
      vertex -38.5 110 52
    endloop
  endfacet
  facet normal 0 0 1
    outer loop
      vertex -35.5 110 52
      vertex -35.38581929876693 110.57402514854763 52
      vertex -38.61418070123307 110.57402514854763 52
    endloop
  endfacet
  facet normal 0 0 1
    outer loop
      vertex -34.57402514854763 102.61418070123307 52
      vertex -39.42597485145237 102.61418070123307 52
      vertex -34 102.5 52
    endloop
  endfacet
  facet normal 0 0 1
    outer loop
      vertex -55 100 52
      vertex -22 102.5 52
      vertex -28 102.5 52
    endloop
  endfacet
  facet normal 0 0 1
    outer loop
      vertex -34 105.5 52
      vertex -34 108.5 52
      vertex -34.57402514854763 105.38581929876693 52
    endloop
  endfacet
  facet normal 0 0 1
    outer loop
      vertex -34.57402514854763 105.38581929876693 52
      vertex -34 108.5 52
      vertex -34.57402514854763 108.61418070123307 52
    endloop
  endfacet
  facet normal 0 0 1
    outer loop
      vertex -34 105.5 52
      vertex -33.42597485145237 108.61418070123307 52
      vertex -34 108.5 52
    endloop
  endfacet
  facet normal 0 0 -1
    outer loop
      vertex -35.38581929876693 115.42597485145237 50
      vertex -44.61418070123307 109.42597485145237 50
      vertex -39.42597485145237 114.61418070123307 50
    endloop
  endfacet
  facet normal 0 0 -1
    outer loop
      vertex -35.38581929876693 115.42597485145237 50
      vertex -40.57402514854763 111.38581929876693 50
      vertex -41.06066017177982 111.06066017177982 50
    endloop
  endfacet
  facet normal 0 0 -1
    outer loop
      vertex -40 111.5 50
      vertex -40.57402514854763 111.38581929876693 50
      vertex -35.38581929876693 115.42597485145237 50
    endloop
  endfacet
  facet normal 0 0 -1
    outer loop
      vertex -39.42597485145237 111.38581929876693 50
      vertex -40 111.5 50
      vertex -35.38581929876693 115.42597485145237 50
    endloop
  endfacet
  facet normal 0 0 -1
    outer loop
      vertex -34 114.5 50
      vertex -38.61418070123307 109.42597485145237 50
      vertex -38.5 110 50
    endloop
  endfacet
  facet normal 0 0 -1
    outer loop
      vertex -34 114.5 50
      vertex -38.5 110 50
      vertex -38.61418070123307 110.57402514854763 50
    endloop
  endfacet
  facet normal 0 0 -1
    outer loop
      vertex -38.61418070123307 110.57402514854763 50
      vertex -38.93933982822018 111.06066017177982 50
      vertex -34.57402514854763 114.61418070123307 50
    endloop
  endfacet
  facet normal 0 0 -1
    outer loop
      vertex -38.93933982822018 111.06066017177982 50
      vertex -39.42597485145237 111.38581929876693 50
      vertex -35.06066017177982 114.93933982822018 50
    endloop
  endfacet
  facet normal 0 0 -1
    outer loop
      vertex -38.93933982822018 111.06066017177982 50
      vertex -35.06066017177982 114.93933982822018 50
      vertex -34.57402514854763 114.61418070123307 50
    endloop
  endfacet
  facet normal 0 0 -1
    outer loop
      vertex -35.38581929876693 115.42597485145237 50
      vertex -39.42597485145237 114.61418070123307 50
      vertex -38.93933982822018 114.93933982822018 50
    endloop
  endfacet
  facet normal 0 0 -1
    outer loop
      vertex -38.93933982822018 114.93933982822018 50
      vertex -38.61418070123307 115.42597485145237 50
      vertex -35.38581929876693 115.42597485145237 50
    endloop
  endfacet
  facet normal 0 0 -1
    outer loop
      vertex -38.61418070123307 115.42597485145237 50
      vertex -38.5 116 50
      vertex -35.5 116 50
    endloop
  endfacet
  facet normal 0 0 -1
    outer loop
      vertex -39.42597485145237 111.38581929876693 50
      vertex -35.38581929876693 115.42597485145237 50
      vertex -35.06066017177982 114.93933982822018 50
    endloop
  endfacet
  facet normal 0 0 -1
    outer loop
      vertex -35.5 116 50
      vertex -35.38581929876693 115.42597485145237 50
      vertex -38.61418070123307 115.42597485145237 50
    endloop
  endfacet
  facet normal 0 0 -1
    outer loop
      vertex -35.38581929876693 116.57402514854763 50
      vertex -35.5 116 50
      vertex -38.5 116 50
    endloop
  endfacet
  facet normal 0 0 -1
    outer loop
      vertex -46.57402514854763 111.38581929876693 50
      vertex -44.93933982822018 114.93933982822018 50
      vertex -28.301587301587304 131.5 50
    endloop
  endfacet
  facet normal 0 0 -1
    outer loop
      vertex -40 117.5 50
      vertex -40.57402514854763 117.38581929876693 50
      vertex -35.06066017177982 123.06066017177983 50
    endloop
  endfacet
  facet normal 0 0 -1
    outer loop
      vertex -46.57402514854763 111.38581929876693 50
      vertex -28.301587301587304 131.5 50
      vertex -41.06066017177982 117.06066017177983 50
    endloop
  endfacet
  facet normal 0 0 -1
    outer loop
      vertex -40 117.5 50
      vertex -35.5 122 50
      vertex -39.42597485145237 117.38581929876693 50
    endloop
  endfacet
  facet normal 0 0 -1
    outer loop
      vertex -35.38581929876693 116.57402514854763 50
      vertex -38.5 116 50
      vertex -38.61418070123307 116.57402514854763 50
    endloop
  endfacet
  facet normal 0 0 -1
    outer loop
      vertex -39.42597485145237 117.38581929876693 50
      vertex -35.38581929876693 121.42597485145237 50
      vertex -38.93933982822018 117.06066017177983 50
    endloop
  endfacet
  facet normal 0 0 -1
    outer loop
      vertex -38.61418070123307 116.57402514854763 50
      vertex -38.93933982822018 117.06066017177983 50
      vertex -35.06066017177982 120.93933982822017 50
    endloop
  endfacet
  facet normal 0 0 -1
    outer loop
      vertex -35.06066017177982 117.06066017177983 50
      vertex -35.38581929876693 116.57402514854763 50
      vertex -38.61418070123307 116.57402514854763 50
    endloop
  endfacet
  facet normal 0 0 -1
    outer loop
      vertex -35.06066017177982 117.06066017177983 50
      vertex -38.61418070123307 116.57402514854763 50
      vertex -34.57402514854763 117.38581929876693 50
    endloop
  endfacet
  facet normal 0 0 -1
    outer loop
      vertex -34.57402514854763 120.61418070123307 50
      vertex -38.61418070123307 116.57402514854763 50
      vertex -35.06066017177982 120.93933982822017 50
    endloop
  endfacet
  facet normal 0 0 -1
    outer loop
      vertex -35.06066017177982 120.93933982822017 50
      vertex -38.93933982822018 117.06066017177983 50
      vertex -35.38581929876693 121.42597485145237 50
    endloop
  endfacet
  facet normal 0 0 -1
    outer loop
      vertex -35.5 122 50
      vertex -35.38581929876693 121.42597485145237 50
      vertex -39.42597485145237 117.38581929876693 50
    endloop
  endfacet
  facet normal 0 0 -1
    outer loop
      vertex -40 117.5 50
      vertex -35.38581929876693 122.57402514854763 50
      vertex -35.5 122 50
    endloop
  endfacet
  facet normal 0 0 -1
    outer loop
      vertex -40 117.5 50
      vertex -35.06066017177982 123.06066017177983 50
      vertex -35.38581929876693 122.57402514854763 50
    endloop
  endfacet
  facet normal 0 0 -1
    outer loop
      vertex -38.93933982822018 108.93933982822018 50
      vertex -32.93933982822018 114.93933982822018 50
      vertex -35.06066017177982 111.06066017177982 50
    endloop
  endfacet
  facet normal 0 0 -1
    outer loop
      vertex -34 114.5 50
      vertex -38.61418070123307 110.57402514854763 50
      vertex -34.57402514854763 114.61418070123307 50
    endloop
  endfacet
  facet normal 0 0 -1
    outer loop
      vertex -33.42597485145237 114.61418070123307 50
      vertex -38.61418070123307 109.42597485145237 50
      vertex -34 114.5 50
    endloop
  endfacet
  facet normal 0 0 -1
    outer loop
      vertex -38.93933982822018 108.93933982822018 50
      vertex -33.42597485145237 114.61418070123307 50
      vertex -32.93933982822018 114.93933982822018 50
    endloop
  endfacet
  facet normal 0 0 -1
    outer loop
      vertex -29.060660171779823 117.06066017177983 50
      vertex -34.57402514854763 111.38581929876693 50
      vertex -35.06066017177982 111.06066017177982 50
    endloop
  endfacet
  facet normal 0 0 -1
    outer loop
      vertex -34.57402514854763 111.38581929876693 50
      vertex -29.38581929876693 116.57402514854763 50
      vertex -34 111.5 50
    endloop
  endfacet
  facet normal 0 0 -1
    outer loop
      vertex -34 111.5 50
      vertex -29.38581929876693 115.42597485145237 50
      vertex -33.42597485145237 111.38581929876693 50
    endloop
  endfacet
  facet normal 0 0 -1
    outer loop
      vertex -29.060660171779823 117.06066017177983 50
      vertex -35.06066017177982 111.06066017177982 50
      vertex -32.93933982822018 114.93933982822018 50
    endloop
  endfacet
  facet normal 0 0 -1
    outer loop
      vertex -34.57402514854763 117.38581929876693 50
      vertex -38.61418070123307 116.57402514854763 50
      vertex -34 120.5 50
    endloop
  endfacet
  facet normal 0 0 -1
    outer loop
      vertex -34.57402514854763 117.38581929876693 50
      vertex -34 120.5 50
      vertex -34 117.5 50
    endloop
  endfacet
  facet normal 0 0 -1
    outer loop
      vertex -34 120.5 50
      vertex -38.61418070123307 116.57402514854763 50
      vertex -34.57402514854763 120.61418070123307 50
    endloop
  endfacet
  facet normal 0 0 -1
    outer loop
      vertex -34 117.5 50
      vertex -29.38581929876693 121.42597485145237 50
      vertex -33.42597485145237 117.38581929876693 50
    endloop
  endfacet
  facet normal 0 0 -1
    outer loop
      vertex -34 117.5 50
      vertex -34 120.5 50
      vertex -33.42597485145237 120.61418070123307 50
    endloop
  endfacet
  facet normal 0 0 -1
    outer loop
      vertex -34 117.5 50
      vertex -33.42597485145237 120.61418070123307 50
      vertex -32.93933982822018 120.93933982822017 50
    endloop
  endfacet
  facet normal 0 0 -1
    outer loop
      vertex -34 117.5 50
      vertex -32.93933982822018 120.93933982822017 50
      vertex -29.38581929876693 121.42597485145237 50
    endloop
  endfacet
  facet normal 0 0 1
    outer loop
      vertex -40 111.5 52
      vertex -35.5 116 52
      vertex -40.57402514854763 111.38581929876693 52
    endloop
  endfacet
  facet normal 0 0 1
    outer loop
      vertex -39.42597485145237 114.61418070123307 52
      vertex -40.57402514854763 111.38581929876693 52
      vertex -35.38581929876693 116.57402514854763 52
    endloop
  endfacet
  facet normal 0 0 1
    outer loop
      vertex -34.57402514854763 114.61418070123307 52
      vertex -39.42597485145237 111.38581929876693 52
      vertex -38.93933982822018 111.06066017177982 52
    endloop
  endfacet
  facet normal 0 0 1
    outer loop
      vertex -34.57402514854763 114.61418070123307 52
      vertex -38.93933982822018 111.06066017177982 52
      vertex -38.61418070123307 110.57402514854763 52
    endloop
  endfacet
  facet normal 0 0 1
    outer loop
      vertex -34.57402514854763 114.61418070123307 52
      vertex -40 111.5 52
      vertex -39.42597485145237 111.38581929876693 52
    endloop
  endfacet
  facet normal 0 0 1
    outer loop
      vertex -35.5 116 52
      vertex -35.38581929876693 116.57402514854763 52
      vertex -40.57402514854763 111.38581929876693 52
    endloop
  endfacet
  facet normal 0 0 1
    outer loop
      vertex -39.42597485145237 114.61418070123307 52
      vertex -35.38581929876693 116.57402514854763 52
      vertex -38.93933982822018 114.93933982822018 52
    endloop
  endfacet
  facet normal 0 0 1
    outer loop
      vertex -38.61418070123307 115.42597485145237 52
      vertex -38.93933982822018 114.93933982822018 52
      vertex -35.38581929876693 116.57402514854763 52
    endloop
  endfacet
  facet normal 0 0 1
    outer loop
      vertex -40 111.5 52
      vertex -35.06066017177982 114.93933982822018 52
      vertex -35.38581929876693 115.42597485145237 52
    endloop
  endfacet
  facet normal 0 0 1
    outer loop
      vertex -34.57402514854763 114.61418070123307 52
      vertex -35.06066017177982 114.93933982822018 52
      vertex -40 111.5 52
    endloop
  endfacet
  facet normal 0 0 1
    outer loop
      vertex -40 111.5 52
      vertex -35.38581929876693 115.42597485145237 52
      vertex -35.5 116 52
    endloop
  endfacet
  facet normal 0 0 1
    outer loop
      vertex -39.42597485145237 117.38581929876693 52
      vertex -39.42597485145237 120.61418070123307 52
      vertex -40 117.5 52
    endloop
  endfacet
  facet normal 0 0 1
    outer loop
      vertex -40 117.5 52
      vertex -39.42597485145237 120.61418070123307 52
      vertex -40 120.5 52
    endloop
  endfacet
  facet normal 0 0 1
    outer loop
      vertex -39.42597485145237 117.38581929876693 52
      vertex -38.93933982822018 120.93933982822017 52
      vertex -39.42597485145237 120.61418070123307 52
    endloop
  endfacet
  facet normal 0 0 1
    outer loop
      vertex -35.06066017177982 120.93933982822017 52
      vertex -39.42597485145237 117.38581929876693 52
      vertex -38.93933982822018 117.06066017177983 52
    endloop
  endfacet
  facet normal 0 0 1
    outer loop
      vertex -38.93933982822018 117.06066017177983 52
      vertex -38.61418070123307 116.57402514854763 52
      vertex -34.57402514854763 120.61418070123307 52
    endloop
  endfacet
  facet normal 0 0 1
    outer loop
      vertex -38.61418070123307 116.57402514854763 52
      vertex -38.5 116 52
      vertex -34 120.5 52
    endloop
  endfacet
  facet normal 0 0 1
    outer loop
      vertex -38.5 116 52
      vertex -38.61418070123307 115.42597485145237 52
      vertex -33.42597485145237 120.61418070123307 52
    endloop
  endfacet
  facet normal 0 0 1
    outer loop
      vertex -35.06066017177982 120.93933982822017 52
      vertex -38.93933982822018 120.93933982822017 52
      vertex -39.42597485145237 117.38581929876693 52
    endloop
  endfacet
  facet normal 0 0 1
    outer loop
      vertex -35.06066017177982 120.93933982822017 52
      vertex -38.61418070123307 121.42597485145237 52
      vertex -38.93933982822018 120.93933982822017 52
    endloop
  endfacet
  facet normal 0 0 1
    outer loop
      vertex -38.93933982822018 117.06066017177983 52
      vertex -34.57402514854763 120.61418070123307 52
      vertex -35.06066017177982 120.93933982822017 52
    endloop
  endfacet
  facet normal 0 0 1
    outer loop
      vertex -35.06066017177982 120.93933982822017 52
      vertex -35.38581929876693 121.42597485145237 52
      vertex -38.61418070123307 121.42597485145237 52
    endloop
  endfacet
  facet normal 0 0 1
    outer loop
      vertex -35.38581929876693 110.57402514854763 52
      vertex -34 114.5 52
      vertex -38.61418070123307 110.57402514854763 52
    endloop
  endfacet
  facet normal 0 0 1
    outer loop
      vertex -34.57402514854763 114.61418070123307 52
      vertex -38.61418070123307 110.57402514854763 52
      vertex -34 114.5 52
    endloop
  endfacet
  facet normal 0 0 1
    outer loop
      vertex -35.38581929876693 110.57402514854763 52
      vertex -35.06066017177982 111.06066017177982 52
      vertex -34 114.5 52
    endloop
  endfacet
  facet normal 0 0 1
    outer loop
      vertex -34.57402514854763 111.38581929876693 52
      vertex -34 114.5 52
      vertex -35.06066017177982 111.06066017177982 52
    endloop
  endfacet
  facet normal 0 0 1
    outer loop
      vertex -34 111.5 52
      vertex -34 114.5 52
      vertex -34.57402514854763 111.38581929876693 52
    endloop
  endfacet
  facet normal 0 0 1
    outer loop
      vertex -33.42597485145237 111.38581929876693 52
      vertex -33.42597485145237 114.61418070123307 52
      vertex -34 111.5 52
    endloop
  endfacet
  facet normal 0 0 1
    outer loop
      vertex -34 111.5 52
      vertex -33.42597485145237 114.61418070123307 52
      vertex -34 114.5 52
    endloop
  endfacet
  facet normal 0 0 1
    outer loop
      vertex -33.42597485145237 111.38581929876693 52
      vertex -32.93933982822018 114.93933982822018 52
      vertex -33.42597485145237 114.61418070123307 52
    endloop
  endfacet
  facet normal 0 0 1
    outer loop
      vertex -35.38581929876693 116.57402514854763 52
      vertex -33.42597485145237 120.61418070123307 52
      vertex -38.61418070123307 115.42597485145237 52
    endloop
  endfacet
  facet normal 0 0 1
    outer loop
      vertex -35.38581929876693 116.57402514854763 52
      vertex -35.06066017177982 117.06066017177983 52
      vertex -33.42597485145237 120.61418070123307 52
    endloop
  endfacet
  facet normal 0 0 1
    outer loop
      vertex -34.57402514854763 117.38581929876693 52
      vertex -33.42597485145237 120.61418070123307 52
      vertex -35.06066017177982 117.06066017177983 52
    endloop
  endfacet
  facet normal 0 0 1
    outer loop
      vertex -34.57402514854763 120.61418070123307 52
      vertex -38.61418070123307 116.57402514854763 52
      vertex -34 120.5 52
    endloop
  endfacet
  facet normal 0 0 1
    outer loop
      vertex -38.5 116 52
      vertex -33.42597485145237 120.61418070123307 52
      vertex -34 120.5 52
    endloop
  endfacet
  facet normal 0 0 1
    outer loop
      vertex -34 117.5 52
      vertex -33.42597485145237 120.61418070123307 52
      vertex -34.57402514854763 117.38581929876693 52
    endloop
  endfacet
  facet normal 0 0 1
    outer loop
      vertex -33.42597485145237 117.38581929876693 52
      vertex -33.42597485145237 120.61418070123307 52
      vertex -34 117.5 52
    endloop
  endfacet
  facet normal 0 0 -1
    outer loop
      vertex -62.64702571183443 127.50722291320562 50
      vertex -63.333355352282524 127.75279558449984 50
      vertex -63.45158992707729 127.8404843211174 50
    endloop
  endfacet
  facet normal 0 0 -1
    outer loop
      vertex -63.07402514666319 127.61418069899082 50
      vertex -63.207095108926296 127.67711810022593 50
      vertex -63.333355352282524 127.75279558449984 50
    endloop
  endfacet
  facet normal 0 0 -1
    outer loop
      vertex -62.64702571183443 127.50722291320562 50
      vertex -63.45158992707729 127.8404843211174 50
      vertex -63.56066016852856 127.93933983147144 50
    endloop
  endfacet
  facet normal 0 0 -1
    outer loop
      vertex -62.7926354855299 127.52882207930088 50
      vertex -62.93542701750994 127.56458949297667 50
      vertex -63.333355352282524 127.75279558449984 50
    endloop
  endfacet
  facet normal 0 0 -1
    outer loop
      vertex -62.93542701750994 127.56458949297667 50
      vertex -63.07402514666319 127.61418069899082 50
      vertex -63.333355352282524 127.75279558449984 50
    endloop
  endfacet
  facet normal 0 0 -1
    outer loop
      vertex -62.5 127.5 50
      vertex -63.822881899774075 128.2929048910737 50
      vertex -63.88581930100918 128.4259748533368 50
    endloop
  endfacet
  facet normal 0 0 -1
    outer loop
      vertex -62.5 127.5 50
      vertex -63.6595156788826 128.0484100729227 50
      vertex -63.747204415500164 128.16664464771748 50
    endloop
  endfacet
  facet normal 0 0 -1
    outer loop
      vertex -62.5 127.5 50
      vertex -63.747204415500164 128.16664464771748 50
      vertex -63.822881899774075 128.2929048910737 50
    endloop
  endfacet
  facet normal 0 0 -1
    outer loop
      vertex -62.5 127.5 50
      vertex -63.88581930100918 128.4259748533368 50
      vertex -63.935410507023335 128.56457298249006 50
    endloop
  endfacet
  facet normal 0 0 -1
    outer loop
      vertex -62.5 127.5 50
      vertex -63.935410507023335 128.56457298249006 50
      vertex -63.97117792069912 128.7073645144701 50
    endloop
  endfacet
  facet normal 0 0 -1
    outer loop
      vertex -62.5 127.5 50
      vertex -63.97117792069912 128.7073645144701 50
      vertex -63.992777086794376 128.85297428816557 50
    endloop
  endfacet
  facet normal 0 0 -1
    outer loop
      vertex -62.5 127.5 50
      vertex -63.56066016852856 127.93933983147144 50
      vertex -63.6595156788826 128.0484100729227 50
    endloop
  endfacet
  facet normal 0 0 -1
    outer loop
      vertex -62.5 127.5 50
      vertex -63.992777086794376 128.85297428816557 50
      vertex -64 129 50
    endloop
  endfacet
  facet normal 0 0 -1
    outer loop
      vertex -62.64702571183443 127.50722291320562 50
      vertex -62.7926354855299 127.52882207930088 50
      vertex -63.333355352282524 127.75279558449984 50
    endloop
  endfacet
  facet normal 0 0 -1
    outer loop
      vertex -62.5 127.5 50
      vertex -62.64702571183443 127.50722291320562 50
      vertex -63.56066016852856 127.93933983147144 50
    endloop
  endfacet
  facet normal 0 0 -1
    outer loop
      vertex -57 127.5 50
      vertex -62.5 127.5 50
      vertex -64 129 50
    endloop
  endfacet
  facet normal 0 0 -1
    outer loop
      vertex -57 127.5 50
      vertex -64 129 50
      vertex -61 131.5 50
    endloop
  endfacet
  facet normal 0 0 -1
    outer loop
      vertex -57 127.5 50
      vertex -61 131.5 50
      vertex -50.542857142857144 131.5 50
    endloop
  endfacet
  facet normal -0.5956993028830408 -0.8032075326742517 0
    outer loop
      vertex -63.333355352282524 127.75279558449984 50
      vertex -63.333355352282524 127.75279558449984 52
      vertex -63.45158992707729 127.8404843211174 50
    endloop
  endfacet
  facet normal -0.5141027780042697 -0.857728589734709 0
    outer loop
      vertex -63.207095108926296 127.67711810022593 50
      vertex -63.207095108926296 127.67711810022593 52
      vertex -63.333355352282524 127.75279558449984 50
    endloop
  endfacet
  facet normal -0.42755507319767905 -0.9039893026927516 0
    outer loop
      vertex -63.07402514666319 127.61418069899082 50
      vertex -63.07402514666319 127.61418069899082 52
      vertex -63.207095108926296 127.67711810022593 50
    endloop
  endfacet
  facet normal -0.857728589734709 -0.5141027780042697 0
    outer loop
      vertex -63.747204415500164 128.16664464771748 50
      vertex -63.747204415500164 128.16664464771748 52
      vertex -63.822881899774075 128.2929048910737 50
    endloop
  endfacet
  facet normal -0.9039893026927516 -0.42755507319767905 0
    outer loop
      vertex -63.822881899774075 128.2929048910737 50
      vertex -63.822881899774075 128.2929048910737 52
      vertex -63.88581930100918 128.4259748533368 50
    endloop
  endfacet
  facet normal -0.8032075326742517 -0.5956993028830408 0
    outer loop
      vertex -63.6595156788826 128.0484100729227 50
      vertex -63.6595156788826 128.0484100729227 52
      vertex -63.747204415500164 128.16664464771748 50
    endloop
  endfacet
  facet normal -0.7409511057814067 -0.6715589764431047 0
    outer loop
      vertex -63.56066016852856 127.93933983147144 50
      vertex -63.56066016852856 127.93933983147144 52
      vertex -63.6595156788826 128.0484100729227 50
    endloop
  endfacet
  facet normal -0.941544059926039 -0.33688986808449944 0
    outer loop
      vertex -63.88581930100918 128.4259748533368 50
      vertex -63.88581930100918 128.4259748533368 52
      vertex -63.935410507023335 128.56457298249006 50
    endloop
  endfacet
  facet normal -0.9700312581757379 -0.24298016001722236 0
    outer loop
      vertex -63.935410507023335 128.56457298249006 50
      vertex -63.935410507023335 128.56457298249006 52
      vertex -63.97117792069912 128.7073645144701 50
    endloop
  endfacet
  facet normal -0.989176513397145 -0.14673045131624157 0
    outer loop
      vertex -63.97117792069912 128.7073645144701 50
      vertex -63.97117792069912 128.7073645144701 52
      vertex -63.992777086794376 128.85297428816557 50
    endloop
  endfacet
  facet normal -0.9987954551570747 -0.04906769566193293 0
    outer loop
      vertex -63.992777086794376 128.85297428816557 50
      vertex -63.992777086794376 128.85297428816557 52
      vertex -64 129 50
    endloop
  endfacet
  facet normal -0.6715589764431047 -0.7409511057814067 0
    outer loop
      vertex -63.45158992707729 127.8404843211174 50
      vertex -63.45158992707729 127.8404843211174 52
      vertex -63.56066016852856 127.93933983147144 50
    endloop
  endfacet
  facet normal -0.33688986808449944 -0.941544059926039 0
    outer loop
      vertex -62.93542701750994 127.56458949297667 50
      vertex -62.93542701750994 127.56458949297667 52
      vertex -63.07402514666319 127.61418069899082 50
    endloop
  endfacet
  facet normal -0.24298016001722236 -0.9700312581757379 0
    outer loop
      vertex -62.7926354855299 127.52882207930088 50
      vertex -62.7926354855299 127.52882207930088 52
      vertex -62.93542701750994 127.56458949297667 50
    endloop
  endfacet
  facet normal -0.14673045131624157 -0.989176513397145 0
    outer loop
      vertex -62.64702571183443 127.50722291320562 50
      vertex -62.64702571183443 127.50722291320562 52
      vertex -62.7926354855299 127.52882207930088 50
    endloop
  endfacet
  facet normal -0.04906769566193293 -0.9987954551570747 0
    outer loop
      vertex -62.5 127.5 50
      vertex -62.5 127.5 52
      vertex -62.64702571183443 127.50722291320562 50
    endloop
  endfacet
  facet normal -0.5141027780042697 -0.857728589734709 0
    outer loop
      vertex -63.333355352282524 127.75279558449984 50
      vertex -63.207095108926296 127.67711810022593 52
      vertex -63.333355352282524 127.75279558449984 52
    endloop
  endfacet
  facet normal -0.42755507319767905 -0.9039893026927516 0
    outer loop
      vertex -63.207095108926296 127.67711810022593 50
      vertex -63.07402514666319 127.61418069899082 52
      vertex -63.207095108926296 127.67711810022593 52
    endloop
  endfacet
  facet normal -0.33688986808449944 -0.941544059926039 0
    outer loop
      vertex -63.07402514666319 127.61418069899082 50
      vertex -62.93542701750994 127.56458949297667 52
      vertex -63.07402514666319 127.61418069899082 52
    endloop
  endfacet
  facet normal -0.857728589734709 -0.5141027780042697 0
    outer loop
      vertex -63.822881899774075 128.2929048910737 50
      vertex -63.747204415500164 128.16664464771748 52
      vertex -63.822881899774075 128.2929048910737 52
    endloop
  endfacet
  facet normal -0.9039893026927516 -0.42755507319767905 0
    outer loop
      vertex -63.88581930100918 128.4259748533368 50
      vertex -63.822881899774075 128.2929048910737 52
      vertex -63.88581930100918 128.4259748533368 52
    endloop
  endfacet
  facet normal -0.7409511057814067 -0.6715589764431047 0
    outer loop
      vertex -63.6595156788826 128.0484100729227 50
      vertex -63.56066016852856 127.93933983147144 52
      vertex -63.6595156788826 128.0484100729227 52
    endloop
  endfacet
  facet normal -0.6715589764431047 -0.7409511057814067 0
    outer loop
      vertex -63.56066016852856 127.93933983147144 50
      vertex -63.45158992707729 127.8404843211174 52
      vertex -63.56066016852856 127.93933983147144 52
    endloop
  endfacet
  facet normal -0.8032075326742517 -0.5956993028830408 0
    outer loop
      vertex -63.747204415500164 128.16664464771748 50
      vertex -63.6595156788826 128.0484100729227 52
      vertex -63.747204415500164 128.16664464771748 52
    endloop
  endfacet
  facet normal -0.941544059926039 -0.33688986808449944 0
    outer loop
      vertex -63.935410507023335 128.56457298249006 50
      vertex -63.88581930100918 128.4259748533368 52
      vertex -63.935410507023335 128.56457298249006 52
    endloop
  endfacet
  facet normal -0.9700312581757379 -0.24298016001722236 0
    outer loop
      vertex -63.97117792069912 128.7073645144701 50
      vertex -63.935410507023335 128.56457298249006 52
      vertex -63.97117792069912 128.7073645144701 52
    endloop
  endfacet
  facet normal -0.989176513397145 -0.14673045131624157 0
    outer loop
      vertex -63.992777086794376 128.85297428816557 50
      vertex -63.97117792069912 128.7073645144701 52
      vertex -63.992777086794376 128.85297428816557 52
    endloop
  endfacet
  facet normal -0.9987954551570747 -0.04906769566193293 0
    outer loop
      vertex -64 129 50
      vertex -63.992777086794376 128.85297428816557 52
      vertex -64 129 52
    endloop
  endfacet
  facet normal -0.5956993028830408 -0.8032075326742517 0
    outer loop
      vertex -63.45158992707729 127.8404843211174 50
      vertex -63.333355352282524 127.75279558449984 52
      vertex -63.45158992707729 127.8404843211174 52
    endloop
  endfacet
  facet normal -0.24298016001722236 -0.9700312581757379 0
    outer loop
      vertex -62.93542701750994 127.56458949297667 50
      vertex -62.7926354855299 127.52882207930088 52
      vertex -62.93542701750994 127.56458949297667 52
    endloop
  endfacet
  facet normal -0.14673045131624157 -0.989176513397145 0
    outer loop
      vertex -62.7926354855299 127.52882207930088 50
      vertex -62.64702571183443 127.50722291320562 52
      vertex -62.7926354855299 127.52882207930088 52
    endloop
  endfacet
  facet normal -0.04906769566193293 -0.9987954551570747 0
    outer loop
      vertex -62.64702571183443 127.50722291320562 50
      vertex -62.5 127.5 52
      vertex -62.64702571183443 127.50722291320562 52
    endloop
  endfacet
  facet normal 0 -1 0
    outer loop
      vertex -62.5 127.5 50
      vertex -57 127.5 52
      vertex -62.5 127.5 52
    endloop
  endfacet
  facet normal 0 0 1
    outer loop
      vertex -62.64702571183443 127.50722291320562 52
      vertex -63.45158992707729 127.8404843211174 52
      vertex -63.333355352282524 127.75279558449984 52
    endloop
  endfacet
  facet normal 0 0 1
    outer loop
      vertex -63.07402514666319 127.61418069899082 52
      vertex -63.333355352282524 127.75279558449984 52
      vertex -63.207095108926296 127.67711810022593 52
    endloop
  endfacet
  facet normal 0 0 1
    outer loop
      vertex -62.64702571183443 127.50722291320562 52
      vertex -63.56066016852856 127.93933983147144 52
      vertex -63.45158992707729 127.8404843211174 52
    endloop
  endfacet
  facet normal 0 0 1
    outer loop
      vertex -62.7926354855299 127.52882207930088 52
      vertex -63.333355352282524 127.75279558449984 52
      vertex -62.93542701750994 127.56458949297667 52
    endloop
  endfacet
  facet normal 0 0 1
    outer loop
      vertex -62.93542701750994 127.56458949297667 52
      vertex -63.333355352282524 127.75279558449984 52
      vertex -63.07402514666319 127.61418069899082 52
    endloop
  endfacet
  facet normal 0 0 1
    outer loop
      vertex -62.5 127.5 52
      vertex -63.88581930100918 128.4259748533368 52
      vertex -63.822881899774075 128.2929048910737 52
    endloop
  endfacet
  facet normal 0 0 1
    outer loop
      vertex -62.5 127.5 52
      vertex -63.747204415500164 128.16664464771748 52
      vertex -63.6595156788826 128.0484100729227 52
    endloop
  endfacet
  facet normal 0 0 1
    outer loop
      vertex -62.5 127.5 52
      vertex -63.822881899774075 128.2929048910737 52
      vertex -63.747204415500164 128.16664464771748 52
    endloop
  endfacet
  facet normal 0 0 1
    outer loop
      vertex -62.5 127.5 52
      vertex -63.935410507023335 128.56457298249006 52
      vertex -63.88581930100918 128.4259748533368 52
    endloop
  endfacet
  facet normal 0 0 1
    outer loop
      vertex -62.5 127.5 52
      vertex -63.97117792069912 128.7073645144701 52
      vertex -63.935410507023335 128.56457298249006 52
    endloop
  endfacet
  facet normal 0 0 1
    outer loop
      vertex -62.5 127.5 52
      vertex -63.992777086794376 128.85297428816557 52
      vertex -63.97117792069912 128.7073645144701 52
    endloop
  endfacet
  facet normal 0 0 1
    outer loop
      vertex -62.5 127.5 52
      vertex -63.6595156788826 128.0484100729227 52
      vertex -63.56066016852856 127.93933983147144 52
    endloop
  endfacet
  facet normal 0 0 1
    outer loop
      vertex -62.5 127.5 52
      vertex -63 128.5 52
      vertex -64 129 52
    endloop
  endfacet
  facet normal 0 0 1
    outer loop
      vertex -62.5 127.5 52
      vertex -64 129 52
      vertex -63.992777086794376 128.85297428816557 52
    endloop
  endfacet
  facet normal 0 0 1
    outer loop
      vertex -62.64702571183443 127.50722291320562 52
      vertex -63.333355352282524 127.75279558449984 52
      vertex -62.7926354855299 127.52882207930088 52
    endloop
  endfacet
  facet normal 0 0 1
    outer loop
      vertex -62.5 127.5 52
      vertex -63.56066016852856 127.93933983147144 52
      vertex -62.64702571183443 127.50722291320562 52
    endloop
  endfacet
  facet normal 0 0 1
    outer loop
      vertex -56 128.5 52
      vertex -63 128.5 52
      vertex -62.5 127.5 52
    endloop
  endfacet
  facet normal 0 -1 0
    outer loop
      vertex -57 127.5 50
      vertex -57 127.5 52
      vertex -62.5 127.5 50
    endloop
  endfacet
  facet normal 0 0 1
    outer loop
      vertex -57 127.5 52
      vertex -56 128.5 52
      vertex -62.5 127.5 52
    endloop
  endfacet
  facet normal 0 0 1
    outer loop
      vertex -55 129.5 52
      vertex -61 131.5 52
      vertex -62 129.5 52
    endloop
  endfacet
  facet normal 0 0 -1
    outer loop
      vertex -64 129 50
      vertex -64 161 50
      vertex -61 131.5 50
    endloop
  endfacet
  facet normal -1 0 0
    outer loop
      vertex -64 129 50
      vertex -64 129 52
      vertex -64 161 50
    endloop
  endfacet
  facet normal 0 0 1
    outer loop
      vertex -63 128.5 52
      vertex -64 161 52
      vertex -64 129 52
    endloop
  endfacet
  facet normal 0 0 1
    outer loop
      vertex -62 129.5 52
      vertex -61 131.5 52
      vertex -62 160.5 52
    endloop
  endfacet
  facet normal 0 0 -1
    outer loop
      vertex -57 127.5 50
      vertex -47.38581929876693 121.42597485145237 50
      vertex -47.38581929876693 116.57402514854763 50
    endloop
  endfacet
  facet normal 0 0 -1
    outer loop
      vertex -57 127.5 50
      vertex -47.5 122 50
      vertex -47.38581929876693 121.42597485145237 50
    endloop
  endfacet
  facet normal 0 0 -1
    outer loop
      vertex -57 127.5 50
      vertex -47.38581929876693 122.57402514854763 50
      vertex -47.5 122 50
    endloop
  endfacet
  facet normal 0 0 -1
    outer loop
      vertex -57 127.5 50
      vertex -47.06066017177982 123.06066017177983 50
      vertex -47.38581929876693 122.57402514854763 50
    endloop
  endfacet
  facet normal 0 0 -1
    outer loop
      vertex -57 127.5 50
      vertex -46.57402514854763 123.38581929876693 50
      vertex -47.06066017177982 123.06066017177983 50
    endloop
  endfacet
  facet normal 0 0 -1
    outer loop
      vertex -57 127.5 50
      vertex -50.542857142857144 131.5 50
      vertex -46.57402514854763 123.38581929876693 50
    endloop
  endfacet
  facet normal 0 0 1
    outer loop
      vertex -55 129.5 52
      vertex -44.714285714285715 131.5 52
      vertex -61 131.5 52
    endloop
  endfacet
  facet normal 0 0 1
    outer loop
      vertex -55 129.5 52
      vertex -47.5 116 52
      vertex -47.5 122 52
    endloop
  endfacet
  facet normal 0 0 1
    outer loop
      vertex -55 129.5 52
      vertex -47.5 122 52
      vertex -47.38581929876693 122.57402514854763 52
    endloop
  endfacet
  facet normal 0 0 1
    outer loop
      vertex -55 129.5 52
      vertex -47.38581929876693 122.57402514854763 52
      vertex -47.06066017177982 123.06066017177983 52
    endloop
  endfacet
  facet normal 0 0 1
    outer loop
      vertex -55 129.5 52
      vertex -47.06066017177982 123.06066017177983 52
      vertex -44.714285714285715 131.5 52
    endloop
  endfacet
  facet normal 0 0 -1
    outer loop
      vertex -64 161 50
      vertex -61 134.5 50
      vertex -61 131.5 50
    endloop
  endfacet
  facet normal 0 0 -1
    outer loop
      vertex -64 161 50
      vertex -63.992777086794376 161.14702571183443 50
      vertex -61 134.5 50
    endloop
  endfacet
  facet normal 0 0 -1
    outer loop
      vertex -62.5 162.5 50
      vertex -61 157.5 50
      vertex -61 134.5 50
    endloop
  endfacet
  facet normal 0 0 1
    outer loop
      vertex -62 160.5 52
      vertex -61 131.5 52
      vertex -61 134.5 52
    endloop
  endfacet
  facet normal -1 0 0
    outer loop
      vertex -64 129 52
      vertex -64 161 52
      vertex -64 161 50
    endloop
  endfacet
  facet normal 0 0 1
    outer loop
      vertex -63 128.5 52
      vertex -63.992777086794376 161.14702571183443 52
      vertex -64 161 52
    endloop
  endfacet
  facet normal 0 0 1
    outer loop
      vertex -63 128.5 52
      vertex -63.97117792069912 161.2926354855299 52
      vertex -63.992777086794376 161.14702571183443 52
    endloop
  endfacet
  facet normal 0 0 1
    outer loop
      vertex -63 128.5 52
      vertex -63.935410507023335 161.43542701750994 52
      vertex -63.97117792069912 161.2926354855299 52
    endloop
  endfacet
  facet normal 0 0 1
    outer loop
      vertex -63 128.5 52
      vertex -63.88581930100918 161.5740251466632 52
      vertex -63.935410507023335 161.43542701750994 52
    endloop
  endfacet
  facet normal 0 0 1
    outer loop
      vertex -63 128.5 52
      vertex -63.822881899774075 161.7070951089263 52
      vertex -63.88581930100918 161.5740251466632 52
    endloop
  endfacet
  facet normal 0 0 1
    outer loop
      vertex -63 128.5 52
      vertex -63.747204415500164 161.83335535228252 52
      vertex -63.822881899774075 161.7070951089263 52
    endloop
  endfacet
  facet normal 0 0 1
    outer loop
      vertex -63 128.5 52
      vertex -63.6595156788826 161.9515899270773 52
      vertex -63.747204415500164 161.83335535228252 52
    endloop
  endfacet
  facet normal 0 0 1
    outer loop
      vertex -63 128.5 52
      vertex -63.56066016852856 162.06066016852856 52
      vertex -63.6595156788826 161.9515899270773 52
    endloop
  endfacet
  facet normal 0 0 1
    outer loop
      vertex -63 128.5 52
      vertex -63.45158992707729 162.1595156788826 52
      vertex -63.56066016852856 162.06066016852856 52
    endloop
  endfacet
  facet normal 0 0 1
    outer loop
      vertex -63 128.5 52
      vertex -63 161.5 52
      vertex -63.207095108926296 162.32288189977407 52
    endloop
  endfacet
  facet normal 0 0 1
    outer loop
      vertex -63 128.5 52
      vertex -63.333355352282524 162.24720441550016 52
      vertex -63.45158992707729 162.1595156788826 52
    endloop
  endfacet
  facet normal 0 0 1
    outer loop
      vertex -63 128.5 52
      vertex -63.207095108926296 162.32288189977407 52
      vertex -63.333355352282524 162.24720441550016 52
    endloop
  endfacet
  facet normal 0 0 1
    outer loop
      vertex -62 160.5 52
      vertex -61 134.5 52
      vertex -61 157.5 52
    endloop
  endfacet
  facet normal 0 0 1
    outer loop
      vertex -61 134.5 52
      vertex -46.25 157.5 52
      vertex -61 157.5 52
    endloop
  endfacet
  facet normal 0 0 -1
    outer loop
      vertex -63.992777086794376 161.14702571183443 50
      vertex -63.97117792069912 161.2926354855299 50
      vertex -61 134.5 50
    endloop
  endfacet
  facet normal 0 0 -1
    outer loop
      vertex -63.97117792069912 161.2926354855299 50
      vertex -63.935410507023335 161.43542701750994 50
      vertex -61 134.5 50
    endloop
  endfacet
  facet normal 0 0 -1
    outer loop
      vertex -63.935410507023335 161.43542701750994 50
      vertex -63.88581930100918 161.5740251466632 50
      vertex -61 134.5 50
    endloop
  endfacet
  facet normal 0 0 -1
    outer loop
      vertex -63.88581930100918 161.5740251466632 50
      vertex -63.822881899774075 161.7070951089263 50
      vertex -61 134.5 50
    endloop
  endfacet
  facet normal 0 0 -1
    outer loop
      vertex -63.822881899774075 161.7070951089263 50
      vertex -63.747204415500164 161.83335535228252 50
      vertex -61 134.5 50
    endloop
  endfacet
  facet normal 0 0 -1
    outer loop
      vertex -63.747204415500164 161.83335535228252 50
      vertex -63.6595156788826 161.9515899270773 50
      vertex -61 134.5 50
    endloop
  endfacet
  facet normal 0 0 -1
    outer loop
      vertex -63.6595156788826 161.9515899270773 50
      vertex -63.56066016852856 162.06066016852856 50
      vertex -61 134.5 50
    endloop
  endfacet
  facet normal 0 0 -1
    outer loop
      vertex -63.45158992707729 162.1595156788826 50
      vertex -61 134.5 50
      vertex -63.56066016852856 162.06066016852856 50
    endloop
  endfacet
  facet normal 0 0 -1
    outer loop
      vertex -63.333355352282524 162.24720441550016 50
      vertex -61 134.5 50
      vertex -63.45158992707729 162.1595156788826 50
    endloop
  endfacet
  facet normal 0 0 -1
    outer loop
      vertex -63.207095108926296 162.32288189977407 50
      vertex -61 134.5 50
      vertex -63.333355352282524 162.24720441550016 50
    endloop
  endfacet
  facet normal 0 0 -1
    outer loop
      vertex -63.07402514666319 162.38581930100918 50
      vertex -61 134.5 50
      vertex -63.207095108926296 162.32288189977407 50
    endloop
  endfacet
  facet normal 0 0 -1
    outer loop
      vertex -62.93542701750994 162.43541050702333 50
      vertex -61 134.5 50
      vertex -63.07402514666319 162.38581930100918 50
    endloop
  endfacet
  facet normal 0 0 -1
    outer loop
      vertex -62.64702571183443 162.49277708679438 50
      vertex -61 134.5 50
      vertex -62.7926354855299 162.47117792069912 50
    endloop
  endfacet
  facet normal 0 0 -1
    outer loop
      vertex -62.7926354855299 162.47117792069912 50
      vertex -61 134.5 50
      vertex -62.93542701750994 162.43541050702333 50
    endloop
  endfacet
  facet normal 0 0 -1
    outer loop
      vertex -62.5 162.5 50
      vertex -61 134.5 50
      vertex -62.64702571183443 162.49277708679438 50
    endloop
  endfacet
  facet normal 0 0 -1
    outer loop
      vertex -62.5 162.5 50
      vertex -61 160.5 50
      vertex -61 157.5 50
    endloop
  endfacet
  facet normal -0.9987954551570747 0.04906769566193293 0
    outer loop
      vertex -64 161 50
      vertex -64 161 52
      vertex -63.992777086794376 161.14702571183443 50
    endloop
  endfacet
  facet normal -0.989176513397145 0.14673045131624157 0
    outer loop
      vertex -63.992777086794376 161.14702571183443 50
      vertex -63.992777086794376 161.14702571183443 52
      vertex -63.97117792069912 161.2926354855299 50
    endloop
  endfacet
  facet normal -0.9700312581757379 0.24298016001722236 0
    outer loop
      vertex -63.97117792069912 161.2926354855299 50
      vertex -63.97117792069912 161.2926354855299 52
      vertex -63.935410507023335 161.43542701750994 50
    endloop
  endfacet
  facet normal -0.941544059926039 0.33688986808449944 0
    outer loop
      vertex -63.935410507023335 161.43542701750994 50
      vertex -63.935410507023335 161.43542701750994 52
      vertex -63.88581930100918 161.5740251466632 50
    endloop
  endfacet
  facet normal -0.9039893026927516 0.42755507319767905 0
    outer loop
      vertex -63.88581930100918 161.5740251466632 50
      vertex -63.88581930100918 161.5740251466632 52
      vertex -63.822881899774075 161.7070951089263 50
    endloop
  endfacet
  facet normal -0.857728589734709 0.5141027780042697 0
    outer loop
      vertex -63.822881899774075 161.7070951089263 50
      vertex -63.822881899774075 161.7070951089263 52
      vertex -63.747204415500164 161.83335535228252 50
    endloop
  endfacet
  facet normal -0.7409511057814067 0.6715589764431047 0
    outer loop
      vertex -63.6595156788826 161.9515899270773 50
      vertex -63.6595156788826 161.9515899270773 52
      vertex -63.56066016852856 162.06066016852856 50
    endloop
  endfacet
  facet normal -0.8032075326742517 0.5956993028830408 0
    outer loop
      vertex -63.747204415500164 161.83335535228252 50
      vertex -63.747204415500164 161.83335535228252 52
      vertex -63.6595156788826 161.9515899270773 50
    endloop
  endfacet
  facet normal -0.6715589764431047 0.7409511057814067 0
    outer loop
      vertex -63.45158992707729 162.1595156788826 50
      vertex -63.56066016852856 162.06066016852856 50
      vertex -63.56066016852856 162.06066016852856 52
    endloop
  endfacet
  facet normal -0.5956993028830408 0.8032075326742517 0
    outer loop
      vertex -63.333355352282524 162.24720441550016 50
      vertex -63.45158992707729 162.1595156788826 50
      vertex -63.45158992707729 162.1595156788826 52
    endloop
  endfacet
  facet normal -0.5141027780042697 0.857728589734709 0
    outer loop
      vertex -63.207095108926296 162.32288189977407 50
      vertex -63.333355352282524 162.24720441550016 50
      vertex -63.333355352282524 162.24720441550016 52
    endloop
  endfacet
  facet normal -0.42755507319767905 0.9039893026927516 0
    outer loop
      vertex -63.07402514666319 162.38581930100918 50
      vertex -63.207095108926296 162.32288189977407 50
      vertex -63.207095108926296 162.32288189977407 52
    endloop
  endfacet
  facet normal -0.33688986808449944 0.941544059926039 0
    outer loop
      vertex -62.93542701750994 162.43541050702333 50
      vertex -63.07402514666319 162.38581930100918 50
      vertex -63.07402514666319 162.38581930100918 52
    endloop
  endfacet
  facet normal -0.24298016001722236 0.9700312581757379 0
    outer loop
      vertex -62.7926354855299 162.47117792069912 50
      vertex -62.93542701750994 162.43541050702333 50
      vertex -62.93542701750994 162.43541050702333 52
    endloop
  endfacet
  facet normal -0.14673045131624157 0.989176513397145 0
    outer loop
      vertex -62.64702571183443 162.49277708679438 50
      vertex -62.7926354855299 162.47117792069912 50
      vertex -62.7926354855299 162.47117792069912 52
    endloop
  endfacet
  facet normal -0.04906769566193293 0.9987954551570747 0
    outer loop
      vertex -62.5 162.5 50
      vertex -62.64702571183443 162.49277708679438 50
      vertex -62.64702571183443 162.49277708679438 52
    endloop
  endfacet
  facet normal -0.9987954551570747 0.04906769566193293 0
    outer loop
      vertex -63.992777086794376 161.14702571183443 50
      vertex -64 161 52
      vertex -63.992777086794376 161.14702571183443 52
    endloop
  endfacet
  facet normal -0.989176513397145 0.14673045131624157 0
    outer loop
      vertex -63.97117792069912 161.2926354855299 50
      vertex -63.992777086794376 161.14702571183443 52
      vertex -63.97117792069912 161.2926354855299 52
    endloop
  endfacet
  facet normal -0.9700312581757379 0.24298016001722236 0
    outer loop
      vertex -63.935410507023335 161.43542701750994 50
      vertex -63.97117792069912 161.2926354855299 52
      vertex -63.935410507023335 161.43542701750994 52
    endloop
  endfacet
  facet normal -0.941544059926039 0.33688986808449944 0
    outer loop
      vertex -63.88581930100918 161.5740251466632 50
      vertex -63.935410507023335 161.43542701750994 52
      vertex -63.88581930100918 161.5740251466632 52
    endloop
  endfacet
  facet normal -0.9039893026927516 0.42755507319767905 0
    outer loop
      vertex -63.822881899774075 161.7070951089263 50
      vertex -63.88581930100918 161.5740251466632 52
      vertex -63.822881899774075 161.7070951089263 52
    endloop
  endfacet
  facet normal -0.857728589734709 0.5141027780042697 0
    outer loop
      vertex -63.747204415500164 161.83335535228252 50
      vertex -63.822881899774075 161.7070951089263 52
      vertex -63.747204415500164 161.83335535228252 52
    endloop
  endfacet
  facet normal -0.8032075326742517 0.5956993028830408 0
    outer loop
      vertex -63.6595156788826 161.9515899270773 50
      vertex -63.747204415500164 161.83335535228252 52
      vertex -63.6595156788826 161.9515899270773 52
    endloop
  endfacet
  facet normal -0.7409511057814067 0.6715589764431047 0
    outer loop
      vertex -63.56066016852856 162.06066016852856 50
      vertex -63.6595156788826 161.9515899270773 52
      vertex -63.56066016852856 162.06066016852856 52
    endloop
  endfacet
  facet normal -0.6715589764431047 0.7409511057814067 0
    outer loop
      vertex -63.45158992707729 162.1595156788826 50
      vertex -63.56066016852856 162.06066016852856 52
      vertex -63.45158992707729 162.1595156788826 52
    endloop
  endfacet
  facet normal -0.5956993028830408 0.8032075326742517 0
    outer loop
      vertex -63.333355352282524 162.24720441550016 50
      vertex -63.45158992707729 162.1595156788826 52
      vertex -63.333355352282524 162.24720441550016 52
    endloop
  endfacet
  facet normal -0.5141027780042697 0.857728589734709 0
    outer loop
      vertex -63.207095108926296 162.32288189977407 50
      vertex -63.333355352282524 162.24720441550016 52
      vertex -63.207095108926296 162.32288189977407 52
    endloop
  endfacet
  facet normal -0.42755507319767905 0.9039893026927516 0
    outer loop
      vertex -63.07402514666319 162.38581930100918 50
      vertex -63.207095108926296 162.32288189977407 52
      vertex -63.07402514666319 162.38581930100918 52
    endloop
  endfacet
  facet normal -0.33688986808449944 0.941544059926039 0
    outer loop
      vertex -62.93542701750994 162.43541050702333 50
      vertex -63.07402514666319 162.38581930100918 52
      vertex -62.93542701750994 162.43541050702333 52
    endloop
  endfacet
  facet normal -0.24298016001722236 0.9700312581757379 0
    outer loop
      vertex -62.7926354855299 162.47117792069912 50
      vertex -62.93542701750994 162.43541050702333 52
      vertex -62.7926354855299 162.47117792069912 52
    endloop
  endfacet
  facet normal -0.14673045131624157 0.989176513397145 0
    outer loop
      vertex -62.64702571183443 162.49277708679438 50
      vertex -62.7926354855299 162.47117792069912 52
      vertex -62.64702571183443 162.49277708679438 52
    endloop
  endfacet
  facet normal -0.04906769566193293 0.9987954551570747 0
    outer loop
      vertex -62.5 162.5 50
      vertex -62.64702571183443 162.49277708679438 52
      vertex -62.5 162.5 52
    endloop
  endfacet
  facet normal 0 0 1
    outer loop
      vertex -63 161.5 52
      vertex -62.93542701750994 162.43541050702333 52
      vertex -63.07402514666319 162.38581930100918 52
    endloop
  endfacet
  facet normal 0 0 1
    outer loop
      vertex -63 161.5 52
      vertex -63.07402514666319 162.38581930100918 52
      vertex -63.207095108926296 162.32288189977407 52
    endloop
  endfacet
  facet normal 0 0 1
    outer loop
      vertex -63 161.5 52
      vertex -62.7926354855299 162.47117792069912 52
      vertex -62.93542701750994 162.43541050702333 52
    endloop
  endfacet
  facet normal 0 0 1
    outer loop
      vertex -63 161.5 52
      vertex -62.64702571183443 162.49277708679438 52
      vertex -62.7926354855299 162.47117792069912 52
    endloop
  endfacet
  facet normal 0 0 1
    outer loop
      vertex -62.5 162.5 52
      vertex -62.64702571183443 162.49277708679438 52
      vertex -63 161.5 52
    endloop
  endfacet
  facet normal 0 0 1
    outer loop
      vertex -62 160.5 52
      vertex -61 157.5 52
      vertex -61 160.5 52
    endloop
  endfacet
  facet normal 0 0 -1
    outer loop
      vertex -61 134.5 50
      vertex -61 157.5 50
      vertex -37.96715672757901 147.67878402655563 50
    endloop
  endfacet
  facet normal 0 0 1
    outer loop
      vertex -61 134.5 52
      vertex -37.96715672757901 147.67878402655563 52
      vertex -46.25 157.5 52
    endloop
  endfacet
  facet normal 0 0 -1
    outer loop
      vertex -50.542857142857144 131.5 50
      vertex -46 123.5 50
      vertex -46.57402514854763 123.38581929876693 50
    endloop
  endfacet
  facet normal 0 0 -1
    outer loop
      vertex -50.542857142857144 131.5 50
      vertex -45.42597485145237 123.38581929876693 50
      vertex -46 123.5 50
    endloop
  endfacet
  facet normal 0 0 -1
    outer loop
      vertex -50.542857142857144 131.5 50
      vertex -44.93933982822018 123.06066017177983 50
      vertex -45.42597485145237 123.38581929876693 50
    endloop
  endfacet
  facet normal 0 0 -1
    outer loop
      vertex -50.542857142857144 131.5 50
      vertex -41.06066017177982 123.06066017177983 50
      vertex -44.93933982822018 123.06066017177983 50
    endloop
  endfacet
  facet normal 0 0 -1
    outer loop
      vertex -50.542857142857144 131.5 50
      vertex -40.57402514854763 123.38581929876693 50
      vertex -41.06066017177982 123.06066017177983 50
    endloop
  endfacet
  facet normal 0 0 -1
    outer loop
      vertex -41.5 122 50
      vertex -44.61418070123307 121.42597485145237 50
      vertex -44.5 122 50
    endloop
  endfacet
  facet normal 0 0 -1
    outer loop
      vertex -41.38581929876693 122.57402514854763 50
      vertex -44.5 122 50
      vertex -44.61418070123307 122.57402514854763 50
    endloop
  endfacet
  facet normal 0 0 -1
    outer loop
      vertex -41.06066017177982 123.06066017177983 50
      vertex -44.61418070123307 122.57402514854763 50
      vertex -44.93933982822018 123.06066017177983 50
    endloop
  endfacet
  facet normal 0 0 -1
    outer loop
      vertex -41.5 122 50
      vertex -41.38581929876693 121.42597485145237 50
      vertex -44.61418070123307 121.42597485145237 50
    endloop
  endfacet
  facet normal 0 0 -1
    outer loop
      vertex -41.38581929876693 122.57402514854763 50
      vertex -41.5 122 50
      vertex -44.5 122 50
    endloop
  endfacet
  facet normal 0 0 -1
    outer loop
      vertex -41.06066017177982 123.06066017177983 50
      vertex -41.38581929876693 122.57402514854763 50
      vertex -44.61418070123307 122.57402514854763 50
    endloop
  endfacet
  facet normal 0 0 -1
    outer loop
      vertex -50.542857142857144 131.5 50
      vertex -40 123.5 50
      vertex -40.57402514854763 123.38581929876693 50
    endloop
  endfacet
  facet normal 0 0 -1
    outer loop
      vertex -50.542857142857144 131.5 50
      vertex -39.42597485145237 123.38581929876693 50
      vertex -40 123.5 50
    endloop
  endfacet
  facet normal 0 0 1
    outer loop
      vertex -44.714285714285715 131.5 52
      vertex -47.06066017177982 123.06066017177983 52
      vertex -46.57402514854763 123.38581929876693 52
    endloop
  endfacet
  facet normal 0 0 1
    outer loop
      vertex -44.714285714285715 131.5 52
      vertex -46.57402514854763 123.38581929876693 52
      vertex -46 123.5 52
    endloop
  endfacet
  facet normal 0 0 1
    outer loop
      vertex -44.714285714285715 131.5 52
      vertex -46 123.5 52
      vertex -45.42597485145237 123.38581929876693 52
    endloop
  endfacet
  facet normal 0 0 1
    outer loop
      vertex -44.714285714285715 131.5 52
      vertex -45.42597485145237 123.38581929876693 52
      vertex -44.93933982822018 123.06066017177983 52
    endloop
  endfacet
  facet normal 0 0 1
    outer loop
      vertex -41.5 122 52
      vertex -44.61418070123307 122.57402514854763 52
      vertex -44.5 122 52
    endloop
  endfacet
  facet normal 0 0 1
    outer loop
      vertex -41.38581929876693 121.42597485145237 52
      vertex -44.5 122 52
      vertex -44.61418070123307 121.42597485145237 52
    endloop
  endfacet
  facet normal 0 0 1
    outer loop
      vertex -41.38581929876693 122.57402514854763 52
      vertex -44.93933982822018 123.06066017177983 52
      vertex -44.61418070123307 122.57402514854763 52
    endloop
  endfacet
  facet normal 0 0 1
    outer loop
      vertex -41.38581929876693 121.42597485145237 52
      vertex -41.5 122 52
      vertex -44.5 122 52
    endloop
  endfacet
  facet normal 0 0 1
    outer loop
      vertex -41.5 122 52
      vertex -41.38581929876693 122.57402514854763 52
      vertex -44.61418070123307 122.57402514854763 52
    endloop
  endfacet
  facet normal 0 0 1
    outer loop
      vertex -41.38581929876693 122.57402514854763 52
      vertex -41.06066017177982 123.06066017177983 52
      vertex -44.93933982822018 123.06066017177983 52
    endloop
  endfacet
  facet normal 0 0 1
    outer loop
      vertex -44.714285714285715 131.5 52
      vertex -44.93933982822018 123.06066017177983 52
      vertex -41.06066017177982 123.06066017177983 52
    endloop
  endfacet
  facet normal 0 0 1
    outer loop
      vertex -44.714285714285715 131.5 52
      vertex -41.06066017177982 123.06066017177983 52
      vertex -40.57402514854763 123.38581929876693 52
    endloop
  endfacet
  facet normal 0 0 1
    outer loop
      vertex -44.714285714285715 131.5 52
      vertex -40.57402514854763 123.38581929876693 52
      vertex -40 123.5 52
    endloop
  endfacet
  facet normal 0 0 1
    outer loop
      vertex -44.714285714285715 131.5 52
      vertex -40 123.5 52
      vertex -39.42597485145237 123.38581929876693 52
    endloop
  endfacet
  facet normal 0 0 -1
    outer loop
      vertex -61 134.5 50
      vertex -37.96715672757901 142.32121597344437 50
      vertex -37.32028728611782 141.11100836886277 50
    endloop
  endfacet
  facet normal 0 0 -1
    outer loop
      vertex -61 134.5 50
      vertex -36.44974746830583 140.05025253169418 50
      vertex -35.388991631137216 139.17971271388217 50
    endloop
  endfacet
  facet normal 0 0 -1
    outer loop
      vertex -61 134.5 50
      vertex -37.32028728611782 141.11100836886277 50
      vertex -36.44974746830583 140.05025253169418 50
    endloop
  endfacet
  facet normal 0 0 -1
    outer loop
      vertex -61 134.5 50
      vertex -38.36549696282261 143.63436774588712 50
      vertex -37.96715672757901 142.32121597344437 50
    endloop
  endfacet
  facet normal 0 0 -1
    outer loop
      vertex -61 134.5 50
      vertex -38.5 145 50
      vertex -38.36549696282261 143.63436774588712 50
    endloop
  endfacet
  facet normal 0 0 -1
    outer loop
      vertex -61 134.5 50
      vertex -34.178784026555626 138.532843272421 50
      vertex -25.611111111111114 134.5 50
    endloop
  endfacet
  facet normal 0 0 -1
    outer loop
      vertex -61 134.5 50
      vertex -35.388991631137216 139.17971271388217 50
      vertex -34.178784026555626 138.532843272421 50
    endloop
  endfacet
  facet normal 0 0 1
    outer loop
      vertex -61 134.5 52
      vertex -37.32028728611782 141.11100836886277 52
      vertex -37.96715672757901 142.32121597344437 52
    endloop
  endfacet
  facet normal 0 0 1
    outer loop
      vertex -61 134.5 52
      vertex -35.388991631137216 139.17971271388217 52
      vertex -36.44974746830583 140.05025253169418 52
    endloop
  endfacet
  facet normal 0 0 1
    outer loop
      vertex -61 134.5 52
      vertex -36.44974746830583 140.05025253169418 52
      vertex -37.32028728611782 141.11100836886277 52
    endloop
  endfacet
  facet normal 0 0 1
    outer loop
      vertex -61 134.5 52
      vertex -37.96715672757901 142.32121597344437 52
      vertex -38.36549696282261 143.63436774588712 52
    endloop
  endfacet
  facet normal 0 0 1
    outer loop
      vertex -61 134.5 52
      vertex -38.36549696282261 143.63436774588712 52
      vertex -38.5 145 52
    endloop
  endfacet
  facet normal 0 0 1
    outer loop
      vertex -61 134.5 52
      vertex -34.178784026555626 138.532843272421 52
      vertex -35.388991631137216 139.17971271388217 52
    endloop
  endfacet
  facet normal 0 0 1
    outer loop
      vertex -61 134.5 52
      vertex -32.865632254112896 138.13450303717738 52
      vertex -34.178784026555626 138.532843272421 52
    endloop
  endfacet
  facet normal 0 0 1
    outer loop
      vertex -61 134.5 52
      vertex -31.5 138 52
      vertex -32.865632254112896 138.13450303717738 52
    endloop
  endfacet
  facet normal 0 0 -1
    outer loop
      vertex -28.301587301587304 131.5 50
      vertex -44.93933982822018 114.93933982822018 50
      vertex -38.93933982822018 120.93933982822017 50
    endloop
  endfacet
  facet normal 0 0 -1
    outer loop
      vertex -28.301587301587304 131.5 50
      vertex -40.57402514854763 117.38581929876693 50
      vertex -41.06066017177982 117.06066017177983 50
    endloop
  endfacet
  facet normal 0 0 -1
    outer loop
      vertex -50.542857142857144 131.5 50
      vertex -28.301587301587304 131.5 50
      vertex -39.42597485145237 123.38581929876693 50
    endloop
  endfacet
  facet normal 0 0 -1
    outer loop
      vertex -28.301587301587304 131.5 50
      vertex -38.93933982822018 120.93933982822017 50
      vertex -38.61418070123307 121.42597485145237 50
    endloop
  endfacet
  facet normal 0 0 -1
    outer loop
      vertex -28.301587301587304 131.5 50
      vertex -38.61418070123307 121.42597485145237 50
      vertex -38.5 122 50
    endloop
  endfacet
  facet normal 0 0 -1
    outer loop
      vertex -28.301587301587304 131.5 50
      vertex -38.93933982822018 123.06066017177983 50
      vertex -39.42597485145237 123.38581929876693 50
    endloop
  endfacet
  facet normal 0 0 -1
    outer loop
      vertex -28.301587301587304 131.5 50
      vertex -38.61418070123307 122.57402514854763 50
      vertex -38.93933982822018 123.06066017177983 50
    endloop
  endfacet
  facet normal 0 0 -1
    outer loop
      vertex -28.301587301587304 131.5 50
      vertex -38.5 122 50
      vertex -38.61418070123307 122.57402514854763 50
    endloop
  endfacet
  facet normal 0 0 -1
    outer loop
      vertex -40.57402514854763 117.38581929876693 50
      vertex -28.301587301587304 131.5 50
      vertex -35.06066017177982 123.06066017177983 50
    endloop
  endfacet
  facet normal 0 0 -1
    outer loop
      vertex -34.57402514854763 123.38581929876693 50
      vertex -35.06066017177982 123.06066017177983 50
      vertex -28.301587301587304 131.5 50
    endloop
  endfacet
  facet normal 0 0 -1
    outer loop
      vertex -34 123.5 50
      vertex -34.57402514854763 123.38581929876693 50
      vertex -28.301587301587304 131.5 50
    endloop
  endfacet
  facet normal 0 0 1
    outer loop
      vertex -44.714285714285715 131.5 52
      vertex -39.42597485145237 123.38581929876693 52
      vertex -35.06066017177982 123.06066017177983 52
    endloop
  endfacet
  facet normal 0 0 1
    outer loop
      vertex -44.714285714285715 131.5 52
      vertex -35.06066017177982 123.06066017177983 52
      vertex -34.57402514854763 123.38581929876693 52
    endloop
  endfacet
  facet normal 0 0 1
    outer loop
      vertex -35.5 122 52
      vertex -38.61418070123307 122.57402514854763 52
      vertex -38.5 122 52
    endloop
  endfacet
  facet normal 0 0 1
    outer loop
      vertex -35.38581929876693 121.42597485145237 52
      vertex -38.5 122 52
      vertex -38.61418070123307 121.42597485145237 52
    endloop
  endfacet
  facet normal 0 0 1
    outer loop
      vertex -38.93933982822018 123.06066017177983 52
      vertex -35.06066017177982 123.06066017177983 52
      vertex -39.42597485145237 123.38581929876693 52
    endloop
  endfacet
  facet normal 0 0 1
    outer loop
      vertex -35.38581929876693 122.57402514854763 52
      vertex -38.93933982822018 123.06066017177983 52
      vertex -38.61418070123307 122.57402514854763 52
    endloop
  endfacet
  facet normal 0 0 1
    outer loop
      vertex -35.38581929876693 121.42597485145237 52
      vertex -35.5 122 52
      vertex -38.5 122 52
    endloop
  endfacet
  facet normal 0 0 1
    outer loop
      vertex -35.5 122 52
      vertex -35.38581929876693 122.57402514854763 52
      vertex -38.61418070123307 122.57402514854763 52
    endloop
  endfacet
  facet normal 0 0 1
    outer loop
      vertex -35.38581929876693 122.57402514854763 52
      vertex -35.06066017177982 123.06066017177983 52
      vertex -38.93933982822018 123.06066017177983 52
    endloop
  endfacet
  facet normal 0 0 1
    outer loop
      vertex -44.714285714285715 131.5 52
      vertex -34.57402514854763 123.38581929876693 52
      vertex -34 123.5 52
    endloop
  endfacet
  facet normal 0 0 -1
    outer loop
      vertex -61 134.5 50
      vertex -38.36549696282261 146.36563225411288 50
      vertex -38.5 145 50
    endloop
  endfacet
  facet normal 0 0 -1
    outer loop
      vertex -61 134.5 50
      vertex -37.96715672757901 147.67878402655563 50
      vertex -38.36549696282261 146.36563225411288 50
    endloop
  endfacet
  facet normal 0 0 -1
    outer loop
      vertex -37.32028728611782 148.88899163113723 50
      vertex -37.96715672757901 147.67878402655563 50
      vertex -61 157.5 50
    endloop
  endfacet
  facet normal 0 0 -1
    outer loop
      vertex -36.44974746830583 149.94974746830582 50
      vertex -37.32028728611782 148.88899163113723 50
      vertex -61 157.5 50
    endloop
  endfacet
  facet normal 0 0 1
    outer loop
      vertex -61 134.5 52
      vertex -38.5 145 52
      vertex -38.36549696282261 146.36563225411288 52
    endloop
  endfacet
  facet normal 0 0 1
    outer loop
      vertex -61 134.5 52
      vertex -38.36549696282261 146.36563225411288 52
      vertex -37.96715672757901 147.67878402655563 52
    endloop
  endfacet
  facet normal 0 0 1
    outer loop
      vertex -37.96715672757901 147.67878402655563 52
      vertex -37.32028728611782 148.88899163113723 52
      vertex -46.25 157.5 52
    endloop
  endfacet
  facet normal 0 0 1
    outer loop
      vertex -37.32028728611782 148.88899163113723 52
      vertex -36.44974746830583 149.94974746830582 52
      vertex -46.25 157.5 52
    endloop
  endfacet
  facet normal 0 0 -1
    outer loop
      vertex -61 157.5 50
      vertex -35.388991631137216 150.82028728611783 50
      vertex -36.44974746830583 149.94974746830582 50
    endloop
  endfacet
  facet normal 0 0 -1
    outer loop
      vertex -35.388991631137216 150.82028728611783 50
      vertex -61 157.5 50
      vertex -34.178784026555626 151.467156727579 50
    endloop
  endfacet
  facet normal 0 0 -1
    outer loop
      vertex -34.178784026555626 151.467156727579 50
      vertex -61 157.5 50
      vertex -32.865632254112896 151.86549696282262 50
    endloop
  endfacet
  facet normal 0 0 -1
    outer loop
      vertex -32.865632254112896 151.86549696282262 50
      vertex -61 157.5 50
      vertex -31.5 152 50
    endloop
  endfacet
  facet normal 0 0 -1
    outer loop
      vertex -31.5 152 50
      vertex -61 157.5 50
      vertex -30.1343677458871 151.86549696282262 50
    endloop
  endfacet
  facet normal 0 0 -1
    outer loop
      vertex -62.5 162.5 50
      vertex -2 160.5 50
      vertex -61 160.5 50
    endloop
  endfacet
  facet normal 0 1 0
    outer loop
      vertex -0.5 162.5 50
      vertex -62.5 162.5 50
      vertex -62.5 162.5 52
    endloop
  endfacet
  facet normal 0 0 1
    outer loop
      vertex -0.5 162.5 52
      vertex -62.5 162.5 52
      vertex -63 161.5 52
    endloop
  endfacet
  facet normal 0 0 1
    outer loop
      vertex -35.388991631137216 150.82028728611783 52
      vertex -46.25 157.5 52
      vertex -36.44974746830583 149.94974746830582 52
    endloop
  endfacet
  facet normal 0 0 1
    outer loop
      vertex -34.178784026555626 151.467156727579 52
      vertex -46.25 157.5 52
      vertex -35.388991631137216 150.82028728611783 52
    endloop
  endfacet
  facet normal 0 0 1
    outer loop
      vertex -32.865632254112896 151.86549696282262 52
      vertex -46.25 157.5 52
      vertex -34.178784026555626 151.467156727579 52
    endloop
  endfacet
  facet normal 0 0 1
    outer loop
      vertex -31.5 152 52
      vertex -46.25 157.5 52
      vertex -32.865632254112896 151.86549696282262 52
    endloop
  endfacet
  facet normal 0 0 1
    outer loop
      vertex -30.1343677458871 151.86549696282262 52
      vertex -46.25 157.5 52
      vertex -31.5 152 52
    endloop
  endfacet
  facet normal 0 0 1
    outer loop
      vertex -28.82121597344437 151.467156727579 52
      vertex -46.25 157.5 52
      vertex -30.1343677458871 151.86549696282262 52
    endloop
  endfacet
  facet normal 0 0 -1
    outer loop
      vertex 0.5 98 50
      vertex -55.5 98 50
      vertex -22 102.5 50
    endloop
  endfacet
  facet normal 0 -1 0
    outer loop
      vertex 0.5 98 50
      vertex 0.5 98 52
      vertex -55.5 98 50
    endloop
  endfacet
  facet normal 0 0 1
    outer loop
      vertex 1 99 52
      vertex -55.5 98 52
      vertex 0.5 98 52
    endloop
  endfacet
  facet normal 0 0 -1
    outer loop
      vertex -28.574025148547634 102.61418070123307 50
      vertex -34 102.5 50
      vertex -33.42597485145237 102.61418070123307 50
    endloop
  endfacet
  facet normal 0 0 -1
    outer loop
      vertex -29.060660171779823 102.93933982822018 50
      vertex -33.42597485145237 102.61418070123307 50
      vertex -32.93933982822018 102.93933982822018 50
    endloop
  endfacet
  facet normal 0 0 -1
    outer loop
      vertex -29.38581929876693 103.42597485145237 50
      vertex -32.93933982822018 102.93933982822018 50
      vertex -32.61418070123307 103.42597485145237 50
    endloop
  endfacet
  facet normal 0 0 -1
    outer loop
      vertex -28.574025148547634 102.61418070123307 50
      vertex -33.42597485145237 102.61418070123307 50
      vertex -29.060660171779823 102.93933982822018 50
    endloop
  endfacet
  facet normal 0 0 -1
    outer loop
      vertex -28 102.5 50
      vertex -34 102.5 50
      vertex -28.574025148547634 102.61418070123307 50
    endloop
  endfacet
  facet normal 0 0 -1
    outer loop
      vertex -29.060660171779823 102.93933982822018 50
      vertex -32.93933982822018 102.93933982822018 50
      vertex -29.38581929876693 103.42597485145237 50
    endloop
  endfacet
  facet normal 0 0 -1
    outer loop
      vertex -32.61418070123307 103.42597485145237 50
      vertex -32.5 104 50
      vertex -29.5 104 50
    endloop
  endfacet
  facet normal 0 0 -1
    outer loop
      vertex -29.38581929876693 104.57402514854763 50
      vertex -32.5 104 50
      vertex -32.61418070123307 104.57402514854763 50
    endloop
  endfacet
  facet normal 0 0 -1
    outer loop
      vertex -29.060660171779823 105.06066017177982 50
      vertex -32.61418070123307 104.57402514854763 50
      vertex -32.93933982822018 105.06066017177982 50
    endloop
  endfacet
  facet normal 0 0 -1
    outer loop
      vertex -29.5 104 50
      vertex -29.38581929876693 103.42597485145237 50
      vertex -32.61418070123307 103.42597485145237 50
    endloop
  endfacet
  facet normal 0 0 -1
    outer loop
      vertex -29.38581929876693 104.57402514854763 50
      vertex -29.5 104 50
      vertex -32.5 104 50
    endloop
  endfacet
  facet normal 0 0 -1
    outer loop
      vertex -29.060660171779823 105.06066017177982 50
      vertex -29.38581929876693 104.57402514854763 50
      vertex -32.61418070123307 104.57402514854763 50
    endloop
  endfacet
  facet normal 0 0 -1
    outer loop
      vertex -32.93933982822018 105.06066017177982 50
      vertex -33.42597485145237 108.61418070123307 50
      vertex -29.060660171779823 105.06066017177982 50
    endloop
  endfacet
  facet normal 0 0 -1
    outer loop
      vertex -29.060660171779823 105.06066017177982 50
      vertex -33.42597485145237 108.61418070123307 50
      vertex -32.93933982822018 108.93933982822018 50
    endloop
  endfacet
  facet normal 0 0 -1
    outer loop
      vertex -28.574025148547634 105.38581929876693 50
      vertex -29.060660171779823 105.06066017177982 50
      vertex -32.93933982822018 108.93933982822018 50
    endloop
  endfacet
  facet normal 0 0 -1
    outer loop
      vertex -29.060660171779823 108.93933982822018 50
      vertex -28.574025148547634 105.38581929876693 50
      vertex -32.93933982822018 108.93933982822018 50
    endloop
  endfacet
  facet normal 0 0 -1
    outer loop
      vertex -29.38581929876693 109.42597485145237 50
      vertex -32.93933982822018 108.93933982822018 50
      vertex -32.61418070123307 109.42597485145237 50
    endloop
  endfacet
  facet normal 0 0 -1
    outer loop
      vertex -32.61418070123307 109.42597485145237 50
      vertex -32.5 110 50
      vertex -29.5 110 50
    endloop
  endfacet
  facet normal 0 0 -1
    outer loop
      vertex -29.060660171779823 111.06066017177982 50
      vertex -32.61418070123307 110.57402514854763 50
      vertex -32.93933982822018 111.06066017177982 50
    endloop
  endfacet
  facet normal 0 0 -1
    outer loop
      vertex -29.38581929876693 110.57402514854763 50
      vertex -32.5 110 50
      vertex -32.61418070123307 110.57402514854763 50
    endloop
  endfacet
  facet normal 0 0 -1
    outer loop
      vertex -29.060660171779823 108.93933982822018 50
      vertex -32.93933982822018 108.93933982822018 50
      vertex -29.38581929876693 109.42597485145237 50
    endloop
  endfacet
  facet normal 0 0 -1
    outer loop
      vertex -29.5 110 50
      vertex -29.38581929876693 109.42597485145237 50
      vertex -32.61418070123307 109.42597485145237 50
    endloop
  endfacet
  facet normal 0 0 -1
    outer loop
      vertex -29.38581929876693 110.57402514854763 50
      vertex -29.5 110 50
      vertex -32.5 110 50
    endloop
  endfacet
  facet normal 0 0 -1
    outer loop
      vertex -29.060660171779823 111.06066017177982 50
      vertex -29.38581929876693 110.57402514854763 50
      vertex -32.61418070123307 110.57402514854763 50
    endloop
  endfacet
  facet normal 0 0 -1
    outer loop
      vertex -28.574025148547634 105.38581929876693 50
      vertex -28.574025148547634 108.61418070123307 50
      vertex -28 105.5 50
    endloop
  endfacet
  facet normal 0 0 -1
    outer loop
      vertex -28.574025148547634 105.38581929876693 50
      vertex -29.060660171779823 108.93933982822018 50
      vertex -28.574025148547634 108.61418070123307 50
    endloop
  endfacet
  facet normal 0 0 -1
    outer loop
      vertex -28 105.5 50
      vertex -28.574025148547634 108.61418070123307 50
      vertex -28 108.5 50
    endloop
  endfacet
  facet normal 0 0 -1
    outer loop
      vertex -22.574025148547634 102.61418070123307 50
      vertex -28 102.5 50
      vertex -27.425974851452366 102.61418070123307 50
    endloop
  endfacet
  facet normal 0 0 -1
    outer loop
      vertex -23.060660171779823 102.93933982822018 50
      vertex -27.425974851452366 102.61418070123307 50
      vertex -26.939339828220177 102.93933982822018 50
    endloop
  endfacet
  facet normal 0 0 -1
    outer loop
      vertex -23.38581929876693 103.42597485145237 50
      vertex -26.939339828220177 102.93933982822018 50
      vertex -26.61418070123307 103.42597485145237 50
    endloop
  endfacet
  facet normal 0 0 -1
    outer loop
      vertex -22.574025148547634 102.61418070123307 50
      vertex -27.425974851452366 102.61418070123307 50
      vertex -23.060660171779823 102.93933982822018 50
    endloop
  endfacet
  facet normal 0 0 -1
    outer loop
      vertex -23.060660171779823 102.93933982822018 50
      vertex -26.939339828220177 102.93933982822018 50
      vertex -23.38581929876693 103.42597485145237 50
    endloop
  endfacet
  facet normal 0 0 -1
    outer loop
      vertex -23.5 104 50
      vertex -26.61418070123307 103.42597485145237 50
      vertex -26.5 104 50
    endloop
  endfacet
  facet normal 0 0 -1
    outer loop
      vertex -23.38581929876693 104.57402514854763 50
      vertex -26.5 104 50
      vertex -26.61418070123307 104.57402514854763 50
    endloop
  endfacet
  facet normal 0 0 -1
    outer loop
      vertex -23.060660171779823 105.06066017177982 50
      vertex -26.61418070123307 104.57402514854763 50
      vertex -26.939339828220177 105.06066017177982 50
    endloop
  endfacet
  facet normal 0 0 -1
    outer loop
      vertex -23.5 104 50
      vertex -23.38581929876693 103.42597485145237 50
      vertex -26.61418070123307 103.42597485145237 50
    endloop
  endfacet
  facet normal 0 0 -1
    outer loop
      vertex -23.38581929876693 104.57402514854763 50
      vertex -23.5 104 50
      vertex -26.5 104 50
    endloop
  endfacet
  facet normal 0 0 -1
    outer loop
      vertex -23.060660171779823 105.06066017177982 50
      vertex -23.38581929876693 104.57402514854763 50
      vertex -26.61418070123307 104.57402514854763 50
    endloop
  endfacet
  facet normal 0 0 -1
    outer loop
      vertex -28 105.5 50
      vertex -28 108.5 50
      vertex -27.425974851452366 105.38581929876693 50
    endloop
  endfacet
  facet normal 0 0 -1
    outer loop
      vertex -27.425974851452366 105.38581929876693 50
      vertex -27.425974851452366 108.61418070123307 50
      vertex -26.939339828220177 105.06066017177982 50
    endloop
  endfacet
  facet normal 0 0 -1
    outer loop
      vertex -27.425974851452366 105.38581929876693 50
      vertex -28 108.5 50
      vertex -27.425974851452366 108.61418070123307 50
    endloop
  endfacet
  facet normal 0 0 -1
    outer loop
      vertex -26.939339828220177 105.06066017177982 50
      vertex -27.425974851452366 108.61418070123307 50
      vertex -23.060660171779823 105.06066017177982 50
    endloop
  endfacet
  facet normal 0 0 -1
    outer loop
      vertex -23.060660171779823 105.06066017177982 50
      vertex -27.425974851452366 108.61418070123307 50
      vertex -26.939339828220177 108.93933982822018 50
    endloop
  endfacet
  facet normal 0 0 -1
    outer loop
      vertex -22.574025148547634 105.38581929876693 50
      vertex -23.060660171779823 105.06066017177982 50
      vertex -26.939339828220177 108.93933982822018 50
    endloop
  endfacet
  facet normal 0 0 -1
    outer loop
      vertex -23.060660171779823 108.93933982822018 50
      vertex -22.574025148547634 105.38581929876693 50
      vertex -26.939339828220177 108.93933982822018 50
    endloop
  endfacet
  facet normal 0 0 -1
    outer loop
      vertex -23.38581929876693 109.42597485145237 50
      vertex -26.939339828220177 108.93933982822018 50
      vertex -26.61418070123307 109.42597485145237 50
    endloop
  endfacet
  facet normal 0 0 -1
    outer loop
      vertex -23.5 110 50
      vertex -26.61418070123307 109.42597485145237 50
      vertex -26.5 110 50
    endloop
  endfacet
  facet normal 0 0 -1
    outer loop
      vertex -23.060660171779823 111.06066017177982 50
      vertex -26.61418070123307 110.57402514854763 50
      vertex -26.939339828220177 111.06066017177982 50
    endloop
  endfacet
  facet normal 0 0 -1
    outer loop
      vertex -23.38581929876693 110.57402514854763 50
      vertex -26.5 110 50
      vertex -26.61418070123307 110.57402514854763 50
    endloop
  endfacet
  facet normal 0 0 -1
    outer loop
      vertex -23.060660171779823 108.93933982822018 50
      vertex -26.939339828220177 108.93933982822018 50
      vertex -23.38581929876693 109.42597485145237 50
    endloop
  endfacet
  facet normal 0 0 -1
    outer loop
      vertex -23.5 110 50
      vertex -23.38581929876693 109.42597485145237 50
      vertex -26.61418070123307 109.42597485145237 50
    endloop
  endfacet
  facet normal 0 0 -1
    outer loop
      vertex -23.38581929876693 110.57402514854763 50
      vertex -23.5 110 50
      vertex -26.5 110 50
    endloop
  endfacet
  facet normal 0 0 -1
    outer loop
      vertex -23.060660171779823 111.06066017177982 50
      vertex -23.38581929876693 110.57402514854763 50
      vertex -26.61418070123307 110.57402514854763 50
    endloop
  endfacet
  facet normal 0 0 1
    outer loop
      vertex -28 102.5 52
      vertex -33.42597485145237 102.61418070123307 52
      vertex -34 102.5 52
    endloop
  endfacet
  facet normal 0 0 1
    outer loop
      vertex -28.574025148547634 102.61418070123307 52
      vertex -32.93933982822018 102.93933982822018 52
      vertex -33.42597485145237 102.61418070123307 52
    endloop
  endfacet
  facet normal 0 0 1
    outer loop
      vertex -29.060660171779823 102.93933982822018 52
      vertex -32.61418070123307 103.42597485145237 52
      vertex -32.93933982822018 102.93933982822018 52
    endloop
  endfacet
  facet normal 0 0 1
    outer loop
      vertex -29.060660171779823 102.93933982822018 52
      vertex -29.38581929876693 103.42597485145237 52
      vertex -32.61418070123307 103.42597485145237 52
    endloop
  endfacet
  facet normal 0 0 1
    outer loop
      vertex -29.060660171779823 102.93933982822018 52
      vertex -32.93933982822018 102.93933982822018 52
      vertex -28.574025148547634 102.61418070123307 52
    endloop
  endfacet
  facet normal 0 0 1
    outer loop
      vertex -32.61418070123307 104.57402514854763 52
      vertex -32.5 104 52
      vertex -29.5 104 52
    endloop
  endfacet
  facet normal 0 0 1
    outer loop
      vertex -29.38581929876693 103.42597485145237 52
      vertex -32.5 104 52
      vertex -32.61418070123307 103.42597485145237 52
    endloop
  endfacet
  facet normal 0 0 1
    outer loop
      vertex -32.93933982822018 105.06066017177982 52
      vertex -29.060660171779823 105.06066017177982 52
      vertex -33.42597485145237 105.38581929876693 52
    endloop
  endfacet
  facet normal 0 0 1
    outer loop
      vertex -29.38581929876693 104.57402514854763 52
      vertex -32.93933982822018 105.06066017177982 52
      vertex -32.61418070123307 104.57402514854763 52
    endloop
  endfacet
  facet normal 0 0 1
    outer loop
      vertex -29.38581929876693 103.42597485145237 52
      vertex -29.5 104 52
      vertex -32.5 104 52
    endloop
  endfacet
  facet normal 0 0 1
    outer loop
      vertex -32.61418070123307 104.57402514854763 52
      vertex -29.5 104 52
      vertex -29.38581929876693 104.57402514854763 52
    endloop
  endfacet
  facet normal 0 0 1
    outer loop
      vertex -29.38581929876693 104.57402514854763 52
      vertex -29.060660171779823 105.06066017177982 52
      vertex -32.93933982822018 105.06066017177982 52
    endloop
  endfacet
  facet normal 0 0 1
    outer loop
      vertex -28.574025148547634 105.38581929876693 52
      vertex -33.42597485145237 105.38581929876693 52
      vertex -29.060660171779823 105.06066017177982 52
    endloop
  endfacet
  facet normal 0 0 1
    outer loop
      vertex -28.574025148547634 102.61418070123307 52
      vertex -33.42597485145237 102.61418070123307 52
      vertex -28 102.5 52
    endloop
  endfacet
  facet normal 0 0 1
    outer loop
      vertex -28.574025148547634 108.61418070123307 52
      vertex -34 105.5 52
      vertex -33.42597485145237 105.38581929876693 52
    endloop
  endfacet
  facet normal 0 0 1
    outer loop
      vertex -28.574025148547634 108.61418070123307 52
      vertex -33.42597485145237 108.61418070123307 52
      vertex -34 105.5 52
    endloop
  endfacet
  facet normal 0 0 1
    outer loop
      vertex -28.574025148547634 105.38581929876693 52
      vertex -28.574025148547634 108.61418070123307 52
      vertex -33.42597485145237 105.38581929876693 52
    endloop
  endfacet
  facet normal 0 0 1
    outer loop
      vertex -28.574025148547634 108.61418070123307 52
      vertex -32.93933982822018 108.93933982822018 52
      vertex -33.42597485145237 108.61418070123307 52
    endloop
  endfacet
  facet normal 0 0 1
    outer loop
      vertex -29.060660171779823 108.93933982822018 52
      vertex -32.61418070123307 109.42597485145237 52
      vertex -32.93933982822018 108.93933982822018 52
    endloop
  endfacet
  facet normal 0 0 1
    outer loop
      vertex -29.38581929876693 109.42597485145237 52
      vertex -32.5 110 52
      vertex -32.61418070123307 109.42597485145237 52
    endloop
  endfacet
  facet normal 0 0 1
    outer loop
      vertex -32.61418070123307 110.57402514854763 52
      vertex -32.5 110 52
      vertex -29.5 110 52
    endloop
  endfacet
  facet normal 0 0 1
    outer loop
      vertex -29.38581929876693 110.57402514854763 52
      vertex -32.93933982822018 111.06066017177982 52
      vertex -32.61418070123307 110.57402514854763 52
    endloop
  endfacet
  facet normal 0 0 1
    outer loop
      vertex -29.060660171779823 108.93933982822018 52
      vertex -32.93933982822018 108.93933982822018 52
      vertex -28.574025148547634 108.61418070123307 52
    endloop
  endfacet
  facet normal 0 0 1
    outer loop
      vertex -29.060660171779823 108.93933982822018 52
      vertex -29.38581929876693 109.42597485145237 52
      vertex -32.61418070123307 109.42597485145237 52
    endloop
  endfacet
  facet normal 0 0 1
    outer loop
      vertex -29.38581929876693 109.42597485145237 52
      vertex -29.5 110 52
      vertex -32.5 110 52
    endloop
  endfacet
  facet normal 0 0 1
    outer loop
      vertex -29.5 110 52
      vertex -29.38581929876693 110.57402514854763 52
      vertex -32.61418070123307 110.57402514854763 52
    endloop
  endfacet
  facet normal 0 0 1
    outer loop
      vertex -29.38581929876693 110.57402514854763 52
      vertex -29.060660171779823 111.06066017177982 52
      vertex -32.93933982822018 111.06066017177982 52
    endloop
  endfacet
  facet normal 0 0 1
    outer loop
      vertex -28 105.5 52
      vertex -28 108.5 52
      vertex -28.574025148547634 105.38581929876693 52
    endloop
  endfacet
  facet normal 0 0 1
    outer loop
      vertex -28.574025148547634 105.38581929876693 52
      vertex -28 108.5 52
      vertex -28.574025148547634 108.61418070123307 52
    endloop
  endfacet
  facet normal 0 0 1
    outer loop
      vertex 0 100 52
      vertex -22 102.5 52
      vertex -55 100 52
    endloop
  endfacet
  facet normal 0 0 1
    outer loop
      vertex -22 102.5 52
      vertex -27.425974851452366 102.61418070123307 52
      vertex -28 102.5 52
    endloop
  endfacet
  facet normal 0 0 1
    outer loop
      vertex -22.574025148547634 102.61418070123307 52
      vertex -26.939339828220177 102.93933982822018 52
      vertex -27.425974851452366 102.61418070123307 52
    endloop
  endfacet
  facet normal 0 0 1
    outer loop
      vertex -23.060660171779823 102.93933982822018 52
      vertex -26.61418070123307 103.42597485145237 52
      vertex -26.939339828220177 102.93933982822018 52
    endloop
  endfacet
  facet normal 0 0 1
    outer loop
      vertex -23.060660171779823 102.93933982822018 52
      vertex -23.38581929876693 103.42597485145237 52
      vertex -26.61418070123307 103.42597485145237 52
    endloop
  endfacet
  facet normal 0 0 1
    outer loop
      vertex -23.060660171779823 102.93933982822018 52
      vertex -26.939339828220177 102.93933982822018 52
      vertex -22.574025148547634 102.61418070123307 52
    endloop
  endfacet
  facet normal 0 0 1
    outer loop
      vertex -23.5 104 52
      vertex -26.61418070123307 104.57402514854763 52
      vertex -26.5 104 52
    endloop
  endfacet
  facet normal 0 0 1
    outer loop
      vertex -23.38581929876693 103.42597485145237 52
      vertex -26.5 104 52
      vertex -26.61418070123307 103.42597485145237 52
    endloop
  endfacet
  facet normal 0 0 1
    outer loop
      vertex -27.425974851452366 105.38581929876693 52
      vertex -26.939339828220177 105.06066017177982 52
      vertex -23.060660171779823 105.06066017177982 52
    endloop
  endfacet
  facet normal 0 0 1
    outer loop
      vertex -23.38581929876693 104.57402514854763 52
      vertex -26.939339828220177 105.06066017177982 52
      vertex -26.61418070123307 104.57402514854763 52
    endloop
  endfacet
  facet normal 0 0 1
    outer loop
      vertex -23.38581929876693 103.42597485145237 52
      vertex -23.5 104 52
      vertex -26.5 104 52
    endloop
  endfacet
  facet normal 0 0 1
    outer loop
      vertex -23.5 104 52
      vertex -23.38581929876693 104.57402514854763 52
      vertex -26.61418070123307 104.57402514854763 52
    endloop
  endfacet
  facet normal 0 0 1
    outer loop
      vertex -23.38581929876693 104.57402514854763 52
      vertex -23.060660171779823 105.06066017177982 52
      vertex -26.939339828220177 105.06066017177982 52
    endloop
  endfacet
  facet normal 0 0 1
    outer loop
      vertex -27.425974851452366 105.38581929876693 52
      vertex -23.060660171779823 105.06066017177982 52
      vertex -22.574025148547634 105.38581929876693 52
    endloop
  endfacet
  facet normal 0 0 1
    outer loop
      vertex -27.425974851452366 105.38581929876693 52
      vertex -27.425974851452366 108.61418070123307 52
      vertex -28 105.5 52
    endloop
  endfacet
  facet normal 0 0 1
    outer loop
      vertex -28 105.5 52
      vertex -27.425974851452366 108.61418070123307 52
      vertex -28 108.5 52
    endloop
  endfacet
  facet normal 0 0 1
    outer loop
      vertex -22.574025148547634 108.61418070123307 52
      vertex -27.425974851452366 108.61418070123307 52
      vertex -27.425974851452366 105.38581929876693 52
    endloop
  endfacet
  facet normal 0 0 1
    outer loop
      vertex -22.574025148547634 108.61418070123307 52
      vertex -26.939339828220177 108.93933982822018 52
      vertex -27.425974851452366 108.61418070123307 52
    endloop
  endfacet
  facet normal 0 0 1
    outer loop
      vertex -23.060660171779823 108.93933982822018 52
      vertex -26.61418070123307 109.42597485145237 52
      vertex -26.939339828220177 108.93933982822018 52
    endloop
  endfacet
  facet normal 0 0 1
    outer loop
      vertex -23.38581929876693 109.42597485145237 52
      vertex -26.5 110 52
      vertex -26.61418070123307 109.42597485145237 52
    endloop
  endfacet
  facet normal 0 0 1
    outer loop
      vertex -23.5 110 52
      vertex -26.61418070123307 110.57402514854763 52
      vertex -26.5 110 52
    endloop
  endfacet
  facet normal 0 0 1
    outer loop
      vertex -23.38581929876693 110.57402514854763 52
      vertex -26.939339828220177 111.06066017177982 52
      vertex -26.61418070123307 110.57402514854763 52
    endloop
  endfacet
  facet normal 0 0 1
    outer loop
      vertex -23.060660171779823 108.93933982822018 52
      vertex -26.939339828220177 108.93933982822018 52
      vertex -22.574025148547634 108.61418070123307 52
    endloop
  endfacet
  facet normal 0 0 1
    outer loop
      vertex -23.060660171779823 108.93933982822018 52
      vertex -23.38581929876693 109.42597485145237 52
      vertex -26.61418070123307 109.42597485145237 52
    endloop
  endfacet
  facet normal 0 0 1
    outer loop
      vertex -23.38581929876693 109.42597485145237 52
      vertex -23.5 110 52
      vertex -26.5 110 52
    endloop
  endfacet
  facet normal 0 0 1
    outer loop
      vertex -23.5 110 52
      vertex -23.38581929876693 110.57402514854763 52
      vertex -26.61418070123307 110.57402514854763 52
    endloop
  endfacet
  facet normal 0 0 1
    outer loop
      vertex -23.38581929876693 110.57402514854763 52
      vertex -23.060660171779823 111.06066017177982 52
      vertex -26.939339828220177 111.06066017177982 52
    endloop
  endfacet
  facet normal 0 0 -1
    outer loop
      vertex -33.42597485145237 111.38581929876693 50
      vertex -29.38581929876693 115.42597485145237 50
      vertex -32.93933982822018 111.06066017177982 50
    endloop
  endfacet
  facet normal 0 0 -1
    outer loop
      vertex -29.060660171779823 114.93933982822018 50
      vertex -29.060660171779823 111.06066017177982 50
      vertex -32.93933982822018 111.06066017177982 50
    endloop
  endfacet
  facet normal 0 0 -1
    outer loop
      vertex -32.93933982822018 114.93933982822018 50
      vertex -32.61418070123307 115.42597485145237 50
      vertex -29.060660171779823 117.06066017177983 50
    endloop
  endfacet
  facet normal 0 0 -1
    outer loop
      vertex -29.060660171779823 117.06066017177983 50
      vertex -29.38581929876693 116.57402514854763 50
      vertex -34.57402514854763 111.38581929876693 50
    endloop
  endfacet
  facet normal 0 0 -1
    outer loop
      vertex -32.5 116 50
      vertex -29.060660171779823 117.06066017177983 50
      vertex -32.61418070123307 115.42597485145237 50
    endloop
  endfacet
  facet normal 0 0 -1
    outer loop
      vertex -29.5 116 50
      vertex -29.38581929876693 115.42597485145237 50
      vertex -34 111.5 50
    endloop
  endfacet
  facet normal 0 0 -1
    outer loop
      vertex -29.38581929876693 116.57402514854763 50
      vertex -29.5 116 50
      vertex -34 111.5 50
    endloop
  endfacet
  facet normal 0 0 -1
    outer loop
      vertex -29.060660171779823 114.93933982822018 50
      vertex -32.93933982822018 111.06066017177982 50
      vertex -29.38581929876693 115.42597485145237 50
    endloop
  endfacet
  facet normal 0 0 -1
    outer loop
      vertex -29.060660171779823 114.93933982822018 50
      vertex -28.574025148547634 111.38581929876693 50
      vertex -29.060660171779823 111.06066017177982 50
    endloop
  endfacet
  facet normal 0 0 -1
    outer loop
      vertex -28.574025148547634 111.38581929876693 50
      vertex -29.060660171779823 114.93933982822018 50
      vertex -28.574025148547634 114.61418070123307 50
    endloop
  endfacet
  facet normal 0 0 -1
    outer loop
      vertex -28.574025148547634 111.38581929876693 50
      vertex -28.574025148547634 114.61418070123307 50
      vertex -28 111.5 50
    endloop
  endfacet
  facet normal 0 0 -1
    outer loop
      vertex -28 111.5 50
      vertex -28.574025148547634 114.61418070123307 50
      vertex -28 114.5 50
    endloop
  endfacet
  facet normal 0 0 -1
    outer loop
      vertex -33.42597485145237 117.38581929876693 50
      vertex -29.38581929876693 121.42597485145237 50
      vertex -32.93933982822018 117.06066017177983 50
    endloop
  endfacet
  facet normal 0 0 -1
    outer loop
      vertex -32.61418070123307 116.57402514854763 50
      vertex -32.93933982822018 117.06066017177983 50
      vertex -28.574025148547634 120.61418070123307 50
    endloop
  endfacet
  facet normal 0 0 -1
    outer loop
      vertex -32.5 116 50
      vertex -32.61418070123307 116.57402514854763 50
      vertex -27.425974851452366 120.61418070123307 50
    endloop
  endfacet
  facet normal 0 0 -1
    outer loop
      vertex -32.93933982822018 120.93933982822017 50
      vertex -32.61418070123307 121.42597485145237 50
      vertex -29.38581929876693 121.42597485145237 50
    endloop
  endfacet
  facet normal 0 0 -1
    outer loop
      vertex -32.93933982822018 117.06066017177983 50
      vertex -29.38581929876693 121.42597485145237 50
      vertex -29.060660171779823 120.93933982822017 50
    endloop
  endfacet
  facet normal 0 0 -1
    outer loop
      vertex -32.93933982822018 117.06066017177983 50
      vertex -29.060660171779823 120.93933982822017 50
      vertex -28.574025148547634 120.61418070123307 50
    endloop
  endfacet
  facet normal 0 0 -1
    outer loop
      vertex -32.5 116 50
      vertex -23.060660171779823 123.06066017177983 50
      vertex -29.060660171779823 117.06066017177983 50
    endloop
  endfacet
  facet normal 0 0 -1
    outer loop
      vertex -32.61418070123307 116.57402514854763 50
      vertex -28.574025148547634 120.61418070123307 50
      vertex -28 120.5 50
    endloop
  endfacet
  facet normal 0 0 -1
    outer loop
      vertex -32.61418070123307 116.57402514854763 50
      vertex -28 120.5 50
      vertex -27.425974851452366 120.61418070123307 50
    endloop
  endfacet
  facet normal 0 0 -1
    outer loop
      vertex -32.5 116 50
      vertex -27.425974851452366 120.61418070123307 50
      vertex -26.939339828220177 120.93933982822017 50
    endloop
  endfacet
  facet normal 0 0 -1
    outer loop
      vertex -27.425974851452366 111.38581929876693 50
      vertex -27.425974851452366 114.61418070123307 50
      vertex -26.939339828220177 111.06066017177982 50
    endloop
  endfacet
  facet normal 0 0 -1
    outer loop
      vertex -28 111.5 50
      vertex -28 114.5 50
      vertex -27.425974851452366 111.38581929876693 50
    endloop
  endfacet
  facet normal 0 0 -1
    outer loop
      vertex -27.425974851452366 111.38581929876693 50
      vertex -28 114.5 50
      vertex -27.425974851452366 114.61418070123307 50
    endloop
  endfacet
  facet normal 0 0 -1
    outer loop
      vertex -26.939339828220177 111.06066017177982 50
      vertex -27.425974851452366 114.61418070123307 50
      vertex -23.060660171779823 111.06066017177982 50
    endloop
  endfacet
  facet normal 0 0 -1
    outer loop
      vertex -23.060660171779823 111.06066017177982 50
      vertex -27.425974851452366 114.61418070123307 50
      vertex -26.939339828220177 114.93933982822018 50
    endloop
  endfacet
  facet normal 0 0 -1
    outer loop
      vertex -23.060660171779823 111.06066017177982 50
      vertex -26.939339828220177 114.93933982822018 50
      vertex -22.574025148547634 111.38581929876693 50
    endloop
  endfacet
  facet normal 0 0 -1
    outer loop
      vertex -23.38581929876693 115.42597485145237 50
      vertex -26.939339828220177 114.93933982822018 50
      vertex -26.61418070123307 115.42597485145237 50
    endloop
  endfacet
  facet normal 0 0 -1
    outer loop
      vertex -23.5 116 50
      vertex -26.61418070123307 115.42597485145237 50
      vertex -26.5 116 50
    endloop
  endfacet
  facet normal 0 0 -1
    outer loop
      vertex -23.060660171779823 114.93933982822018 50
      vertex -22.574025148547634 111.38581929876693 50
      vertex -26.939339828220177 114.93933982822018 50
    endloop
  endfacet
  facet normal 0 0 -1
    outer loop
      vertex -23.060660171779823 114.93933982822018 50
      vertex -26.939339828220177 114.93933982822018 50
      vertex -23.38581929876693 115.42597485145237 50
    endloop
  endfacet
  facet normal 0 0 -1
    outer loop
      vertex -23.5 116 50
      vertex -23.38581929876693 115.42597485145237 50
      vertex -26.61418070123307 115.42597485145237 50
    endloop
  endfacet
  facet normal 0 0 -1
    outer loop
      vertex -23.38581929876693 116.57402514854763 50
      vertex -23.5 116 50
      vertex -26.5 116 50
    endloop
  endfacet
  facet normal 0 0 -1
    outer loop
      vertex -23.060660171779823 123.06066017177983 50
      vertex -28.574025148547634 117.38581929876693 50
      vertex -29.060660171779823 117.06066017177983 50
    endloop
  endfacet
  facet normal 0 0 -1
    outer loop
      vertex -23.38581929876693 122.57402514854763 50
      vertex -28 117.5 50
      vertex -28.574025148547634 117.38581929876693 50
    endloop
  endfacet
  facet normal 0 0 -1
    outer loop
      vertex -23.5 122 50
      vertex -27.425974851452366 117.38581929876693 50
      vertex -28 117.5 50
    endloop
  endfacet
  facet normal 0 0 -1
    outer loop
      vertex -23.060660171779823 117.06066017177983 50
      vertex -26.61418070123307 116.57402514854763 50
      vertex -26.939339828220177 117.06066017177983 50
    endloop
  endfacet
  facet normal 0 0 -1
    outer loop
      vertex -22.574025148547634 117.38581929876693 50
      vertex -26.939339828220177 117.06066017177983 50
      vertex -27.425974851452366 117.38581929876693 50
    endloop
  endfacet
  facet normal 0 0 -1
    outer loop
      vertex -23.38581929876693 116.57402514854763 50
      vertex -26.5 116 50
      vertex -26.61418070123307 116.57402514854763 50
    endloop
  endfacet
  facet normal 0 0 -1
    outer loop
      vertex -23.060660171779823 117.06066017177983 50
      vertex -23.38581929876693 116.57402514854763 50
      vertex -26.61418070123307 116.57402514854763 50
    endloop
  endfacet
  facet normal 0 0 -1
    outer loop
      vertex -23.060660171779823 117.06066017177983 50
      vertex -26.939339828220177 117.06066017177983 50
      vertex -22.574025148547634 117.38581929876693 50
    endloop
  endfacet
  facet normal 0 0 -1
    outer loop
      vertex -22.574025148547634 117.38581929876693 50
      vertex -27.425974851452366 117.38581929876693 50
      vertex -22.574025148547634 120.61418070123307 50
    endloop
  endfacet
  facet normal 0 0 -1
    outer loop
      vertex -23.060660171779823 123.06066017177983 50
      vertex -23.38581929876693 122.57402514854763 50
      vertex -28.574025148547634 117.38581929876693 50
    endloop
  endfacet
  facet normal 0 0 -1
    outer loop
      vertex -23.060660171779823 120.93933982822017 50
      vertex -27.425974851452366 117.38581929876693 50
      vertex -23.38581929876693 121.42597485145237 50
    endloop
  endfacet
  facet normal 0 0 -1
    outer loop
      vertex -22.574025148547634 120.61418070123307 50
      vertex -27.425974851452366 117.38581929876693 50
      vertex -23.060660171779823 120.93933982822017 50
    endloop
  endfacet
  facet normal 0 0 -1
    outer loop
      vertex -23.5 122 50
      vertex -23.38581929876693 121.42597485145237 50
      vertex -27.425974851452366 117.38581929876693 50
    endloop
  endfacet
  facet normal 0 0 -1
    outer loop
      vertex -23.38581929876693 122.57402514854763 50
      vertex -23.5 122 50
      vertex -28 117.5 50
    endloop
  endfacet
  facet normal 0 0 1
    outer loop
      vertex -29.060660171779823 114.93933982822018 52
      vertex -33.42597485145237 111.38581929876693 52
      vertex -32.93933982822018 111.06066017177982 52
    endloop
  endfacet
  facet normal 0 0 1
    outer loop
      vertex -28.574025148547634 114.61418070123307 52
      vertex -32.93933982822018 111.06066017177982 52
      vertex -29.060660171779823 111.06066017177982 52
    endloop
  endfacet
  facet normal 0 0 1
    outer loop
      vertex -29.060660171779823 114.93933982822018 52
      vertex -32.93933982822018 111.06066017177982 52
      vertex -28.574025148547634 114.61418070123307 52
    endloop
  endfacet
  facet normal 0 0 1
    outer loop
      vertex -29.060660171779823 114.93933982822018 52
      vertex -32.93933982822018 114.93933982822018 52
      vertex -33.42597485145237 111.38581929876693 52
    endloop
  endfacet
  facet normal 0 0 1
    outer loop
      vertex -29.060660171779823 114.93933982822018 52
      vertex -32.61418070123307 115.42597485145237 52
      vertex -32.93933982822018 114.93933982822018 52
    endloop
  endfacet
  facet normal 0 0 1
    outer loop
      vertex -29.5 116 52
      vertex -32.61418070123307 116.57402514854763 52
      vertex -32.5 116 52
    endloop
  endfacet
  facet normal 0 0 1
    outer loop
      vertex -29.38581929876693 115.42597485145237 52
      vertex -32.5 116 52
      vertex -32.61418070123307 115.42597485145237 52
    endloop
  endfacet
  facet normal 0 0 1
    outer loop
      vertex -29.060660171779823 114.93933982822018 52
      vertex -29.38581929876693 115.42597485145237 52
      vertex -32.61418070123307 115.42597485145237 52
    endloop
  endfacet
  facet normal 0 0 1
    outer loop
      vertex -29.38581929876693 115.42597485145237 52
      vertex -29.5 116 52
      vertex -32.5 116 52
    endloop
  endfacet
  facet normal 0 0 1
    outer loop
      vertex -28.574025148547634 111.38581929876693 52
      vertex -28.574025148547634 114.61418070123307 52
      vertex -29.060660171779823 111.06066017177982 52
    endloop
  endfacet
  facet normal 0 0 1
    outer loop
      vertex -28 111.5 52
      vertex -28 114.5 52
      vertex -28.574025148547634 111.38581929876693 52
    endloop
  endfacet
  facet normal 0 0 1
    outer loop
      vertex -28.574025148547634 111.38581929876693 52
      vertex -28 114.5 52
      vertex -28.574025148547634 114.61418070123307 52
    endloop
  endfacet
  facet normal 0 0 1
    outer loop
      vertex -28.574025148547634 120.61418070123307 52
      vertex -33.42597485145237 117.38581929876693 52
      vertex -32.93933982822018 117.06066017177983 52
    endloop
  endfacet
  facet normal 0 0 1
    outer loop
      vertex -32.61418070123307 116.57402514854763 52
      vertex -28.574025148547634 120.61418070123307 52
      vertex -32.93933982822018 117.06066017177983 52
    endloop
  endfacet
  facet normal 0 0 1
    outer loop
      vertex -29.5 116 52
      vertex -29.38581929876693 116.57402514854763 52
      vertex -32.61418070123307 116.57402514854763 52
    endloop
  endfacet
  facet normal 0 0 1
    outer loop
      vertex -32.61418070123307 116.57402514854763 52
      vertex -29.38581929876693 116.57402514854763 52
      vertex -29.060660171779823 117.06066017177983 52
    endloop
  endfacet
  facet normal 0 0 1
    outer loop
      vertex -28.574025148547634 120.61418070123307 52
      vertex -33.42597485145237 120.61418070123307 52
      vertex -33.42597485145237 117.38581929876693 52
    endloop
  endfacet
  facet normal 0 0 1
    outer loop
      vertex -28.574025148547634 120.61418070123307 52
      vertex -32.93933982822018 120.93933982822017 52
      vertex -33.42597485145237 120.61418070123307 52
    endloop
  endfacet
  facet normal 0 0 1
    outer loop
      vertex -29.060660171779823 120.93933982822017 52
      vertex -32.61418070123307 121.42597485145237 52
      vertex -32.93933982822018 120.93933982822017 52
    endloop
  endfacet
  facet normal 0 0 1
    outer loop
      vertex -29.060660171779823 120.93933982822017 52
      vertex -29.38581929876693 121.42597485145237 52
      vertex -32.61418070123307 121.42597485145237 52
    endloop
  endfacet
  facet normal 0 0 1
    outer loop
      vertex -29.060660171779823 120.93933982822017 52
      vertex -32.93933982822018 120.93933982822017 52
      vertex -28.574025148547634 120.61418070123307 52
    endloop
  endfacet
  facet normal 0 0 1
    outer loop
      vertex -32.61418070123307 116.57402514854763 52
      vertex -29.060660171779823 117.06066017177983 52
      vertex -23.5 122 52
    endloop
  endfacet
  facet normal 0 0 1
    outer loop
      vertex -32.61418070123307 116.57402514854763 52
      vertex -28 120.5 52
      vertex -28.574025148547634 120.61418070123307 52
    endloop
  endfacet
  facet normal 0 0 1
    outer loop
      vertex -32.61418070123307 116.57402514854763 52
      vertex -27.425974851452366 120.61418070123307 52
      vertex -28 120.5 52
    endloop
  endfacet
  facet normal 0 0 1
    outer loop
      vertex -32.61418070123307 116.57402514854763 52
      vertex -26.939339828220177 120.93933982822017 52
      vertex -27.425974851452366 120.61418070123307 52
    endloop
  endfacet
  facet normal 0 0 1
    outer loop
      vertex -27.425974851452366 111.38581929876693 52
      vertex -27.425974851452366 114.61418070123307 52
      vertex -28 111.5 52
    endloop
  endfacet
  facet normal 0 0 1
    outer loop
      vertex -28 111.5 52
      vertex -27.425974851452366 114.61418070123307 52
      vertex -28 114.5 52
    endloop
  endfacet
  facet normal 0 0 1
    outer loop
      vertex -27.425974851452366 111.38581929876693 52
      vertex -26.939339828220177 114.93933982822018 52
      vertex -27.425974851452366 114.61418070123307 52
    endloop
  endfacet
  facet normal 0 0 1
    outer loop
      vertex -23.060660171779823 114.93933982822018 52
      vertex -27.425974851452366 111.38581929876693 52
      vertex -26.939339828220177 111.06066017177982 52
    endloop
  endfacet
  facet normal 0 0 1
    outer loop
      vertex -22.574025148547634 114.61418070123307 52
      vertex -26.939339828220177 111.06066017177982 52
      vertex -23.060660171779823 111.06066017177982 52
    endloop
  endfacet
  facet normal 0 0 1
    outer loop
      vertex -23.060660171779823 114.93933982822018 52
      vertex -26.939339828220177 111.06066017177982 52
      vertex -22.574025148547634 114.61418070123307 52
    endloop
  endfacet
  facet normal 0 0 1
    outer loop
      vertex -23.060660171779823 114.93933982822018 52
      vertex -26.939339828220177 114.93933982822018 52
      vertex -27.425974851452366 111.38581929876693 52
    endloop
  endfacet
  facet normal 0 0 1
    outer loop
      vertex -23.060660171779823 114.93933982822018 52
      vertex -26.61418070123307 115.42597485145237 52
      vertex -26.939339828220177 114.93933982822018 52
    endloop
  endfacet
  facet normal 0 0 1
    outer loop
      vertex -23.5 116 52
      vertex -26.61418070123307 116.57402514854763 52
      vertex -26.5 116 52
    endloop
  endfacet
  facet normal 0 0 1
    outer loop
      vertex -23.38581929876693 115.42597485145237 52
      vertex -26.5 116 52
      vertex -26.61418070123307 115.42597485145237 52
    endloop
  endfacet
  facet normal 0 0 1
    outer loop
      vertex -23.060660171779823 114.93933982822018 52
      vertex -23.38581929876693 115.42597485145237 52
      vertex -26.61418070123307 115.42597485145237 52
    endloop
  endfacet
  facet normal 0 0 1
    outer loop
      vertex -23.38581929876693 115.42597485145237 52
      vertex -23.5 116 52
      vertex -26.5 116 52
    endloop
  endfacet
  facet normal 0 0 1
    outer loop
      vertex -23.38581929876693 121.42597485145237 52
      vertex -28 117.5 52
      vertex -27.425974851452366 117.38581929876693 52
    endloop
  endfacet
  facet normal 0 0 1
    outer loop
      vertex -28.574025148547634 117.38581929876693 52
      vertex -23.5 122 52
      vertex -29.060660171779823 117.06066017177983 52
    endloop
  endfacet
  facet normal 0 0 1
    outer loop
      vertex -28 117.5 52
      vertex -23.5 122 52
      vertex -28.574025148547634 117.38581929876693 52
    endloop
  endfacet
  facet normal 0 0 1
    outer loop
      vertex -32.61418070123307 116.57402514854763 52
      vertex -23.5 122 52
      vertex -23.38581929876693 122.57402514854763 52
    endloop
  endfacet
  facet normal 0 0 1
    outer loop
      vertex -32.61418070123307 116.57402514854763 52
      vertex -23.38581929876693 122.57402514854763 52
      vertex -23.060660171779823 123.06066017177983 52
    endloop
  endfacet
  facet normal 0 0 1
    outer loop
      vertex -23.38581929876693 116.57402514854763 52
      vertex -26.939339828220177 117.06066017177983 52
      vertex -26.61418070123307 116.57402514854763 52
    endloop
  endfacet
  facet normal 0 0 1
    outer loop
      vertex -23.060660171779823 120.93933982822017 52
      vertex -27.425974851452366 117.38581929876693 52
      vertex -26.939339828220177 117.06066017177983 52
    endloop
  endfacet
  facet normal 0 0 1
    outer loop
      vertex -23.5 116 52
      vertex -23.38581929876693 116.57402514854763 52
      vertex -26.61418070123307 116.57402514854763 52
    endloop
  endfacet
  facet normal 0 0 1
    outer loop
      vertex -23.38581929876693 116.57402514854763 52
      vertex -23.060660171779823 117.06066017177983 52
      vertex -26.939339828220177 117.06066017177983 52
    endloop
  endfacet
  facet normal 0 0 1
    outer loop
      vertex -22.574025148547634 120.61418070123307 52
      vertex -26.939339828220177 117.06066017177983 52
      vertex -23.060660171779823 117.06066017177983 52
    endloop
  endfacet
  facet normal 0 0 1
    outer loop
      vertex -23.060660171779823 120.93933982822017 52
      vertex -23.38581929876693 121.42597485145237 52
      vertex -27.425974851452366 117.38581929876693 52
    endloop
  endfacet
  facet normal 0 0 1
    outer loop
      vertex -23.060660171779823 120.93933982822017 52
      vertex -26.939339828220177 117.06066017177983 52
      vertex -22.574025148547634 120.61418070123307 52
    endloop
  endfacet
  facet normal 0 0 1
    outer loop
      vertex -23.38581929876693 121.42597485145237 52
      vertex -23.5 122 52
      vertex -28 117.5 52
    endloop
  endfacet
  facet normal 0 0 -1
    outer loop
      vertex -22.574025148547634 105.38581929876693 50
      vertex -22.574025148547634 108.61418070123307 50
      vertex -22 105.5 50
    endloop
  endfacet
  facet normal 0 0 -1
    outer loop
      vertex -22.574025148547634 105.38581929876693 50
      vertex -23.060660171779823 108.93933982822018 50
      vertex -22.574025148547634 108.61418070123307 50
    endloop
  endfacet
  facet normal 0 0 -1
    outer loop
      vertex -22 105.5 50
      vertex -22.574025148547634 108.61418070123307 50
      vertex -22 108.5 50
    endloop
  endfacet
  facet normal 0 0 -1
    outer loop
      vertex -22 105.5 50
      vertex -22 108.5 50
      vertex -21.425974851452366 105.38581929876693 50
    endloop
  endfacet
  facet normal 0 0 -1
    outer loop
      vertex -21.425974851452366 105.38581929876693 50
      vertex -21.425974851452366 108.61418070123307 50
      vertex -20.939339828220177 105.06066017177982 50
    endloop
  endfacet
  facet normal 0 0 -1
    outer loop
      vertex -21.425974851452366 105.38581929876693 50
      vertex -22 108.5 50
      vertex -21.425974851452366 108.61418070123307 50
    endloop
  endfacet
  facet normal 0 0 -1
    outer loop
      vertex -16.574025148547634 102.61418070123307 50
      vertex -22 102.5 50
      vertex -21.425974851452366 102.61418070123307 50
    endloop
  endfacet
  facet normal 0 0 -1
    outer loop
      vertex -17.060660171779823 102.93933982822018 50
      vertex -21.425974851452366 102.61418070123307 50
      vertex -20.939339828220177 102.93933982822018 50
    endloop
  endfacet
  facet normal 0 0 -1
    outer loop
      vertex -17.38581929876693 103.42597485145237 50
      vertex -20.939339828220177 102.93933982822018 50
      vertex -20.61418070123307 103.42597485145237 50
    endloop
  endfacet
  facet normal 0 0 -1
    outer loop
      vertex -16.574025148547634 102.61418070123307 50
      vertex -21.425974851452366 102.61418070123307 50
      vertex -17.060660171779823 102.93933982822018 50
    endloop
  endfacet
  facet normal 0 0 -1
    outer loop
      vertex -16 102.5 50
      vertex -22 102.5 50
      vertex -16.574025148547634 102.61418070123307 50
    endloop
  endfacet
  facet normal 0 0 -1
    outer loop
      vertex -17.060660171779823 102.93933982822018 50
      vertex -20.939339828220177 102.93933982822018 50
      vertex -17.38581929876693 103.42597485145237 50
    endloop
  endfacet
  facet normal 0 0 -1
    outer loop
      vertex -17.5 104 50
      vertex -20.61418070123307 103.42597485145237 50
      vertex -20.5 104 50
    endloop
  endfacet
  facet normal 0 0 -1
    outer loop
      vertex -17.38581929876693 104.57402514854763 50
      vertex -20.5 104 50
      vertex -20.61418070123307 104.57402514854763 50
    endloop
  endfacet
  facet normal 0 0 -1
    outer loop
      vertex -17.060660171779823 105.06066017177982 50
      vertex -20.61418070123307 104.57402514854763 50
      vertex -20.939339828220177 105.06066017177982 50
    endloop
  endfacet
  facet normal 0 0 -1
    outer loop
      vertex -17.5 104 50
      vertex -17.38581929876693 103.42597485145237 50
      vertex -20.61418070123307 103.42597485145237 50
    endloop
  endfacet
  facet normal 0 0 -1
    outer loop
      vertex -17.38581929876693 104.57402514854763 50
      vertex -17.5 104 50
      vertex -20.5 104 50
    endloop
  endfacet
  facet normal 0 0 -1
    outer loop
      vertex -17.060660171779823 105.06066017177982 50
      vertex -17.38581929876693 104.57402514854763 50
      vertex -20.61418070123307 104.57402514854763 50
    endloop
  endfacet
  facet normal 0 0 -1
    outer loop
      vertex -17.060660171779823 105.06066017177982 50
      vertex -20.939339828220177 105.06066017177982 50
      vertex -21.425974851452366 108.61418070123307 50
    endloop
  endfacet
  facet normal 0 0 -1
    outer loop
      vertex -17.060660171779823 105.06066017177982 50
      vertex -21.425974851452366 108.61418070123307 50
      vertex -20.939339828220177 108.93933982822018 50
    endloop
  endfacet
  facet normal 0 0 -1
    outer loop
      vertex -16.574025148547634 105.38581929876693 50
      vertex -17.060660171779823 105.06066017177982 50
      vertex -20.939339828220177 108.93933982822018 50
    endloop
  endfacet
  facet normal 0 0 -1
    outer loop
      vertex -17.060660171779823 108.93933982822018 50
      vertex -16.574025148547634 105.38581929876693 50
      vertex -20.939339828220177 108.93933982822018 50
    endloop
  endfacet
  facet normal 0 0 -1
    outer loop
      vertex -17.38581929876693 109.42597485145237 50
      vertex -20.939339828220177 108.93933982822018 50
      vertex -20.61418070123307 109.42597485145237 50
    endloop
  endfacet
  facet normal 0 0 -1
    outer loop
      vertex -17.5 110 50
      vertex -20.61418070123307 109.42597485145237 50
      vertex -20.5 110 50
    endloop
  endfacet
  facet normal 0 0 -1
    outer loop
      vertex -17.060660171779823 111.06066017177982 50
      vertex -20.61418070123307 110.57402514854763 50
      vertex -20.939339828220177 111.06066017177982 50
    endloop
  endfacet
  facet normal 0 0 -1
    outer loop
      vertex -17.38581929876693 110.57402514854763 50
      vertex -20.5 110 50
      vertex -20.61418070123307 110.57402514854763 50
    endloop
  endfacet
  facet normal 0 0 -1
    outer loop
      vertex -17.060660171779823 108.93933982822018 50
      vertex -20.939339828220177 108.93933982822018 50
      vertex -17.38581929876693 109.42597485145237 50
    endloop
  endfacet
  facet normal 0 0 -1
    outer loop
      vertex -17.5 110 50
      vertex -17.38581929876693 109.42597485145237 50
      vertex -20.61418070123307 109.42597485145237 50
    endloop
  endfacet
  facet normal 0 0 -1
    outer loop
      vertex -17.38581929876693 110.57402514854763 50
      vertex -17.5 110 50
      vertex -20.5 110 50
    endloop
  endfacet
  facet normal 0 0 -1
    outer loop
      vertex -17.060660171779823 111.06066017177982 50
      vertex -17.38581929876693 110.57402514854763 50
      vertex -20.61418070123307 110.57402514854763 50
    endloop
  endfacet
  facet normal 0 0 -1
    outer loop
      vertex -16.574025148547634 105.38581929876693 50
      vertex -16.574025148547634 108.61418070123307 50
      vertex -16 105.5 50
    endloop
  endfacet
  facet normal 0 0 -1
    outer loop
      vertex -16.574025148547634 105.38581929876693 50
      vertex -17.060660171779823 108.93933982822018 50
      vertex -16.574025148547634 108.61418070123307 50
    endloop
  endfacet
  facet normal 0 0 -1
    outer loop
      vertex -16 105.5 50
      vertex -16.574025148547634 108.61418070123307 50
      vertex -16 108.5 50
    endloop
  endfacet
  facet normal 0 0 1
    outer loop
      vertex -22.574025148547634 102.61418070123307 52
      vertex -27.425974851452366 102.61418070123307 52
      vertex -22 102.5 52
    endloop
  endfacet
  facet normal 0 0 1
    outer loop
      vertex -27.425974851452366 105.38581929876693 52
      vertex -22 108.5 52
      vertex -22.574025148547634 108.61418070123307 52
    endloop
  endfacet
  facet normal 0 0 1
    outer loop
      vertex -27.425974851452366 105.38581929876693 52
      vertex -21.425974851452366 108.61418070123307 52
      vertex -22 108.5 52
    endloop
  endfacet
  facet normal 0 0 1
    outer loop
      vertex -27.425974851452366 105.38581929876693 52
      vertex -16.574025148547634 108.61418070123307 52
      vertex -21.425974851452366 108.61418070123307 52
    endloop
  endfacet
  facet normal 0 0 1
    outer loop
      vertex -16 102.5 52
      vertex -21.425974851452366 102.61418070123307 52
      vertex -22 102.5 52
    endloop
  endfacet
  facet normal 0 0 1
    outer loop
      vertex -16.574025148547634 102.61418070123307 52
      vertex -20.939339828220177 102.93933982822018 52
      vertex -21.425974851452366 102.61418070123307 52
    endloop
  endfacet
  facet normal 0 0 1
    outer loop
      vertex -17.060660171779823 102.93933982822018 52
      vertex -20.61418070123307 103.42597485145237 52
      vertex -20.939339828220177 102.93933982822018 52
    endloop
  endfacet
  facet normal 0 0 1
    outer loop
      vertex -17.060660171779823 102.93933982822018 52
      vertex -17.38581929876693 103.42597485145237 52
      vertex -20.61418070123307 103.42597485145237 52
    endloop
  endfacet
  facet normal 0 0 1
    outer loop
      vertex -17.060660171779823 102.93933982822018 52
      vertex -20.939339828220177 102.93933982822018 52
      vertex -16.574025148547634 102.61418070123307 52
    endloop
  endfacet
  facet normal 0 0 1
    outer loop
      vertex -17.5 104 52
      vertex -20.61418070123307 104.57402514854763 52
      vertex -20.5 104 52
    endloop
  endfacet
  facet normal 0 0 1
    outer loop
      vertex -17.38581929876693 103.42597485145237 52
      vertex -20.5 104 52
      vertex -20.61418070123307 103.42597485145237 52
    endloop
  endfacet
  facet normal 0 0 1
    outer loop
      vertex -17.060660171779823 105.06066017177982 52
      vertex -21.425974851452366 105.38581929876693 52
      vertex -20.939339828220177 105.06066017177982 52
    endloop
  endfacet
  facet normal 0 0 1
    outer loop
      vertex -17.38581929876693 104.57402514854763 52
      vertex -20.939339828220177 105.06066017177982 52
      vertex -20.61418070123307 104.57402514854763 52
    endloop
  endfacet
  facet normal 0 0 1
    outer loop
      vertex -17.38581929876693 103.42597485145237 52
      vertex -17.5 104 52
      vertex -20.5 104 52
    endloop
  endfacet
  facet normal 0 0 1
    outer loop
      vertex -17.5 104 52
      vertex -17.38581929876693 104.57402514854763 52
      vertex -20.61418070123307 104.57402514854763 52
    endloop
  endfacet
  facet normal 0 0 1
    outer loop
      vertex -17.38581929876693 104.57402514854763 52
      vertex -17.060660171779823 105.06066017177982 52
      vertex -20.939339828220177 105.06066017177982 52
    endloop
  endfacet
  facet normal 0 0 1
    outer loop
      vertex -16.574025148547634 105.38581929876693 52
      vertex -21.425974851452366 105.38581929876693 52
      vertex -17.060660171779823 105.06066017177982 52
    endloop
  endfacet
  facet normal 0 0 1
    outer loop
      vertex -16.574025148547634 102.61418070123307 52
      vertex -21.425974851452366 102.61418070123307 52
      vertex -16 102.5 52
    endloop
  endfacet
  facet normal 0 0 1
    outer loop
      vertex -27.425974851452366 105.38581929876693 52
      vertex -16 108.5 52
      vertex -16.574025148547634 108.61418070123307 52
    endloop
  endfacet
  facet normal 0 0 1
    outer loop
      vertex -5.060660171779821 108.93933982822018 52
      vertex -27.425974851452366 105.38581929876693 52
      vertex -22.574025148547634 105.38581929876693 52
    endloop
  endfacet
  facet normal 0 0 1
    outer loop
      vertex -16.574025148547634 108.61418070123307 52
      vertex -20.939339828220177 108.93933982822018 52
      vertex -21.425974851452366 108.61418070123307 52
    endloop
  endfacet
  facet normal 0 0 1
    outer loop
      vertex -17.060660171779823 108.93933982822018 52
      vertex -20.61418070123307 109.42597485145237 52
      vertex -20.939339828220177 108.93933982822018 52
    endloop
  endfacet
  facet normal 0 0 1
    outer loop
      vertex -17.38581929876693 109.42597485145237 52
      vertex -20.5 110 52
      vertex -20.61418070123307 109.42597485145237 52
    endloop
  endfacet
  facet normal 0 0 1
    outer loop
      vertex -17.5 110 52
      vertex -20.61418070123307 110.57402514854763 52
      vertex -20.5 110 52
    endloop
  endfacet
  facet normal 0 0 1
    outer loop
      vertex -17.38581929876693 110.57402514854763 52
      vertex -20.939339828220177 111.06066017177982 52
      vertex -20.61418070123307 110.57402514854763 52
    endloop
  endfacet
  facet normal 0 0 1
    outer loop
      vertex -17.060660171779823 108.93933982822018 52
      vertex -20.939339828220177 108.93933982822018 52
      vertex -16.574025148547634 108.61418070123307 52
    endloop
  endfacet
  facet normal 0 0 1
    outer loop
      vertex -17.060660171779823 108.93933982822018 52
      vertex -17.38581929876693 109.42597485145237 52
      vertex -20.61418070123307 109.42597485145237 52
    endloop
  endfacet
  facet normal 0 0 1
    outer loop
      vertex -17.38581929876693 109.42597485145237 52
      vertex -17.5 110 52
      vertex -20.5 110 52
    endloop
  endfacet
  facet normal 0 0 1
    outer loop
      vertex -17.5 110 52
      vertex -17.38581929876693 110.57402514854763 52
      vertex -20.61418070123307 110.57402514854763 52
    endloop
  endfacet
  facet normal 0 0 1
    outer loop
      vertex -17.38581929876693 110.57402514854763 52
      vertex -17.060660171779823 111.06066017177982 52
      vertex -20.939339828220177 111.06066017177982 52
    endloop
  endfacet
  facet normal 0 0 1
    outer loop
      vertex -27.425974851452366 105.38581929876693 52
      vertex -10 108.5 52
      vertex -16 108.5 52
    endloop
  endfacet
  facet normal 0 0 1
    outer loop
      vertex -5.060660171779821 108.93933982822018 52
      vertex -22.574025148547634 105.38581929876693 52
      vertex -22 105.5 52
    endloop
  endfacet
  facet normal 0 0 1
    outer loop
      vertex -5.060660171779821 108.93933982822018 52
      vertex -22 105.5 52
      vertex -21.425974851452366 105.38581929876693 52
    endloop
  endfacet
  facet normal 0 0 -1
    outer loop
      vertex -22.574025148547634 111.38581929876693 50
      vertex -23.060660171779823 114.93933982822018 50
      vertex -22.574025148547634 114.61418070123307 50
    endloop
  endfacet
  facet normal 0 0 -1
    outer loop
      vertex -22.574025148547634 111.38581929876693 50
      vertex -22.574025148547634 114.61418070123307 50
      vertex -22 111.5 50
    endloop
  endfacet
  facet normal 0 0 -1
    outer loop
      vertex -22 111.5 50
      vertex -22.574025148547634 114.61418070123307 50
      vertex -22 114.5 50
    endloop
  endfacet
  facet normal 0 0 -1
    outer loop
      vertex -21.425974851452366 111.38581929876693 50
      vertex -21.425974851452366 114.61418070123307 50
      vertex -20.939339828220177 111.06066017177982 50
    endloop
  endfacet
  facet normal 0 0 -1
    outer loop
      vertex -22 111.5 50
      vertex -22 114.5 50
      vertex -21.425974851452366 111.38581929876693 50
    endloop
  endfacet
  facet normal 0 0 -1
    outer loop
      vertex -21.425974851452366 111.38581929876693 50
      vertex -22 114.5 50
      vertex -21.425974851452366 114.61418070123307 50
    endloop
  endfacet
  facet normal 0 0 -1
    outer loop
      vertex -22.574025148547634 117.38581929876693 50
      vertex -22.574025148547634 120.61418070123307 50
      vertex -22 117.5 50
    endloop
  endfacet
  facet normal 0 0 -1
    outer loop
      vertex -22 120.5 50
      vertex -22 117.5 50
      vertex -22.574025148547634 120.61418070123307 50
    endloop
  endfacet
  facet normal 0 0 -1
    outer loop
      vertex -22 120.5 50
      vertex -21.425974851452366 117.38581929876693 50
      vertex -22 117.5 50
    endloop
  endfacet
  facet normal 0 0 -1
    outer loop
      vertex -21.425974851452366 117.38581929876693 50
      vertex -22 120.5 50
      vertex -21.425974851452366 120.61418070123307 50
    endloop
  endfacet
  facet normal 0 0 -1
    outer loop
      vertex -17.060660171779823 111.06066017177982 50
      vertex -20.939339828220177 111.06066017177982 50
      vertex -21.425974851452366 114.61418070123307 50
    endloop
  endfacet
  facet normal 0 0 -1
    outer loop
      vertex -17.060660171779823 111.06066017177982 50
      vertex -21.425974851452366 114.61418070123307 50
      vertex -20.939339828220177 114.93933982822018 50
    endloop
  endfacet
  facet normal 0 0 -1
    outer loop
      vertex -16.574025148547634 111.38581929876693 50
      vertex -17.060660171779823 111.06066017177982 50
      vertex -20.939339828220177 114.93933982822018 50
    endloop
  endfacet
  facet normal 0 0 -1
    outer loop
      vertex -17.38581929876693 115.42597485145237 50
      vertex -20.939339828220177 114.93933982822018 50
      vertex -20.61418070123307 115.42597485145237 50
    endloop
  endfacet
  facet normal 0 0 -1
    outer loop
      vertex -17.5 116 50
      vertex -20.61418070123307 115.42597485145237 50
      vertex -20.5 116 50
    endloop
  endfacet
  facet normal 0 0 -1
    outer loop
      vertex -17.060660171779823 114.93933982822018 50
      vertex -16.574025148547634 111.38581929876693 50
      vertex -20.939339828220177 114.93933982822018 50
    endloop
  endfacet
  facet normal 0 0 -1
    outer loop
      vertex -17.060660171779823 114.93933982822018 50
      vertex -20.939339828220177 114.93933982822018 50
      vertex -17.38581929876693 115.42597485145237 50
    endloop
  endfacet
  facet normal 0 0 -1
    outer loop
      vertex -17.5 116 50
      vertex -17.38581929876693 115.42597485145237 50
      vertex -20.61418070123307 115.42597485145237 50
    endloop
  endfacet
  facet normal 0 0 -1
    outer loop
      vertex -17.38581929876693 116.57402514854763 50
      vertex -17.5 116 50
      vertex -20.5 116 50
    endloop
  endfacet
  facet normal 0 0 -1
    outer loop
      vertex -16.574025148547634 111.38581929876693 50
      vertex -17.060660171779823 114.93933982822018 50
      vertex -16.574025148547634 114.61418070123307 50
    endloop
  endfacet
  facet normal 0 0 -1
    outer loop
      vertex -16.574025148547634 111.38581929876693 50
      vertex -16.574025148547634 114.61418070123307 50
      vertex -16 111.5 50
    endloop
  endfacet
  facet normal 0 0 -1
    outer loop
      vertex -16 111.5 50
      vertex -16.574025148547634 114.61418070123307 50
      vertex -16 114.5 50
    endloop
  endfacet
  facet normal 0 0 -1
    outer loop
      vertex -17.060660171779823 117.06066017177983 50
      vertex -20.61418070123307 116.57402514854763 50
      vertex -20.939339828220177 117.06066017177983 50
    endloop
  endfacet
  facet normal 0 0 -1
    outer loop
      vertex -16.574025148547634 117.38581929876693 50
      vertex -20.939339828220177 117.06066017177983 50
      vertex -21.425974851452366 117.38581929876693 50
    endloop
  endfacet
  facet normal 0 0 -1
    outer loop
      vertex -17.38581929876693 116.57402514854763 50
      vertex -20.5 116 50
      vertex -20.61418070123307 116.57402514854763 50
    endloop
  endfacet
  facet normal 0 0 -1
    outer loop
      vertex -16.574025148547634 117.38581929876693 50
      vertex -21.425974851452366 117.38581929876693 50
      vertex -21.425974851452366 120.61418070123307 50
    endloop
  endfacet
  facet normal 0 0 -1
    outer loop
      vertex -17.060660171779823 117.06066017177983 50
      vertex -17.38581929876693 116.57402514854763 50
      vertex -20.61418070123307 116.57402514854763 50
    endloop
  endfacet
  facet normal 0 0 -1
    outer loop
      vertex -17.060660171779823 117.06066017177983 50
      vertex -20.939339828220177 117.06066017177983 50
      vertex -16.574025148547634 117.38581929876693 50
    endloop
  endfacet
  facet normal 0 0 -1
    outer loop
      vertex -17.060660171779823 120.93933982822017 50
      vertex -21.425974851452366 120.61418070123307 50
      vertex -20.939339828220177 120.93933982822017 50
    endloop
  endfacet
  facet normal 0 0 -1
    outer loop
      vertex -17.38581929876693 121.42597485145237 50
      vertex -20.939339828220177 120.93933982822017 50
      vertex -20.61418070123307 121.42597485145237 50
    endloop
  endfacet
  facet normal 0 0 -1
    outer loop
      vertex -16.574025148547634 120.61418070123307 50
      vertex -21.425974851452366 120.61418070123307 50
      vertex -17.060660171779823 120.93933982822017 50
    endloop
  endfacet
  facet normal 0 0 -1
    outer loop
      vertex -17.060660171779823 120.93933982822017 50
      vertex -20.939339828220177 120.93933982822017 50
      vertex -17.38581929876693 121.42597485145237 50
    endloop
  endfacet
  facet normal 0 0 -1
    outer loop
      vertex -16.574025148547634 117.38581929876693 50
      vertex -21.425974851452366 120.61418070123307 50
      vertex -16 117.5 50
    endloop
  endfacet
  facet normal 0 0 -1
    outer loop
      vertex -16.574025148547634 120.61418070123307 50
      vertex -16 117.5 50
      vertex -21.425974851452366 120.61418070123307 50
    endloop
  endfacet
  facet normal 0 0 -1
    outer loop
      vertex -16 117.5 50
      vertex -16.574025148547634 120.61418070123307 50
      vertex -16 120.5 50
    endloop
  endfacet
  facet normal 0 0 1
    outer loop
      vertex -22.574025148547634 111.38581929876693 52
      vertex -22.574025148547634 114.61418070123307 52
      vertex -23.060660171779823 111.06066017177982 52
    endloop
  endfacet
  facet normal 0 0 1
    outer loop
      vertex -22 111.5 52
      vertex -22 114.5 52
      vertex -22.574025148547634 111.38581929876693 52
    endloop
  endfacet
  facet normal 0 0 1
    outer loop
      vertex -22.574025148547634 111.38581929876693 52
      vertex -22 114.5 52
      vertex -22.574025148547634 114.61418070123307 52
    endloop
  endfacet
  facet normal 0 0 1
    outer loop
      vertex -21.425974851452366 111.38581929876693 52
      vertex -21.425974851452366 114.61418070123307 52
      vertex -22 111.5 52
    endloop
  endfacet
  facet normal 0 0 1
    outer loop
      vertex -22 111.5 52
      vertex -21.425974851452366 114.61418070123307 52
      vertex -22 114.5 52
    endloop
  endfacet
  facet normal 0 0 1
    outer loop
      vertex -21.425974851452366 111.38581929876693 52
      vertex -20.939339828220177 114.93933982822018 52
      vertex -21.425974851452366 114.61418070123307 52
    endloop
  endfacet
  facet normal 0 0 1
    outer loop
      vertex -22.574025148547634 117.38581929876693 52
      vertex -22.574025148547634 120.61418070123307 52
      vertex -23.060660171779823 117.06066017177983 52
    endloop
  endfacet
  facet normal 0 0 1
    outer loop
      vertex -22 120.5 52
      vertex -22.574025148547634 117.38581929876693 52
      vertex -22 117.5 52
    endloop
  endfacet
  facet normal 0 0 1
    outer loop
      vertex -22.574025148547634 117.38581929876693 52
      vertex -22 120.5 52
      vertex -22.574025148547634 120.61418070123307 52
    endloop
  endfacet
  facet normal 0 0 1
    outer loop
      vertex -21.425974851452366 117.38581929876693 52
      vertex -21.425974851452366 120.61418070123307 52
      vertex -22 117.5 52
    endloop
  endfacet
  facet normal 0 0 1
    outer loop
      vertex -22 120.5 52
      vertex -22 117.5 52
      vertex -21.425974851452366 120.61418070123307 52
    endloop
  endfacet
  facet normal 0 0 1
    outer loop
      vertex -21.425974851452366 117.38581929876693 52
      vertex -20.939339828220177 120.93933982822017 52
      vertex -21.425974851452366 120.61418070123307 52
    endloop
  endfacet
  facet normal 0 0 1
    outer loop
      vertex -17.060660171779823 114.93933982822018 52
      vertex -21.425974851452366 111.38581929876693 52
      vertex -20.939339828220177 111.06066017177982 52
    endloop
  endfacet
  facet normal 0 0 1
    outer loop
      vertex -16.574025148547634 114.61418070123307 52
      vertex -20.939339828220177 111.06066017177982 52
      vertex -17.060660171779823 111.06066017177982 52
    endloop
  endfacet
  facet normal 0 0 1
    outer loop
      vertex -17.060660171779823 114.93933982822018 52
      vertex -20.939339828220177 111.06066017177982 52
      vertex -16.574025148547634 114.61418070123307 52
    endloop
  endfacet
  facet normal 0 0 1
    outer loop
      vertex -17.060660171779823 114.93933982822018 52
      vertex -20.939339828220177 114.93933982822018 52
      vertex -21.425974851452366 111.38581929876693 52
    endloop
  endfacet
  facet normal 0 0 1
    outer loop
      vertex -17.060660171779823 114.93933982822018 52
      vertex -20.61418070123307 115.42597485145237 52
      vertex -20.939339828220177 114.93933982822018 52
    endloop
  endfacet
  facet normal 0 0 1
    outer loop
      vertex -17.5 116 52
      vertex -20.61418070123307 116.57402514854763 52
      vertex -20.5 116 52
    endloop
  endfacet
  facet normal 0 0 1
    outer loop
      vertex -17.38581929876693 115.42597485145237 52
      vertex -20.5 116 52
      vertex -20.61418070123307 115.42597485145237 52
    endloop
  endfacet
  facet normal 0 0 1
    outer loop
      vertex -17.060660171779823 114.93933982822018 52
      vertex -17.38581929876693 115.42597485145237 52
      vertex -20.61418070123307 115.42597485145237 52
    endloop
  endfacet
  facet normal 0 0 1
    outer loop
      vertex -17.38581929876693 115.42597485145237 52
      vertex -17.5 116 52
      vertex -20.5 116 52
    endloop
  endfacet
  facet normal 0 0 1
    outer loop
      vertex -16.574025148547634 111.38581929876693 52
      vertex -16.574025148547634 114.61418070123307 52
      vertex -17.060660171779823 111.06066017177982 52
    endloop
  endfacet
  facet normal 0 0 1
    outer loop
      vertex -16 111.5 52
      vertex -16 114.5 52
      vertex -16.574025148547634 111.38581929876693 52
    endloop
  endfacet
  facet normal 0 0 1
    outer loop
      vertex -16.574025148547634 111.38581929876693 52
      vertex -16 114.5 52
      vertex -16.574025148547634 114.61418070123307 52
    endloop
  endfacet
  facet normal 0 0 1
    outer loop
      vertex -17.38581929876693 116.57402514854763 52
      vertex -20.939339828220177 117.06066017177983 52
      vertex -20.61418070123307 116.57402514854763 52
    endloop
  endfacet
  facet normal 0 0 1
    outer loop
      vertex -17.060660171779823 120.93933982822017 52
      vertex -21.425974851452366 117.38581929876693 52
      vertex -20.939339828220177 117.06066017177983 52
    endloop
  endfacet
  facet normal 0 0 1
    outer loop
      vertex -17.5 116 52
      vertex -17.38581929876693 116.57402514854763 52
      vertex -20.61418070123307 116.57402514854763 52
    endloop
  endfacet
  facet normal 0 0 1
    outer loop
      vertex -17.38581929876693 116.57402514854763 52
      vertex -17.060660171779823 117.06066017177983 52
      vertex -20.939339828220177 117.06066017177983 52
    endloop
  endfacet
  facet normal 0 0 1
    outer loop
      vertex -16.574025148547634 120.61418070123307 52
      vertex -20.939339828220177 117.06066017177983 52
      vertex -17.060660171779823 117.06066017177983 52
    endloop
  endfacet
  facet normal 0 0 1
    outer loop
      vertex -17.060660171779823 120.93933982822017 52
      vertex -20.939339828220177 120.93933982822017 52
      vertex -21.425974851452366 117.38581929876693 52
    endloop
  endfacet
  facet normal 0 0 1
    outer loop
      vertex -17.060660171779823 120.93933982822017 52
      vertex -20.61418070123307 121.42597485145237 52
      vertex -20.939339828220177 120.93933982822017 52
    endloop
  endfacet
  facet normal 0 0 1
    outer loop
      vertex -17.060660171779823 120.93933982822017 52
      vertex -20.939339828220177 117.06066017177983 52
      vertex -16.574025148547634 120.61418070123307 52
    endloop
  endfacet
  facet normal 0 0 1
    outer loop
      vertex -17.060660171779823 120.93933982822017 52
      vertex -17.38581929876693 121.42597485145237 52
      vertex -20.61418070123307 121.42597485145237 52
    endloop
  endfacet
  facet normal 0 0 1
    outer loop
      vertex -16.574025148547634 117.38581929876693 52
      vertex -16.574025148547634 120.61418070123307 52
      vertex -17.060660171779823 117.06066017177983 52
    endloop
  endfacet
  facet normal 0 0 1
    outer loop
      vertex -16 117.5 52
      vertex -16 120.5 52
      vertex -16.574025148547634 117.38581929876693 52
    endloop
  endfacet
  facet normal 0 0 1
    outer loop
      vertex -16.574025148547634 117.38581929876693 52
      vertex -16 120.5 52
      vertex -16.574025148547634 120.61418070123307 52
    endloop
  endfacet
  facet normal 0 0 -1
    outer loop
      vertex -11.060660171779821 102.93933982822018 50
      vertex -15.425974851452365 102.61418070123307 50
      vertex -14.939339828220179 102.93933982822018 50
    endloop
  endfacet
  facet normal 0 0 -1
    outer loop
      vertex -14.939339828220179 102.93933982822018 50
      vertex -14.614180701233071 103.42597485145237 50
      vertex -11.385819298766929 103.42597485145237 50
    endloop
  endfacet
  facet normal 0 0 -1
    outer loop
      vertex 0.5 98 50
      vertex -22 102.5 50
      vertex -16 102.5 50
    endloop
  endfacet
  facet normal 0 0 -1
    outer loop
      vertex -10.574025148547635 102.61418070123307 50
      vertex -15.425974851452365 102.61418070123307 50
      vertex -11.060660171779821 102.93933982822018 50
    endloop
  endfacet
  facet normal 0 0 -1
    outer loop
      vertex -11.060660171779821 102.93933982822018 50
      vertex -14.939339828220179 102.93933982822018 50
      vertex -11.385819298766929 103.42597485145237 50
    endloop
  endfacet
  facet normal 0 0 -1
    outer loop
      vertex -11.5 104 50
      vertex -14.614180701233071 103.42597485145237 50
      vertex -14.5 104 50
    endloop
  endfacet
  facet normal 0 0 -1
    outer loop
      vertex -11.385819298766929 104.57402514854763 50
      vertex -14.5 104 50
      vertex -14.614180701233071 104.57402514854763 50
    endloop
  endfacet
  facet normal 0 0 -1
    outer loop
      vertex -11.060660171779821 105.06066017177982 50
      vertex -14.614180701233071 104.57402514854763 50
      vertex -14.939339828220179 105.06066017177982 50
    endloop
  endfacet
  facet normal 0 0 -1
    outer loop
      vertex -11.5 104 50
      vertex -11.385819298766929 103.42597485145237 50
      vertex -14.614180701233071 103.42597485145237 50
    endloop
  endfacet
  facet normal 0 0 -1
    outer loop
      vertex -11.385819298766929 104.57402514854763 50
      vertex -11.5 104 50
      vertex -14.5 104 50
    endloop
  endfacet
  facet normal 0 0 -1
    outer loop
      vertex -11.060660171779821 105.06066017177982 50
      vertex -11.385819298766929 104.57402514854763 50
      vertex -14.614180701233071 104.57402514854763 50
    endloop
  endfacet
  facet normal 0 0 -1
    outer loop
      vertex -16 105.5 50
      vertex -16 108.5 50
      vertex -15.425974851452365 105.38581929876693 50
    endloop
  endfacet
  facet normal 0 0 -1
    outer loop
      vertex -15.425974851452365 105.38581929876693 50
      vertex -15.425974851452365 108.61418070123307 50
      vertex -14.939339828220179 105.06066017177982 50
    endloop
  endfacet
  facet normal 0 0 -1
    outer loop
      vertex -15.425974851452365 105.38581929876693 50
      vertex -16 108.5 50
      vertex -15.425974851452365 108.61418070123307 50
    endloop
  endfacet
  facet normal 0 0 -1
    outer loop
      vertex -14.939339828220179 105.06066017177982 50
      vertex -15.425974851452365 108.61418070123307 50
      vertex -11.060660171779821 105.06066017177982 50
    endloop
  endfacet
  facet normal 0 0 -1
    outer loop
      vertex -11.060660171779821 105.06066017177982 50
      vertex -15.425974851452365 108.61418070123307 50
      vertex -14.939339828220179 108.93933982822018 50
    endloop
  endfacet
  facet normal 0 0 -1
    outer loop
      vertex -10.574025148547635 105.38581929876693 50
      vertex -11.060660171779821 105.06066017177982 50
      vertex -14.939339828220179 108.93933982822018 50
    endloop
  endfacet
  facet normal 0 0 -1
    outer loop
      vertex -11.060660171779821 108.93933982822018 50
      vertex -10.574025148547635 105.38581929876693 50
      vertex -14.939339828220179 108.93933982822018 50
    endloop
  endfacet
  facet normal 0 0 -1
    outer loop
      vertex -11.385819298766929 109.42597485145237 50
      vertex -14.939339828220179 108.93933982822018 50
      vertex -14.614180701233071 109.42597485145237 50
    endloop
  endfacet
  facet normal 0 0 -1
    outer loop
      vertex -11.5 110 50
      vertex -14.614180701233071 109.42597485145237 50
      vertex -14.5 110 50
    endloop
  endfacet
  facet normal 0 0 -1
    outer loop
      vertex -11.060660171779821 111.06066017177982 50
      vertex -14.614180701233071 110.57402514854763 50
      vertex -14.939339828220179 111.06066017177982 50
    endloop
  endfacet
  facet normal 0 0 -1
    outer loop
      vertex -11.385819298766929 110.57402514854763 50
      vertex -14.5 110 50
      vertex -14.614180701233071 110.57402514854763 50
    endloop
  endfacet
  facet normal 0 0 -1
    outer loop
      vertex -11.060660171779821 108.93933982822018 50
      vertex -14.939339828220179 108.93933982822018 50
      vertex -11.385819298766929 109.42597485145237 50
    endloop
  endfacet
  facet normal 0 0 -1
    outer loop
      vertex -11.5 110 50
      vertex -11.385819298766929 109.42597485145237 50
      vertex -14.614180701233071 109.42597485145237 50
    endloop
  endfacet
  facet normal 0 0 -1
    outer loop
      vertex -11.385819298766929 110.57402514854763 50
      vertex -11.5 110 50
      vertex -14.5 110 50
    endloop
  endfacet
  facet normal 0 0 -1
    outer loop
      vertex -11.060660171779821 111.06066017177982 50
      vertex -11.385819298766929 110.57402514854763 50
      vertex -14.614180701233071 110.57402514854763 50
    endloop
  endfacet
  facet normal 0 0 -1
    outer loop
      vertex 0.5 98 50
      vertex -16 102.5 50
      vertex -15.425974851452365 102.61418070123307 50
    endloop
  endfacet
  facet normal 0 0 -1
    outer loop
      vertex 0.5 98 50
      vertex -15.425974851452365 102.61418070123307 50
      vertex -10.574025148547635 102.61418070123307 50
    endloop
  endfacet
  facet normal 0 0 -1
    outer loop
      vertex -10.574025148547635 105.38581929876693 50
      vertex -10.574025148547635 108.61418070123307 50
      vertex -10 105.5 50
    endloop
  endfacet
  facet normal 0 0 -1
    outer loop
      vertex -10.574025148547635 105.38581929876693 50
      vertex -11.060660171779821 108.93933982822018 50
      vertex -10.574025148547635 108.61418070123307 50
    endloop
  endfacet
  facet normal 0 0 -1
    outer loop
      vertex -10 105.5 50
      vertex -10.574025148547635 108.61418070123307 50
      vertex -10 108.5 50
    endloop
  endfacet
  facet normal 0 0 -1
    outer loop
      vertex -10 105.5 50
      vertex -10 108.5 50
      vertex -9.425974851452365 105.38581929876693 50
    endloop
  endfacet
  facet normal 0 0 -1
    outer loop
      vertex -9.425974851452365 105.38581929876693 50
      vertex -9.425974851452365 108.61418070123307 50
      vertex -8.939339828220179 105.06066017177982 50
    endloop
  endfacet
  facet normal 0 0 -1
    outer loop
      vertex -9.425974851452365 105.38581929876693 50
      vertex -10 108.5 50
      vertex -9.425974851452365 108.61418070123307 50
    endloop
  endfacet
  facet normal 0 0 1
    outer loop
      vertex -10.574025148547635 102.61418070123307 52
      vertex -14.939339828220179 102.93933982822018 52
      vertex -15.425974851452365 102.61418070123307 52
    endloop
  endfacet
  facet normal 0 0 1
    outer loop
      vertex -11.060660171779821 102.93933982822018 52
      vertex -14.614180701233071 103.42597485145237 52
      vertex -14.939339828220179 102.93933982822018 52
    endloop
  endfacet
  facet normal 0 0 1
    outer loop
      vertex 0 100 52
      vertex -16 102.5 52
      vertex -22 102.5 52
    endloop
  endfacet
  facet normal 0 0 1
    outer loop
      vertex -11.060660171779821 102.93933982822018 52
      vertex -11.385819298766929 103.42597485145237 52
      vertex -14.614180701233071 103.42597485145237 52
    endloop
  endfacet
  facet normal 0 0 1
    outer loop
      vertex -11.060660171779821 102.93933982822018 52
      vertex -14.939339828220179 102.93933982822018 52
      vertex -10.574025148547635 102.61418070123307 52
    endloop
  endfacet
  facet normal 0 0 1
    outer loop
      vertex -11.5 104 52
      vertex -14.614180701233071 104.57402514854763 52
      vertex -14.5 104 52
    endloop
  endfacet
  facet normal 0 0 1
    outer loop
      vertex -11.385819298766929 103.42597485145237 52
      vertex -14.5 104 52
      vertex -14.614180701233071 103.42597485145237 52
    endloop
  endfacet
  facet normal 0 0 1
    outer loop
      vertex -14.939339828220179 105.06066017177982 52
      vertex -11.060660171779821 105.06066017177982 52
      vertex -15.425974851452365 105.38581929876693 52
    endloop
  endfacet
  facet normal 0 0 1
    outer loop
      vertex -14.939339828220179 105.06066017177982 52
      vertex -14.614180701233071 104.57402514854763 52
      vertex -11.385819298766929 104.57402514854763 52
    endloop
  endfacet
  facet normal 0 0 1
    outer loop
      vertex -11.385819298766929 103.42597485145237 52
      vertex -11.5 104 52
      vertex -14.5 104 52
    endloop
  endfacet
  facet normal 0 0 1
    outer loop
      vertex -11.5 104 52
      vertex -11.385819298766929 104.57402514854763 52
      vertex -14.614180701233071 104.57402514854763 52
    endloop
  endfacet
  facet normal 0 0 1
    outer loop
      vertex -11.385819298766929 104.57402514854763 52
      vertex -11.060660171779821 105.06066017177982 52
      vertex -14.939339828220179 105.06066017177982 52
    endloop
  endfacet
  facet normal 0 0 1
    outer loop
      vertex -10.574025148547635 105.38581929876693 52
      vertex -15.425974851452365 105.38581929876693 52
      vertex -11.060660171779821 105.06066017177982 52
    endloop
  endfacet
  facet normal 0 0 1
    outer loop
      vertex -5.060660171779821 108.93933982822018 52
      vertex -10 108.5 52
      vertex -27.425974851452366 105.38581929876693 52
    endloop
  endfacet
  facet normal 0 0 1
    outer loop
      vertex -4 108.5 52
      vertex -21.425974851452366 105.38581929876693 52
      vertex -16.574025148547634 105.38581929876693 52
    endloop
  endfacet
  facet normal 0 0 1
    outer loop
      vertex -4 108.5 52
      vertex -16.574025148547634 105.38581929876693 52
      vertex -16 105.5 52
    endloop
  endfacet
  facet normal 0 0 1
    outer loop
      vertex -10 108.5 52
      vertex -15.425974851452365 108.61418070123307 52
      vertex -16 108.5 52
    endloop
  endfacet
  facet normal 0 0 1
    outer loop
      vertex -10.574025148547635 108.61418070123307 52
      vertex -14.939339828220179 108.93933982822018 52
      vertex -15.425974851452365 108.61418070123307 52
    endloop
  endfacet
  facet normal 0 0 1
    outer loop
      vertex -11.060660171779821 108.93933982822018 52
      vertex -14.614180701233071 109.42597485145237 52
      vertex -14.939339828220179 108.93933982822018 52
    endloop
  endfacet
  facet normal 0 0 1
    outer loop
      vertex -11.385819298766929 109.42597485145237 52
      vertex -14.5 110 52
      vertex -14.614180701233071 109.42597485145237 52
    endloop
  endfacet
  facet normal 0 0 1
    outer loop
      vertex -11.5 110 52
      vertex -14.614180701233071 110.57402514854763 52
      vertex -14.5 110 52
    endloop
  endfacet
  facet normal 0 0 1
    outer loop
      vertex -11.385819298766929 110.57402514854763 52
      vertex -14.939339828220179 111.06066017177982 52
      vertex -14.614180701233071 110.57402514854763 52
    endloop
  endfacet
  facet normal 0 0 1
    outer loop
      vertex -11.060660171779821 108.93933982822018 52
      vertex -14.939339828220179 108.93933982822018 52
      vertex -10.574025148547635 108.61418070123307 52
    endloop
  endfacet
  facet normal 0 0 1
    outer loop
      vertex -11.060660171779821 108.93933982822018 52
      vertex -11.385819298766929 109.42597485145237 52
      vertex -14.614180701233071 109.42597485145237 52
    endloop
  endfacet
  facet normal 0 0 1
    outer loop
      vertex -11.385819298766929 109.42597485145237 52
      vertex -11.5 110 52
      vertex -14.5 110 52
    endloop
  endfacet
  facet normal 0 0 1
    outer loop
      vertex -11.5 110 52
      vertex -11.385819298766929 110.57402514854763 52
      vertex -14.614180701233071 110.57402514854763 52
    endloop
  endfacet
  facet normal 0 0 1
    outer loop
      vertex -11.385819298766929 110.57402514854763 52
      vertex -11.060660171779821 111.06066017177982 52
      vertex -14.939339828220179 111.06066017177982 52
    endloop
  endfacet
  facet normal 0 0 1
    outer loop
      vertex -10.574025148547635 102.61418070123307 52
      vertex -15.425974851452365 102.61418070123307 52
      vertex -10 102.5 52
    endloop
  endfacet
  facet normal 0 0 1
    outer loop
      vertex 0 100 52
      vertex -15.425974851452365 102.61418070123307 52
      vertex -16 102.5 52
    endloop
  endfacet
  facet normal 0 0 1
    outer loop
      vertex 0 100 52
      vertex -10 102.5 52
      vertex -15.425974851452365 102.61418070123307 52
    endloop
  endfacet
  facet normal 0 0 1
    outer loop
      vertex -4 108.5 52
      vertex -16 105.5 52
      vertex -15.425974851452365 105.38581929876693 52
    endloop
  endfacet
  facet normal 0 0 1
    outer loop
      vertex -5.060660171779821 108.93933982822018 52
      vertex -21.425974851452366 105.38581929876693 52
      vertex -4.574025148547634 108.61418070123307 52
    endloop
  endfacet
  facet normal 0 0 1
    outer loop
      vertex -10.574025148547635 108.61418070123307 52
      vertex -15.425974851452365 108.61418070123307 52
      vertex -10 108.5 52
    endloop
  endfacet
  facet normal 0 0 1
    outer loop
      vertex -4 108.5 52
      vertex -15.425974851452365 105.38581929876693 52
      vertex -10.574025148547635 105.38581929876693 52
    endloop
  endfacet
  facet normal 0 0 1
    outer loop
      vertex -4.574025148547634 108.61418070123307 52
      vertex -21.425974851452366 105.38581929876693 52
      vertex -4 108.5 52
    endloop
  endfacet
  facet normal 0 0 1
    outer loop
      vertex -4 108.5 52
      vertex -10.574025148547635 105.38581929876693 52
      vertex -10 105.5 52
    endloop
  endfacet
  facet normal 0 0 1
    outer loop
      vertex -5.060660171779821 108.93933982822018 52
      vertex -9.425974851452365 108.61418070123307 52
      vertex -10 108.5 52
    endloop
  endfacet
  facet normal 0 0 -1
    outer loop
      vertex -15.425974851452365 111.38581929876693 50
      vertex -15.425974851452365 114.61418070123307 50
      vertex -14.939339828220179 111.06066017177982 50
    endloop
  endfacet
  facet normal 0 0 -1
    outer loop
      vertex -16 111.5 50
      vertex -16 114.5 50
      vertex -15.425974851452365 111.38581929876693 50
    endloop
  endfacet
  facet normal 0 0 -1
    outer loop
      vertex -15.425974851452365 111.38581929876693 50
      vertex -16 114.5 50
      vertex -15.425974851452365 114.61418070123307 50
    endloop
  endfacet
  facet normal 0 0 -1
    outer loop
      vertex -14.939339828220179 111.06066017177982 50
      vertex -15.425974851452365 114.61418070123307 50
      vertex -11.060660171779821 111.06066017177982 50
    endloop
  endfacet
  facet normal 0 0 -1
    outer loop
      vertex -11.060660171779821 111.06066017177982 50
      vertex -15.425974851452365 114.61418070123307 50
      vertex -14.939339828220179 114.93933982822018 50
    endloop
  endfacet
  facet normal 0 0 -1
    outer loop
      vertex -10.574025148547635 111.38581929876693 50
      vertex -11.060660171779821 111.06066017177982 50
      vertex -14.939339828220179 114.93933982822018 50
    endloop
  endfacet
  facet normal 0 0 -1
    outer loop
      vertex -11.385819298766929 115.42597485145237 50
      vertex -14.939339828220179 114.93933982822018 50
      vertex -14.614180701233071 115.42597485145237 50
    endloop
  endfacet
  facet normal 0 0 -1
    outer loop
      vertex -11.5 116 50
      vertex -14.614180701233071 115.42597485145237 50
      vertex -14.5 116 50
    endloop
  endfacet
  facet normal 0 0 -1
    outer loop
      vertex -11.060660171779821 114.93933982822018 50
      vertex -10.574025148547635 111.38581929876693 50
      vertex -14.939339828220179 114.93933982822018 50
    endloop
  endfacet
  facet normal 0 0 -1
    outer loop
      vertex -11.060660171779821 114.93933982822018 50
      vertex -14.939339828220179 114.93933982822018 50
      vertex -11.385819298766929 115.42597485145237 50
    endloop
  endfacet
  facet normal 0 0 -1
    outer loop
      vertex -11.5 116 50
      vertex -11.385819298766929 115.42597485145237 50
      vertex -14.614180701233071 115.42597485145237 50
    endloop
  endfacet
  facet normal 0 0 -1
    outer loop
      vertex -11.385819298766929 116.57402514854763 50
      vertex -11.5 116 50
      vertex -14.5 116 50
    endloop
  endfacet
  facet normal 0 0 -1
    outer loop
      vertex -16 117.5 50
      vertex -16 120.5 50
      vertex -15.425974851452365 117.38581929876693 50
    endloop
  endfacet
  facet normal 0 0 -1
    outer loop
      vertex -15.425974851452365 117.38581929876693 50
      vertex -16 120.5 50
      vertex -15.425974851452365 120.61418070123307 50
    endloop
  endfacet
  facet normal 0 0 -1
    outer loop
      vertex -11.060660171779821 117.06066017177983 50
      vertex -14.614180701233071 116.57402514854763 50
      vertex -14.939339828220179 117.06066017177983 50
    endloop
  endfacet
  facet normal 0 0 -1
    outer loop
      vertex -10.574025148547635 117.38581929876693 50
      vertex -14.939339828220179 117.06066017177983 50
      vertex -15.425974851452365 117.38581929876693 50
    endloop
  endfacet
  facet normal 0 0 -1
    outer loop
      vertex -11.385819298766929 116.57402514854763 50
      vertex -14.5 116 50
      vertex -14.614180701233071 116.57402514854763 50
    endloop
  endfacet
  facet normal 0 0 -1
    outer loop
      vertex -10.574025148547635 117.38581929876693 50
      vertex -15.425974851452365 117.38581929876693 50
      vertex -15.425974851452365 120.61418070123307 50
    endloop
  endfacet
  facet normal 0 0 -1
    outer loop
      vertex -11.060660171779821 117.06066017177983 50
      vertex -11.385819298766929 116.57402514854763 50
      vertex -14.614180701233071 116.57402514854763 50
    endloop
  endfacet
  facet normal 0 0 -1
    outer loop
      vertex -11.060660171779821 117.06066017177983 50
      vertex -14.939339828220179 117.06066017177983 50
      vertex -10.574025148547635 117.38581929876693 50
    endloop
  endfacet
  facet normal 0 0 -1
    outer loop
      vertex -11.060660171779821 120.93933982822017 50
      vertex -15.425974851452365 120.61418070123307 50
      vertex -14.939339828220179 120.93933982822017 50
    endloop
  endfacet
  facet normal 0 0 -1
    outer loop
      vertex -11.385819298766929 121.42597485145237 50
      vertex -14.939339828220179 120.93933982822017 50
      vertex -14.614180701233071 121.42597485145237 50
    endloop
  endfacet
  facet normal 0 0 -1
    outer loop
      vertex -10.574025148547635 120.61418070123307 50
      vertex -15.425974851452365 120.61418070123307 50
      vertex -11.060660171779821 120.93933982822017 50
    endloop
  endfacet
  facet normal 0 0 -1
    outer loop
      vertex -11.060660171779821 120.93933982822017 50
      vertex -14.939339828220179 120.93933982822017 50
      vertex -11.385819298766929 121.42597485145237 50
    endloop
  endfacet
  facet normal 0 0 -1
    outer loop
      vertex -10.574025148547635 111.38581929876693 50
      vertex -11.060660171779821 114.93933982822018 50
      vertex -10.574025148547635 114.61418070123307 50
    endloop
  endfacet
  facet normal 0 0 -1
    outer loop
      vertex -10.574025148547635 111.38581929876693 50
      vertex -10.574025148547635 114.61418070123307 50
      vertex -10 111.5 50
    endloop
  endfacet
  facet normal 0 0 -1
    outer loop
      vertex -10 111.5 50
      vertex -10.574025148547635 114.61418070123307 50
      vertex -10 114.5 50
    endloop
  endfacet
  facet normal 0 0 -1
    outer loop
      vertex -9.425974851452365 111.38581929876693 50
      vertex -9.425974851452365 114.61418070123307 50
      vertex -8.939339828220179 111.06066017177982 50
    endloop
  endfacet
  facet normal 0 0 -1
    outer loop
      vertex -10 111.5 50
      vertex -10 114.5 50
      vertex -9.425974851452365 111.38581929876693 50
    endloop
  endfacet
  facet normal 0 0 -1
    outer loop
      vertex -9.425974851452365 111.38581929876693 50
      vertex -10 114.5 50
      vertex -9.425974851452365 114.61418070123307 50
    endloop
  endfacet
  facet normal 0 0 -1
    outer loop
      vertex -10.574025148547635 117.38581929876693 50
      vertex -15.425974851452365 120.61418070123307 50
      vertex -10 117.5 50
    endloop
  endfacet
  facet normal 0 0 -1
    outer loop
      vertex -10.574025148547635 120.61418070123307 50
      vertex -10 117.5 50
      vertex -15.425974851452365 120.61418070123307 50
    endloop
  endfacet
  facet normal 0 0 -1
    outer loop
      vertex -10 117.5 50
      vertex -10.574025148547635 120.61418070123307 50
      vertex -10 120.5 50
    endloop
  endfacet
  facet normal 0 0 -1
    outer loop
      vertex -10 117.5 50
      vertex -10 120.5 50
      vertex -9.425974851452365 117.38581929876693 50
    endloop
  endfacet
  facet normal 0 0 -1
    outer loop
      vertex -9.425974851452365 117.38581929876693 50
      vertex -10 120.5 50
      vertex -9.425974851452365 120.61418070123307 50
    endloop
  endfacet
  facet normal 0 0 1
    outer loop
      vertex -15.425974851452365 111.38581929876693 52
      vertex -15.425974851452365 114.61418070123307 52
      vertex -16 111.5 52
    endloop
  endfacet
  facet normal 0 0 1
    outer loop
      vertex -16 111.5 52
      vertex -15.425974851452365 114.61418070123307 52
      vertex -16 114.5 52
    endloop
  endfacet
  facet normal 0 0 1
    outer loop
      vertex -15.425974851452365 111.38581929876693 52
      vertex -14.939339828220179 114.93933982822018 52
      vertex -15.425974851452365 114.61418070123307 52
    endloop
  endfacet
  facet normal 0 0 1
    outer loop
      vertex -11.060660171779821 114.93933982822018 52
      vertex -15.425974851452365 111.38581929876693 52
      vertex -14.939339828220179 111.06066017177982 52
    endloop
  endfacet
  facet normal 0 0 1
    outer loop
      vertex -10.574025148547635 114.61418070123307 52
      vertex -14.939339828220179 111.06066017177982 52
      vertex -11.060660171779821 111.06066017177982 52
    endloop
  endfacet
  facet normal 0 0 1
    outer loop
      vertex -11.060660171779821 114.93933982822018 52
      vertex -14.939339828220179 111.06066017177982 52
      vertex -10.574025148547635 114.61418070123307 52
    endloop
  endfacet
  facet normal 0 0 1
    outer loop
      vertex -11.060660171779821 114.93933982822018 52
      vertex -14.939339828220179 114.93933982822018 52
      vertex -15.425974851452365 111.38581929876693 52
    endloop
  endfacet
  facet normal 0 0 1
    outer loop
      vertex -11.060660171779821 114.93933982822018 52
      vertex -14.614180701233071 115.42597485145237 52
      vertex -14.939339828220179 114.93933982822018 52
    endloop
  endfacet
  facet normal 0 0 1
    outer loop
      vertex -11.5 116 52
      vertex -14.614180701233071 116.57402514854763 52
      vertex -14.5 116 52
    endloop
  endfacet
  facet normal 0 0 1
    outer loop
      vertex -11.385819298766929 115.42597485145237 52
      vertex -14.5 116 52
      vertex -14.614180701233071 115.42597485145237 52
    endloop
  endfacet
  facet normal 0 0 1
    outer loop
      vertex -11.060660171779821 114.93933982822018 52
      vertex -11.385819298766929 115.42597485145237 52
      vertex -14.614180701233071 115.42597485145237 52
    endloop
  endfacet
  facet normal 0 0 1
    outer loop
      vertex -11.385819298766929 115.42597485145237 52
      vertex -11.5 116 52
      vertex -14.5 116 52
    endloop
  endfacet
  facet normal 0 0 1
    outer loop
      vertex -15.425974851452365 117.38581929876693 52
      vertex -15.425974851452365 120.61418070123307 52
      vertex -16 117.5 52
    endloop
  endfacet
  facet normal 0 0 1
    outer loop
      vertex -16 117.5 52
      vertex -15.425974851452365 120.61418070123307 52
      vertex -16 120.5 52
    endloop
  endfacet
  facet normal 0 0 1
    outer loop
      vertex -15.425974851452365 117.38581929876693 52
      vertex -14.939339828220179 120.93933982822017 52
      vertex -15.425974851452365 120.61418070123307 52
    endloop
  endfacet
  facet normal 0 0 1
    outer loop
      vertex -11.385819298766929 116.57402514854763 52
      vertex -14.939339828220179 117.06066017177983 52
      vertex -14.614180701233071 116.57402514854763 52
    endloop
  endfacet
  facet normal 0 0 1
    outer loop
      vertex -11.060660171779821 120.93933982822017 52
      vertex -15.425974851452365 117.38581929876693 52
      vertex -14.939339828220179 117.06066017177983 52
    endloop
  endfacet
  facet normal 0 0 1
    outer loop
      vertex -11.5 116 52
      vertex -11.385819298766929 116.57402514854763 52
      vertex -14.614180701233071 116.57402514854763 52
    endloop
  endfacet
  facet normal 0 0 1
    outer loop
      vertex -11.385819298766929 116.57402514854763 52
      vertex -11.060660171779821 117.06066017177983 52
      vertex -14.939339828220179 117.06066017177983 52
    endloop
  endfacet
  facet normal 0 0 1
    outer loop
      vertex -10.574025148547635 120.61418070123307 52
      vertex -14.939339828220179 117.06066017177983 52
      vertex -11.060660171779821 117.06066017177983 52
    endloop
  endfacet
  facet normal 0 0 1
    outer loop
      vertex -11.060660171779821 120.93933982822017 52
      vertex -14.939339828220179 120.93933982822017 52
      vertex -15.425974851452365 117.38581929876693 52
    endloop
  endfacet
  facet normal 0 0 1
    outer loop
      vertex -11.060660171779821 120.93933982822017 52
      vertex -14.614180701233071 121.42597485145237 52
      vertex -14.939339828220179 120.93933982822017 52
    endloop
  endfacet
  facet normal 0 0 1
    outer loop
      vertex -11.060660171779821 120.93933982822017 52
      vertex -14.939339828220179 117.06066017177983 52
      vertex -10.574025148547635 120.61418070123307 52
    endloop
  endfacet
  facet normal 0 0 1
    outer loop
      vertex -11.060660171779821 120.93933982822017 52
      vertex -11.385819298766929 121.42597485145237 52
      vertex -14.614180701233071 121.42597485145237 52
    endloop
  endfacet
  facet normal 0 0 1
    outer loop
      vertex -10.574025148547635 111.38581929876693 52
      vertex -10.574025148547635 114.61418070123307 52
      vertex -11.060660171779821 111.06066017177982 52
    endloop
  endfacet
  facet normal 0 0 1
    outer loop
      vertex -10 111.5 52
      vertex -10 114.5 52
      vertex -10.574025148547635 111.38581929876693 52
    endloop
  endfacet
  facet normal 0 0 1
    outer loop
      vertex -10.574025148547635 111.38581929876693 52
      vertex -10 114.5 52
      vertex -10.574025148547635 114.61418070123307 52
    endloop
  endfacet
  facet normal 0 0 1
    outer loop
      vertex -9.425974851452365 111.38581929876693 52
      vertex -9.425974851452365 114.61418070123307 52
      vertex -10 111.5 52
    endloop
  endfacet
  facet normal 0 0 1
    outer loop
      vertex -10 111.5 52
      vertex -9.425974851452365 114.61418070123307 52
      vertex -10 114.5 52
    endloop
  endfacet
  facet normal 0 0 1
    outer loop
      vertex -9.425974851452365 111.38581929876693 52
      vertex -8.939339828220179 114.93933982822018 52
      vertex -9.425974851452365 114.61418070123307 52
    endloop
  endfacet
  facet normal 0 0 1
    outer loop
      vertex -10.574025148547635 117.38581929876693 52
      vertex -10.574025148547635 120.61418070123307 52
      vertex -11.060660171779821 117.06066017177983 52
    endloop
  endfacet
  facet normal 0 0 1
    outer loop
      vertex -10 117.5 52
      vertex -10 120.5 52
      vertex -10.574025148547635 117.38581929876693 52
    endloop
  endfacet
  facet normal 0 0 1
    outer loop
      vertex -10.574025148547635 117.38581929876693 52
      vertex -10 120.5 52
      vertex -10.574025148547635 120.61418070123307 52
    endloop
  endfacet
  facet normal 0 0 1
    outer loop
      vertex -9.425974851452365 117.38581929876693 52
      vertex -9.425974851452365 120.61418070123307 52
      vertex -10 117.5 52
    endloop
  endfacet
  facet normal 0 0 1
    outer loop
      vertex -10 117.5 52
      vertex -9.425974851452365 120.61418070123307 52
      vertex -10 120.5 52
    endloop
  endfacet
  facet normal 0 0 1
    outer loop
      vertex -9.425974851452365 117.38581929876693 52
      vertex -8.939339828220179 120.93933982822017 52
      vertex -9.425974851452365 120.61418070123307 52
    endloop
  endfacet
  facet normal 0 0 -1
    outer loop
      vertex -5.060660171779821 102.93933982822018 50
      vertex -9.425974851452365 102.61418070123307 50
      vertex -8.939339828220179 102.93933982822018 50
    endloop
  endfacet
  facet normal 0 0 -1
    outer loop
      vertex -8.939339828220179 102.93933982822018 50
      vertex -8.614180701233071 103.42597485145237 50
      vertex -5.38581929876693 103.42597485145237 50
    endloop
  endfacet
  facet normal 0 0 -1
    outer loop
      vertex 0.5 98 50
      vertex -10.574025148547635 102.61418070123307 50
      vertex -10 102.5 50
    endloop
  endfacet
  facet normal 0 0 -1
    outer loop
      vertex 0.5 98 50
      vertex -10 102.5 50
      vertex -9.425974851452365 102.61418070123307 50
    endloop
  endfacet
  facet normal 0 0 -1
    outer loop
      vertex -4.574025148547634 102.61418070123307 50
      vertex -9.425974851452365 102.61418070123307 50
      vertex -5.060660171779821 102.93933982822018 50
    endloop
  endfacet
  facet normal 0 0 -1
    outer loop
      vertex -5.060660171779821 102.93933982822018 50
      vertex -8.939339828220179 102.93933982822018 50
      vertex -5.38581929876693 103.42597485145237 50
    endloop
  endfacet
  facet normal 0 0 -1
    outer loop
      vertex -5.5 104 50
      vertex -8.614180701233071 103.42597485145237 50
      vertex -8.5 104 50
    endloop
  endfacet
  facet normal 0 0 -1
    outer loop
      vertex -5.38581929876693 104.57402514854763 50
      vertex -8.5 104 50
      vertex -8.614180701233071 104.57402514854763 50
    endloop
  endfacet
  facet normal 0 0 -1
    outer loop
      vertex -5.060660171779821 105.06066017177982 50
      vertex -8.614180701233071 104.57402514854763 50
      vertex -8.939339828220179 105.06066017177982 50
    endloop
  endfacet
  facet normal 0 0 -1
    outer loop
      vertex -5.5 104 50
      vertex -5.38581929876693 103.42597485145237 50
      vertex -8.614180701233071 103.42597485145237 50
    endloop
  endfacet
  facet normal 0 0 -1
    outer loop
      vertex -5.38581929876693 104.57402514854763 50
      vertex -5.5 104 50
      vertex -8.5 104 50
    endloop
  endfacet
  facet normal 0 0 -1
    outer loop
      vertex -5.060660171779821 105.06066017177982 50
      vertex -5.38581929876693 104.57402514854763 50
      vertex -8.614180701233071 104.57402514854763 50
    endloop
  endfacet
  facet normal 0 0 -1
    outer loop
      vertex 0.5 98 50
      vertex -9.425974851452365 102.61418070123307 50
      vertex -4.574025148547634 102.61418070123307 50
    endloop
  endfacet
  facet normal 0 0 -1
    outer loop
      vertex -8.939339828220179 105.06066017177982 50
      vertex -9.425974851452365 108.61418070123307 50
      vertex -5.060660171779821 105.06066017177982 50
    endloop
  endfacet
  facet normal 0 0 -1
    outer loop
      vertex -5.060660171779821 105.06066017177982 50
      vertex -9.425974851452365 108.61418070123307 50
      vertex -8.939339828220179 108.93933982822018 50
    endloop
  endfacet
  facet normal 0 0 -1
    outer loop
      vertex -4.574025148547634 105.38581929876693 50
      vertex -5.060660171779821 105.06066017177982 50
      vertex -8.939339828220179 108.93933982822018 50
    endloop
  endfacet
  facet normal 0 0 -1
    outer loop
      vertex -5.060660171779821 108.93933982822018 50
      vertex -4.574025148547634 105.38581929876693 50
      vertex -8.939339828220179 108.93933982822018 50
    endloop
  endfacet
  facet normal 0 0 -1
    outer loop
      vertex -5.38581929876693 109.42597485145237 50
      vertex -8.939339828220179 108.93933982822018 50
      vertex -8.614180701233071 109.42597485145237 50
    endloop
  endfacet
  facet normal 0 0 -1
    outer loop
      vertex -5.5 110 50
      vertex -8.614180701233071 109.42597485145237 50
      vertex -8.5 110 50
    endloop
  endfacet
  facet normal 0 0 -1
    outer loop
      vertex -5.060660171779821 111.06066017177982 50
      vertex -8.614180701233071 110.57402514854763 50
      vertex -8.939339828220179 111.06066017177982 50
    endloop
  endfacet
  facet normal 0 0 -1
    outer loop
      vertex -5.38581929876693 110.57402514854763 50
      vertex -8.5 110 50
      vertex -8.614180701233071 110.57402514854763 50
    endloop
  endfacet
  facet normal 0 0 -1
    outer loop
      vertex -5.060660171779821 108.93933982822018 50
      vertex -8.939339828220179 108.93933982822018 50
      vertex -5.38581929876693 109.42597485145237 50
    endloop
  endfacet
  facet normal 0 0 -1
    outer loop
      vertex -5.5 110 50
      vertex -5.38581929876693 109.42597485145237 50
      vertex -8.614180701233071 109.42597485145237 50
    endloop
  endfacet
  facet normal 0 0 -1
    outer loop
      vertex -5.38581929876693 110.57402514854763 50
      vertex -5.5 110 50
      vertex -8.5 110 50
    endloop
  endfacet
  facet normal 0 0 -1
    outer loop
      vertex -5.060660171779821 111.06066017177982 50
      vertex -5.38581929876693 110.57402514854763 50
      vertex -8.614180701233071 110.57402514854763 50
    endloop
  endfacet
  facet normal 0 0 -1
    outer loop
      vertex -4.574025148547634 105.38581929876693 50
      vertex -4.574025148547634 108.61418070123307 50
      vertex -4 105.5 50
    endloop
  endfacet
  facet normal 0 0 -1
    outer loop
      vertex -4.574025148547634 108.61418070123307 50
      vertex -4.574025148547634 105.38581929876693 50
      vertex -5.060660171779821 108.93933982822018 50
    endloop
  endfacet
  facet normal 0 0 -1
    outer loop
      vertex -4 108.5 50
      vertex -4 105.5 50
      vertex -4.574025148547634 108.61418070123307 50
    endloop
  endfacet
  facet normal 0 0 -1
    outer loop
      vertex 0.5 98 50
      vertex -4.574025148547634 102.61418070123307 50
      vertex -4 102.5 50
    endloop
  endfacet
  facet normal 0 0 -1
    outer loop
      vertex 0.5 98 50
      vertex -4 102.5 50
      vertex -3.4259748514523656 102.61418070123307 50
    endloop
  endfacet
  facet normal 0 0 -1
    outer loop
      vertex 0.5 98 50
      vertex -3.4259748514523656 102.61418070123307 50
      vertex -2.9393398282201786 102.93933982822018 50
    endloop
  endfacet
  facet normal 0 0 -1
    outer loop
      vertex 0.5 98 50
      vertex -2.9393398282201786 102.93933982822018 50
      vertex -2.61418070123307 103.42597485145237 50
    endloop
  endfacet
  facet normal 0 0 -1
    outer loop
      vertex 0.5 98 50
      vertex -2.61418070123307 103.42597485145237 50
      vertex -2.5 104 50
    endloop
  endfacet
  facet normal 0 0 -1
    outer loop
      vertex 0.5 98 50
      vertex -2.5 104 50
      vertex -2.5 110 50
    endloop
  endfacet
  facet normal 0 0 -1
    outer loop
      vertex -4 108.5 50
      vertex -3.4259748514523656 105.38581929876693 50
      vertex -4 105.5 50
    endloop
  endfacet
  facet normal 0 0 -1
    outer loop
      vertex -3.4259748514523656 105.38581929876693 50
      vertex -3.4259748514523656 108.61418070123307 50
      vertex -2.9393398282201786 105.06066017177982 50
    endloop
  endfacet
  facet normal 0 0 -1
    outer loop
      vertex -3.4259748514523656 105.38581929876693 50
      vertex -4 108.5 50
      vertex -3.4259748514523656 108.61418070123307 50
    endloop
  endfacet
  facet normal 0 0 -1
    outer loop
      vertex -2.9393398282201786 105.06066017177982 50
      vertex -3.4259748514523656 108.61418070123307 50
      vertex -2.9393398282201786 108.93933982822018 50
    endloop
  endfacet
  facet normal 0 0 -1
    outer loop
      vertex -2.61418070123307 104.57402514854763 50
      vertex -2.9393398282201786 105.06066017177982 50
      vertex -2.9393398282201786 108.93933982822018 50
    endloop
  endfacet
  facet normal 0 0 -1
    outer loop
      vertex -2.5 104 50
      vertex -2.61418070123307 104.57402514854763 50
      vertex -2.61418070123307 109.42597485145237 50
    endloop
  endfacet
  facet normal 0 0 -1
    outer loop
      vertex -2.61418070123307 104.57402514854763 50
      vertex -2.9393398282201786 108.93933982822018 50
      vertex -2.61418070123307 109.42597485145237 50
    endloop
  endfacet
  facet normal 0 0 -1
    outer loop
      vertex -2.5 104 50
      vertex -2.61418070123307 109.42597485145237 50
      vertex -2.5 110 50
    endloop
  endfacet
  facet normal 0 0 -1
    outer loop
      vertex 0.5 98 50
      vertex -2.5 110 50
      vertex -2.5 116 50
    endloop
  endfacet
  facet normal 0 0 1
    outer loop
      vertex -4.574025148547634 102.61418070123307 52
      vertex -8.939339828220179 102.93933982822018 52
      vertex -9.425974851452365 102.61418070123307 52
    endloop
  endfacet
  facet normal 0 0 1
    outer loop
      vertex -5.060660171779821 102.93933982822018 52
      vertex -8.614180701233071 103.42597485145237 52
      vertex -8.939339828220179 102.93933982822018 52
    endloop
  endfacet
  facet normal 0 0 1
    outer loop
      vertex 0 100 52
      vertex -9.425974851452365 102.61418070123307 52
      vertex -10 102.5 52
    endloop
  endfacet
  facet normal 0 0 1
    outer loop
      vertex -5.060660171779821 102.93933982822018 52
      vertex -5.38581929876693 103.42597485145237 52
      vertex -8.614180701233071 103.42597485145237 52
    endloop
  endfacet
  facet normal 0 0 1
    outer loop
      vertex -5.060660171779821 102.93933982822018 52
      vertex -8.939339828220179 102.93933982822018 52
      vertex -4.574025148547634 102.61418070123307 52
    endloop
  endfacet
  facet normal 0 0 1
    outer loop
      vertex -5.5 104 52
      vertex -8.614180701233071 104.57402514854763 52
      vertex -8.5 104 52
    endloop
  endfacet
  facet normal 0 0 1
    outer loop
      vertex -5.38581929876693 103.42597485145237 52
      vertex -8.5 104 52
      vertex -8.614180701233071 103.42597485145237 52
    endloop
  endfacet
  facet normal 0 0 1
    outer loop
      vertex -8.939339828220179 105.06066017177982 52
      vertex -5.060660171779821 105.06066017177982 52
      vertex -9.425974851452365 105.38581929876693 52
    endloop
  endfacet
  facet normal 0 0 1
    outer loop
      vertex -8.939339828220179 105.06066017177982 52
      vertex -8.614180701233071 104.57402514854763 52
      vertex -5.38581929876693 104.57402514854763 52
    endloop
  endfacet
  facet normal 0 0 1
    outer loop
      vertex -5.38581929876693 103.42597485145237 52
      vertex -5.5 104 52
      vertex -8.5 104 52
    endloop
  endfacet
  facet normal 0 0 1
    outer loop
      vertex -5.5 104 52
      vertex -5.38581929876693 104.57402514854763 52
      vertex -8.614180701233071 104.57402514854763 52
    endloop
  endfacet
  facet normal 0 0 1
    outer loop
      vertex -5.38581929876693 104.57402514854763 52
      vertex -5.060660171779821 105.06066017177982 52
      vertex -8.939339828220179 105.06066017177982 52
    endloop
  endfacet
  facet normal 0 0 1
    outer loop
      vertex -4.574025148547634 105.38581929876693 52
      vertex -9.425974851452365 105.38581929876693 52
      vertex -5.060660171779821 105.06066017177982 52
    endloop
  endfacet
  facet normal 0 0 1
    outer loop
      vertex 0 100 52
      vertex -4.574025148547634 102.61418070123307 52
      vertex -9.425974851452365 102.61418070123307 52
    endloop
  endfacet
  facet normal 0 0 1
    outer loop
      vertex -4 108.5 52
      vertex -10 105.5 52
      vertex -9.425974851452365 105.38581929876693 52
    endloop
  endfacet
  facet normal 0 0 1
    outer loop
      vertex -5.060660171779821 108.93933982822018 52
      vertex -8.939339828220179 108.93933982822018 52
      vertex -9.425974851452365 108.61418070123307 52
    endloop
  endfacet
  facet normal 0 0 1
    outer loop
      vertex -5.060660171779821 108.93933982822018 52
      vertex -8.614180701233071 109.42597485145237 52
      vertex -8.939339828220179 108.93933982822018 52
    endloop
  endfacet
  facet normal 0 0 1
    outer loop
      vertex -5.060660171779821 108.93933982822018 52
      vertex -5.38581929876693 109.42597485145237 52
      vertex -8.614180701233071 109.42597485145237 52
    endloop
  endfacet
  facet normal 0 0 1
    outer loop
      vertex -5.38581929876693 109.42597485145237 52
      vertex -5.5 110 52
      vertex -8.614180701233071 109.42597485145237 52
    endloop
  endfacet
  facet normal 0 0 1
    outer loop
      vertex -5.5 110 52
      vertex -5.38581929876693 110.57402514854763 52
      vertex -8.614180701233071 109.42597485145237 52
    endloop
  endfacet
  facet normal 0 0 1
    outer loop
      vertex -4 108.5 52
      vertex -9.425974851452365 105.38581929876693 52
      vertex -4.574025148547634 105.38581929876693 52
    endloop
  endfacet
  facet normal 0 0 1
    outer loop
      vertex -4 108.5 52
      vertex -4.574025148547634 105.38581929876693 52
      vertex -4 105.5 52
    endloop
  endfacet
  facet normal 0 0 1
    outer loop
      vertex 0 100 52
      vertex -4 102.5 52
      vertex -4.574025148547634 102.61418070123307 52
    endloop
  endfacet
  facet normal 0 0 1
    outer loop
      vertex 0 100 52
      vertex -3.4259748514523656 102.61418070123307 52
      vertex -4 102.5 52
    endloop
  endfacet
  facet normal 0 0 1
    outer loop
      vertex 0 100 52
      vertex -2.9393398282201786 102.93933982822018 52
      vertex -3.4259748514523656 102.61418070123307 52
    endloop
  endfacet
  facet normal 0 0 1
    outer loop
      vertex 0 100 52
      vertex -2.61418070123307 103.42597485145237 52
      vertex -2.9393398282201786 102.93933982822018 52
    endloop
  endfacet
  facet normal 0 0 1
    outer loop
      vertex 0 100 52
      vertex -2.5 104 52
      vertex -2.61418070123307 103.42597485145237 52
    endloop
  endfacet
  facet normal 0 0 1
    outer loop
      vertex 0 100 52
      vertex -2.61418070123307 104.57402514854763 52
      vertex -2.5 104 52
    endloop
  endfacet
  facet normal 0 0 1
    outer loop
      vertex 0 100 52
      vertex -2.9393398282201786 108.93933982822018 52
      vertex -2.61418070123307 104.57402514854763 52
    endloop
  endfacet
  facet normal 0 0 1
    outer loop
      vertex -3.4259748514523656 105.38581929876693 52
      vertex -3.4259748514523656 108.61418070123307 52
      vertex -4 105.5 52
    endloop
  endfacet
  facet normal 0 0 1
    outer loop
      vertex -2.9393398282201786 105.06066017177982 52
      vertex -2.9393398282201786 108.93933982822018 52
      vertex -3.4259748514523656 105.38581929876693 52
    endloop
  endfacet
  facet normal 0 0 1
    outer loop
      vertex -4 108.5 52
      vertex -4 105.5 52
      vertex -3.4259748514523656 108.61418070123307 52
    endloop
  endfacet
  facet normal 0 0 1
    outer loop
      vertex -3.4259748514523656 108.61418070123307 52
      vertex -3.4259748514523656 105.38581929876693 52
      vertex -2.9393398282201786 108.93933982822018 52
    endloop
  endfacet
  facet normal 0 0 1
    outer loop
      vertex -2.9393398282201786 105.06066017177982 52
      vertex -2.61418070123307 104.57402514854763 52
      vertex -2.9393398282201786 108.93933982822018 52
    endloop
  endfacet
  facet normal 0 0 1
    outer loop
      vertex 0 110 52
      vertex -3.4259748514523656 111.38581929876693 52
      vertex -2.9393398282201786 111.06066017177982 52
    endloop
  endfacet
  facet normal 0 0 1
    outer loop
      vertex 0 100 52
      vertex 0 110 52
      vertex -2.9393398282201786 108.93933982822018 52
    endloop
  endfacet
  facet normal 0 0 1
    outer loop
      vertex 0 110 52
      vertex -2.61418070123307 109.42597485145237 52
      vertex -2.9393398282201786 108.93933982822018 52
    endloop
  endfacet
  facet normal 0 0 1
    outer loop
      vertex 0 110 52
      vertex -2.5 110 52
      vertex -2.61418070123307 109.42597485145237 52
    endloop
  endfacet
  facet normal 0 0 1
    outer loop
      vertex 0 110 52
      vertex -2.61418070123307 110.57402514854763 52
      vertex -2.5 110 52
    endloop
  endfacet
  facet normal 0 0 1
    outer loop
      vertex 0 110 52
      vertex -2.9393398282201786 111.06066017177982 52
      vertex -2.61418070123307 110.57402514854763 52
    endloop
  endfacet
  facet normal 0 0 -1
    outer loop
      vertex -8.939339828220179 111.06066017177982 50
      vertex -9.425974851452365 114.61418070123307 50
      vertex -5.060660171779821 111.06066017177982 50
    endloop
  endfacet
  facet normal 0 0 -1
    outer loop
      vertex -5.060660171779821 111.06066017177982 50
      vertex -9.425974851452365 114.61418070123307 50
      vertex -8.939339828220179 114.93933982822018 50
    endloop
  endfacet
  facet normal 0 0 -1
    outer loop
      vertex -5.060660171779821 111.06066017177982 50
      vertex -8.939339828220179 114.93933982822018 50
      vertex -4.574025148547634 111.38581929876693 50
    endloop
  endfacet
  facet normal 0 0 -1
    outer loop
      vertex -5.38581929876693 115.42597485145237 50
      vertex -8.939339828220179 114.93933982822018 50
      vertex -8.614180701233071 115.42597485145237 50
    endloop
  endfacet
  facet normal 0 0 -1
    outer loop
      vertex -5.5 116 50
      vertex -8.614180701233071 115.42597485145237 50
      vertex -8.5 116 50
    endloop
  endfacet
  facet normal 0 0 -1
    outer loop
      vertex -5.060660171779821 114.93933982822018 50
      vertex -4.574025148547634 111.38581929876693 50
      vertex -8.939339828220179 114.93933982822018 50
    endloop
  endfacet
  facet normal 0 0 -1
    outer loop
      vertex -5.060660171779821 114.93933982822018 50
      vertex -8.939339828220179 114.93933982822018 50
      vertex -5.38581929876693 115.42597485145237 50
    endloop
  endfacet
  facet normal 0 0 -1
    outer loop
      vertex -5.5 116 50
      vertex -5.38581929876693 115.42597485145237 50
      vertex -8.614180701233071 115.42597485145237 50
    endloop
  endfacet
  facet normal 0 0 -1
    outer loop
      vertex -5.38581929876693 116.57402514854763 50
      vertex -5.5 116 50
      vertex -8.5 116 50
    endloop
  endfacet
  facet normal 0 0 -1
    outer loop
      vertex -4.574025148547634 114.61418070123307 50
      vertex -4.574025148547634 111.38581929876693 50
      vertex -5.060660171779821 114.93933982822018 50
    endloop
  endfacet
  facet normal 0 0 -1
    outer loop
      vertex -4.574025148547634 111.38581929876693 50
      vertex -4.574025148547634 114.61418070123307 50
      vertex -4 111.5 50
    endloop
  endfacet
  facet normal 0 0 -1
    outer loop
      vertex -4 114.5 50
      vertex -4 111.5 50
      vertex -4.574025148547634 114.61418070123307 50
    endloop
  endfacet
  facet normal 0 0 -1
    outer loop
      vertex -5.060660171779821 117.06066017177983 50
      vertex -8.614180701233071 116.57402514854763 50
      vertex -8.939339828220179 117.06066017177983 50
    endloop
  endfacet
  facet normal 0 0 -1
    outer loop
      vertex -4.574025148547634 117.38581929876693 50
      vertex -8.939339828220179 117.06066017177983 50
      vertex -9.425974851452365 117.38581929876693 50
    endloop
  endfacet
  facet normal 0 0 -1
    outer loop
      vertex -5.38581929876693 116.57402514854763 50
      vertex -8.5 116 50
      vertex -8.614180701233071 116.57402514854763 50
    endloop
  endfacet
  facet normal 0 0 -1
    outer loop
      vertex -4.574025148547634 117.38581929876693 50
      vertex -9.425974851452365 117.38581929876693 50
      vertex -9.425974851452365 120.61418070123307 50
    endloop
  endfacet
  facet normal 0 0 -1
    outer loop
      vertex -5.060660171779821 117.06066017177983 50
      vertex -5.38581929876693 116.57402514854763 50
      vertex -8.614180701233071 116.57402514854763 50
    endloop
  endfacet
  facet normal 0 0 -1
    outer loop
      vertex -5.060660171779821 117.06066017177983 50
      vertex -8.939339828220179 117.06066017177983 50
      vertex -4.574025148547634 117.38581929876693 50
    endloop
  endfacet
  facet normal 0 0 -1
    outer loop
      vertex -5.060660171779821 120.93933982822017 50
      vertex -9.425974851452365 120.61418070123307 50
      vertex -8.939339828220179 120.93933982822017 50
    endloop
  endfacet
  facet normal 0 0 -1
    outer loop
      vertex -5.38581929876693 121.42597485145237 50
      vertex -8.939339828220179 120.93933982822017 50
      vertex -8.614180701233071 121.42597485145237 50
    endloop
  endfacet
  facet normal 0 0 -1
    outer loop
      vertex -4.574025148547634 120.61418070123307 50
      vertex -9.425974851452365 120.61418070123307 50
      vertex -5.060660171779821 120.93933982822017 50
    endloop
  endfacet
  facet normal 0 0 -1
    outer loop
      vertex -5.060660171779821 120.93933982822017 50
      vertex -8.939339828220179 120.93933982822017 50
      vertex -5.38581929876693 121.42597485145237 50
    endloop
  endfacet
  facet normal 0 0 -1
    outer loop
      vertex -4.574025148547634 117.38581929876693 50
      vertex -9.425974851452365 120.61418070123307 50
      vertex -4 117.5 50
    endloop
  endfacet
  facet normal 0 0 -1
    outer loop
      vertex -4.574025148547634 120.61418070123307 50
      vertex -4 117.5 50
      vertex -9.425974851452365 120.61418070123307 50
    endloop
  endfacet
  facet normal 0 0 -1
    outer loop
      vertex -4 120.5 50
      vertex -4 117.5 50
      vertex -4.574025148547634 120.61418070123307 50
    endloop
  endfacet
  facet normal 0 0 -1
    outer loop
      vertex -3.4259748514523656 111.38581929876693 50
      vertex -3.4259748514523656 114.61418070123307 50
      vertex -2.9393398282201786 111.06066017177982 50
    endloop
  endfacet
  facet normal 0 0 -1
    outer loop
      vertex -4 114.5 50
      vertex -3.4259748514523656 111.38581929876693 50
      vertex -4 111.5 50
    endloop
  endfacet
  facet normal 0 0 -1
    outer loop
      vertex -3.4259748514523656 111.38581929876693 50
      vertex -4 114.5 50
      vertex -3.4259748514523656 114.61418070123307 50
    endloop
  endfacet
  facet normal 0 0 -1
    outer loop
      vertex -2.9393398282201786 111.06066017177982 50
      vertex -3.4259748514523656 114.61418070123307 50
      vertex -2.9393398282201786 114.93933982822018 50
    endloop
  endfacet
  facet normal 0 0 -1
    outer loop
      vertex -2.61418070123307 110.57402514854763 50
      vertex -2.9393398282201786 111.06066017177982 50
      vertex -2.9393398282201786 114.93933982822018 50
    endloop
  endfacet
  facet normal 0 0 -1
    outer loop
      vertex -2.5 110 50
      vertex -2.61418070123307 110.57402514854763 50
      vertex -2.61418070123307 115.42597485145237 50
    endloop
  endfacet
  facet normal 0 0 -1
    outer loop
      vertex -2.61418070123307 110.57402514854763 50
      vertex -2.9393398282201786 114.93933982822018 50
      vertex -2.61418070123307 115.42597485145237 50
    endloop
  endfacet
  facet normal 0 0 -1
    outer loop
      vertex -2.5 110 50
      vertex -2.61418070123307 115.42597485145237 50
      vertex -2.5 116 50
    endloop
  endfacet
  facet normal 0 0 -1
    outer loop
      vertex -4 120.5 50
      vertex -3.4259748514523656 117.38581929876693 50
      vertex -4 117.5 50
    endloop
  endfacet
  facet normal 0 0 -1
    outer loop
      vertex -3.4259748514523656 117.38581929876693 50
      vertex -3.4259748514523656 120.61418070123307 50
      vertex -2.9393398282201786 117.06066017177983 50
    endloop
  endfacet
  facet normal 0 0 -1
    outer loop
      vertex -2.5 116 50
      vertex -2.61418070123307 116.57402514854763 50
      vertex -2.61418070123307 121.42597485145237 50
    endloop
  endfacet
  facet normal 0 0 -1
    outer loop
      vertex -2.61418070123307 116.57402514854763 50
      vertex -2.9393398282201786 117.06066017177983 50
      vertex -2.9393398282201786 120.93933982822017 50
    endloop
  endfacet
  facet normal 0 0 -1
    outer loop
      vertex -3.4259748514523656 117.38581929876693 50
      vertex -4 120.5 50
      vertex -3.4259748514523656 120.61418070123307 50
    endloop
  endfacet
  facet normal 0 0 -1
    outer loop
      vertex -2.9393398282201786 117.06066017177983 50
      vertex -3.4259748514523656 120.61418070123307 50
      vertex -2.9393398282201786 120.93933982822017 50
    endloop
  endfacet
  facet normal 0 0 -1
    outer loop
      vertex -2.61418070123307 116.57402514854763 50
      vertex -2.9393398282201786 120.93933982822017 50
      vertex -2.61418070123307 121.42597485145237 50
    endloop
  endfacet
  facet normal 0 0 -1
    outer loop
      vertex -2.5 116 50
      vertex -2.61418070123307 121.42597485145237 50
      vertex -2.5 122 50
    endloop
  endfacet
  facet normal 0 0 -1
    outer loop
      vertex 0.5 98 50
      vertex -2.5 116 50
      vertex 1 142 50
    endloop
  endfacet
  facet normal 0 0 1
    outer loop
      vertex -4 114.5 52
      vertex -8.614180701233071 110.57402514854763 52
      vertex -8.5 110 52
    endloop
  endfacet
  facet normal 0 0 1
    outer loop
      vertex -8.939339828220179 111.06066017177982 52
      vertex -8.614180701233071 110.57402514854763 52
      vertex -4.574025148547634 114.61418070123307 52
    endloop
  endfacet
  facet normal 0 0 1
    outer loop
      vertex -8.939339828220179 111.06066017177982 52
      vertex -5.060660171779821 114.93933982822018 52
      vertex -9.425974851452365 111.38581929876693 52
    endloop
  endfacet
  facet normal 0 0 1
    outer loop
      vertex -8.5 110 52
      vertex -8.614180701233071 109.42597485145237 52
      vertex -3.4259748514523656 114.61418070123307 52
    endloop
  endfacet
  facet normal 0 0 1
    outer loop
      vertex -8.939339828220179 111.06066017177982 52
      vertex -4.574025148547634 114.61418070123307 52
      vertex -5.060660171779821 114.93933982822018 52
    endloop
  endfacet
  facet normal 0 0 1
    outer loop
      vertex -5.060660171779821 114.93933982822018 52
      vertex -8.939339828220179 114.93933982822018 52
      vertex -9.425974851452365 111.38581929876693 52
    endloop
  endfacet
  facet normal 0 0 1
    outer loop
      vertex -5.060660171779821 114.93933982822018 52
      vertex -8.614180701233071 115.42597485145237 52
      vertex -8.939339828220179 114.93933982822018 52
    endloop
  endfacet
  facet normal 0 0 1
    outer loop
      vertex -5.5 116 52
      vertex -8.614180701233071 116.57402514854763 52
      vertex -8.5 116 52
    endloop
  endfacet
  facet normal 0 0 1
    outer loop
      vertex -5.38581929876693 115.42597485145237 52
      vertex -8.5 116 52
      vertex -8.614180701233071 115.42597485145237 52
    endloop
  endfacet
  facet normal 0 0 1
    outer loop
      vertex -5.060660171779821 114.93933982822018 52
      vertex -5.38581929876693 115.42597485145237 52
      vertex -8.614180701233071 115.42597485145237 52
    endloop
  endfacet
  facet normal 0 0 1
    outer loop
      vertex -5.38581929876693 115.42597485145237 52
      vertex -5.5 116 52
      vertex -8.5 116 52
    endloop
  endfacet
  facet normal 0 0 1
    outer loop
      vertex -3.4259748514523656 114.61418070123307 52
      vertex -8.614180701233071 109.42597485145237 52
      vertex -5.38581929876693 110.57402514854763 52
    endloop
  endfacet
  facet normal 0 0 1
    outer loop
      vertex -8.614180701233071 110.57402514854763 52
      vertex -4 114.5 52
      vertex -4.574025148547634 114.61418070123307 52
    endloop
  endfacet
  facet normal 0 0 1
    outer loop
      vertex -4 114.5 52
      vertex -8.5 110 52
      vertex -3.4259748514523656 114.61418070123307 52
    endloop
  endfacet
  facet normal 0 0 1
    outer loop
      vertex -3.4259748514523656 114.61418070123307 52
      vertex -5.38581929876693 110.57402514854763 52
      vertex -5.060660171779821 111.06066017177982 52
    endloop
  endfacet
  facet normal 0 0 1
    outer loop
      vertex -3.4259748514523656 114.61418070123307 52
      vertex -5.060660171779821 111.06066017177982 52
      vertex -4.574025148547634 111.38581929876693 52
    endloop
  endfacet
  facet normal 0 0 1
    outer loop
      vertex -5.38581929876693 116.57402514854763 52
      vertex -8.939339828220179 117.06066017177983 52
      vertex -8.614180701233071 116.57402514854763 52
    endloop
  endfacet
  facet normal 0 0 1
    outer loop
      vertex -8.939339828220179 117.06066017177983 52
      vertex -5.060660171779821 120.93933982822017 52
      vertex -9.425974851452365 117.38581929876693 52
    endloop
  endfacet
  facet normal 0 0 1
    outer loop
      vertex -5.5 116 52
      vertex -5.38581929876693 116.57402514854763 52
      vertex -8.614180701233071 116.57402514854763 52
    endloop
  endfacet
  facet normal 0 0 1
    outer loop
      vertex -5.38581929876693 116.57402514854763 52
      vertex -5.060660171779821 117.06066017177983 52
      vertex -8.939339828220179 117.06066017177983 52
    endloop
  endfacet
  facet normal 0 0 1
    outer loop
      vertex -4.574025148547634 120.61418070123307 52
      vertex -8.939339828220179 117.06066017177983 52
      vertex -5.060660171779821 117.06066017177983 52
    endloop
  endfacet
  facet normal 0 0 1
    outer loop
      vertex -5.060660171779821 120.93933982822017 52
      vertex -8.939339828220179 120.93933982822017 52
      vertex -9.425974851452365 117.38581929876693 52
    endloop
  endfacet
  facet normal 0 0 1
    outer loop
      vertex -5.060660171779821 120.93933982822017 52
      vertex -8.614180701233071 121.42597485145237 52
      vertex -8.939339828220179 120.93933982822017 52
    endloop
  endfacet
  facet normal 0 0 1
    outer loop
      vertex -8.939339828220179 117.06066017177983 52
      vertex -4.574025148547634 120.61418070123307 52
      vertex -5.060660171779821 120.93933982822017 52
    endloop
  endfacet
  facet normal 0 0 1
    outer loop
      vertex -5.060660171779821 120.93933982822017 52
      vertex -5.38581929876693 121.42597485145237 52
      vertex -8.614180701233071 121.42597485145237 52
    endloop
  endfacet
  facet normal 0 0 1
    outer loop
      vertex -4.574025148547634 117.38581929876693 52
      vertex -4.574025148547634 120.61418070123307 52
      vertex -5.060660171779821 117.06066017177983 52
    endloop
  endfacet
  facet normal 0 0 1
    outer loop
      vertex -4 120.5 52
      vertex -4.574025148547634 117.38581929876693 52
      vertex -4 117.5 52
    endloop
  endfacet
  facet normal 0 0 1
    outer loop
      vertex -4.574025148547634 117.38581929876693 52
      vertex -4 120.5 52
      vertex -4.574025148547634 120.61418070123307 52
    endloop
  endfacet
  facet normal 0 0 1
    outer loop
      vertex -3.4259748514523656 114.61418070123307 52
      vertex -4.574025148547634 111.38581929876693 52
      vertex -4 111.5 52
    endloop
  endfacet
  facet normal 0 0 1
    outer loop
      vertex -3.4259748514523656 111.38581929876693 52
      vertex -3.4259748514523656 114.61418070123307 52
      vertex -4 111.5 52
    endloop
  endfacet
  facet normal 0 0 1
    outer loop
      vertex 0 110 52
      vertex -3.4259748514523656 114.61418070123307 52
      vertex -3.4259748514523656 111.38581929876693 52
    endloop
  endfacet
  facet normal 0 0 1
    outer loop
      vertex 0 110 52
      vertex -2.9393398282201786 114.93933982822018 52
      vertex -3.4259748514523656 114.61418070123307 52
    endloop
  endfacet
  facet normal 0 0 1
    outer loop
      vertex 0 110 52
      vertex -2.61418070123307 115.42597485145237 52
      vertex -2.9393398282201786 114.93933982822018 52
    endloop
  endfacet
  facet normal 0 0 1
    outer loop
      vertex 0 110 52
      vertex -2.5 116 52
      vertex -2.61418070123307 115.42597485145237 52
    endloop
  endfacet
  facet normal 0 0 1
    outer loop
      vertex -3.4259748514523656 117.38581929876693 52
      vertex -3.4259748514523656 120.61418070123307 52
      vertex -4 117.5 52
    endloop
  endfacet
  facet normal 0 0 1
    outer loop
      vertex -2.9393398282201786 117.06066017177983 52
      vertex -2.9393398282201786 120.93933982822017 52
      vertex -3.4259748514523656 117.38581929876693 52
    endloop
  endfacet
  facet normal 0 0 1
    outer loop
      vertex -2.9393398282201786 117.06066017177983 52
      vertex -2.61418070123307 116.57402514854763 52
      vertex -2.61418070123307 121.42597485145237 52
    endloop
  endfacet
  facet normal 0 0 1
    outer loop
      vertex -4 120.5 52
      vertex -4 117.5 52
      vertex -3.4259748514523656 120.61418070123307 52
    endloop
  endfacet
  facet normal 0 0 1
    outer loop
      vertex -3.4259748514523656 117.38581929876693 52
      vertex -2.9393398282201786 120.93933982822017 52
      vertex -3.4259748514523656 120.61418070123307 52
    endloop
  endfacet
  facet normal 0 0 1
    outer loop
      vertex -2.9393398282201786 117.06066017177983 52
      vertex -2.61418070123307 121.42597485145237 52
      vertex -2.9393398282201786 120.93933982822017 52
    endloop
  endfacet
  facet normal 0 0 1
    outer loop
      vertex -2.5 122 52
      vertex -2.61418070123307 121.42597485145237 52
      vertex -2.61418070123307 116.57402514854763 52
    endloop
  endfacet
  facet normal 0 0 -1
    outer loop
      vertex -29.5 122 50
      vertex -32.61418070123307 121.42597485145237 50
      vertex -32.5 122 50
    endloop
  endfacet
  facet normal 0 0 -1
    outer loop
      vertex -29.38581929876693 122.57402514854763 50
      vertex -32.5 122 50
      vertex -32.61418070123307 122.57402514854763 50
    endloop
  endfacet
  facet normal 0 0 -1
    outer loop
      vertex -29.5 122 50
      vertex -29.38581929876693 121.42597485145237 50
      vertex -32.61418070123307 121.42597485145237 50
    endloop
  endfacet
  facet normal 0 0 -1
    outer loop
      vertex -29.38581929876693 122.57402514854763 50
      vertex -29.5 122 50
      vertex -32.5 122 50
    endloop
  endfacet
  facet normal 0 0 -1
    outer loop
      vertex -29.060660171779823 123.06066017177983 50
      vertex -29.38581929876693 122.57402514854763 50
      vertex -32.61418070123307 122.57402514854763 50
    endloop
  endfacet
  facet normal 0 0 -1
    outer loop
      vertex -28.574025148547634 123.38581929876693 50
      vertex -29.060660171779823 123.06066017177983 50
      vertex -32.61418070123307 122.57402514854763 50
    endloop
  endfacet
  facet normal 0 0 -1
    outer loop
      vertex -28.301587301587304 131.5 50
      vertex -33.42597485145237 123.38581929876693 50
      vertex -34 123.5 50
    endloop
  endfacet
  facet normal 0 0 -1
    outer loop
      vertex -28.301587301587304 131.5 50
      vertex -32.93933982822018 123.06066017177983 50
      vertex -33.42597485145237 123.38581929876693 50
    endloop
  endfacet
  facet normal 0 0 -1
    outer loop
      vertex -28.301587301587304 131.5 50
      vertex -32.61418070123307 122.57402514854763 50
      vertex -32.93933982822018 123.06066017177983 50
    endloop
  endfacet
  facet normal 0 0 -1
    outer loop
      vertex -28.301587301587304 131.5 50
      vertex -28.574025148547634 123.38581929876693 50
      vertex -32.61418070123307 122.57402514854763 50
    endloop
  endfacet
  facet normal 0 0 -1
    outer loop
      vertex -28.301587301587304 131.5 50
      vertex -28 123.5 50
      vertex -28.574025148547634 123.38581929876693 50
    endloop
  endfacet
  facet normal 0 0 -1
    outer loop
      vertex -28.301587301587304 131.5 50
      vertex -27.425974851452366 123.38581929876693 50
      vertex -28 123.5 50
    endloop
  endfacet
  facet normal 0 0 -1
    outer loop
      vertex -28.301587301587304 131.5 50
      vertex -26.939339828220177 123.06066017177983 50
      vertex -27.425974851452366 123.38581929876693 50
    endloop
  endfacet
  facet normal 0 0 -1
    outer loop
      vertex -32.5 116 50
      vertex -26.939339828220177 120.93933982822017 50
      vertex -13.278232754749087 131.5 50
    endloop
  endfacet
  facet normal 0 0 1
    outer loop
      vertex -29.5 122 52
      vertex -32.61418070123307 122.57402514854763 52
      vertex -32.5 122 52
    endloop
  endfacet
  facet normal 0 0 1
    outer loop
      vertex -29.38581929876693 121.42597485145237 52
      vertex -32.5 122 52
      vertex -32.61418070123307 121.42597485145237 52
    endloop
  endfacet
  facet normal 0 0 1
    outer loop
      vertex -32.93933982822018 123.06066017177983 52
      vertex -29.060660171779823 123.06066017177983 52
      vertex -33.42597485145237 123.38581929876693 52
    endloop
  endfacet
  facet normal 0 0 1
    outer loop
      vertex -29.38581929876693 122.57402514854763 52
      vertex -32.93933982822018 123.06066017177983 52
      vertex -32.61418070123307 122.57402514854763 52
    endloop
  endfacet
  facet normal 0 0 1
    outer loop
      vertex -29.38581929876693 121.42597485145237 52
      vertex -29.5 122 52
      vertex -32.5 122 52
    endloop
  endfacet
  facet normal 0 0 1
    outer loop
      vertex -29.5 122 52
      vertex -29.38581929876693 122.57402514854763 52
      vertex -32.61418070123307 122.57402514854763 52
    endloop
  endfacet
  facet normal 0 0 1
    outer loop
      vertex -29.38581929876693 122.57402514854763 52
      vertex -29.060660171779823 123.06066017177983 52
      vertex -32.93933982822018 123.06066017177983 52
    endloop
  endfacet
  facet normal 0 0 1
    outer loop
      vertex -28.574025148547634 123.38581929876693 52
      vertex -33.42597485145237 123.38581929876693 52
      vertex -29.060660171779823 123.06066017177983 52
    endloop
  endfacet
  facet normal 0 0 1
    outer loop
      vertex -12.475000000000001 131.5 52
      vertex -44.714285714285715 131.5 52
      vertex -34 123.5 52
    endloop
  endfacet
  facet normal 0 0 1
    outer loop
      vertex -12.475000000000001 131.5 52
      vertex -34 123.5 52
      vertex -33.42597485145237 123.38581929876693 52
    endloop
  endfacet
  facet normal 0 0 1
    outer loop
      vertex -32.61418070123307 116.57402514854763 52
      vertex -12.475000000000001 131.5 52
      vertex -26.939339828220177 120.93933982822017 52
    endloop
  endfacet
  facet normal 0 0 1
    outer loop
      vertex -12.475000000000001 131.5 52
      vertex -33.42597485145237 123.38581929876693 52
      vertex -28.574025148547634 123.38581929876693 52
    endloop
  endfacet
  facet normal 0 0 -1
    outer loop
      vertex -25.611111111111114 134.5 50
      vertex -34.178784026555626 138.532843272421 50
      vertex -32.865632254112896 138.13450303717738 50
    endloop
  endfacet
  facet normal 0 0 -1
    outer loop
      vertex -25.611111111111114 134.5 50
      vertex -32.865632254112896 138.13450303717738 50
      vertex -31.5 138 50
    endloop
  endfacet
  facet normal 0 0 -1
    outer loop
      vertex -25.611111111111114 134.5 50
      vertex -31.5 138 50
      vertex -30.1343677458871 138.13450303717738 50
    endloop
  endfacet
  facet normal 0 0 -1
    outer loop
      vertex -25.611111111111114 134.5 50
      vertex -30.1343677458871 138.13450303717738 50
      vertex -28.82121597344437 138.532843272421 50
    endloop
  endfacet
  facet normal 0 0 -1
    outer loop
      vertex -25.611111111111114 134.5 50
      vertex -28.82121597344437 138.532843272421 50
      vertex -27.611008368862784 139.17971271388217 50
    endloop
  endfacet
  facet normal 0 0 -1
    outer loop
      vertex -25.611111111111114 134.5 50
      vertex -27.611008368862784 139.17971271388217 50
      vertex -26.550252531694166 140.05025253169418 50
    endloop
  endfacet
  facet normal 0 0 1
    outer loop
      vertex -2 134.5 52
      vertex -31.5 138 52
      vertex -61 134.5 52
    endloop
  endfacet
  facet normal 0 0 -1
    outer loop
      vertex -32.5 116 50
      vertex -13.278232754749087 131.5 50
      vertex -23.060660171779823 123.06066017177983 50
    endloop
  endfacet
  facet normal 0 0 -1
    outer loop
      vertex -26.939339828220177 120.93933982822017 50
      vertex -26.61418070123307 121.42597485145237 50
      vertex -13.278232754749087 131.5 50
    endloop
  endfacet
  facet normal 0 0 -1
    outer loop
      vertex -26.61418070123307 121.42597485145237 50
      vertex -26.5 122 50
      vertex -13.278232754749087 131.5 50
    endloop
  endfacet
  facet normal 0 0 -1
    outer loop
      vertex -26.61418070123307 122.57402514854763 50
      vertex -26.939339828220177 123.06066017177983 50
      vertex -13.278232754749087 131.5 50
    endloop
  endfacet
  facet normal 0 0 -1
    outer loop
      vertex -26.5 122 50
      vertex -26.61418070123307 122.57402514854763 50
      vertex -13.278232754749087 131.5 50
    endloop
  endfacet
  facet normal 0 0 -1
    outer loop
      vertex -28.301587301587304 131.5 50
      vertex -13.278232754749087 131.5 50
      vertex -26.939339828220177 123.06066017177983 50
    endloop
  endfacet
  facet normal 0 0 -1
    outer loop
      vertex -17.5 122 50
      vertex -20.61418070123307 121.42597485145237 50
      vertex -20.5 122 50
    endloop
  endfacet
  facet normal 0 0 -1
    outer loop
      vertex -17.38581929876693 122.57402514854763 50
      vertex -20.5 122 50
      vertex -20.61418070123307 122.57402514854763 50
    endloop
  endfacet
  facet normal 0 0 -1
    outer loop
      vertex -17.060660171779823 123.06066017177983 50
      vertex -20.61418070123307 122.57402514854763 50
      vertex -20.939339828220177 123.06066017177983 50
    endloop
  endfacet
  facet normal 0 0 -1
    outer loop
      vertex -16.574025148547634 123.38581929876693 50
      vertex -20.939339828220177 123.06066017177983 50
      vertex -21.425974851452366 123.38581929876693 50
    endloop
  endfacet
  facet normal 0 0 -1
    outer loop
      vertex -17.5 122 50
      vertex -17.38581929876693 121.42597485145237 50
      vertex -20.61418070123307 121.42597485145237 50
    endloop
  endfacet
  facet normal 0 0 -1
    outer loop
      vertex -17.38581929876693 122.57402514854763 50
      vertex -17.5 122 50
      vertex -20.5 122 50
    endloop
  endfacet
  facet normal 0 0 -1
    outer loop
      vertex -17.060660171779823 123.06066017177983 50
      vertex -17.38581929876693 122.57402514854763 50
      vertex -20.61418070123307 122.57402514854763 50
    endloop
  endfacet
  facet normal 0 0 -1
    outer loop
      vertex -16.574025148547634 123.38581929876693 50
      vertex -17.060660171779823 123.06066017177983 50
      vertex -20.939339828220177 123.06066017177983 50
    endloop
  endfacet
  facet normal 0 0 -1
    outer loop
      vertex -13.278232754749087 131.5 50
      vertex -22.574025148547634 123.38581929876693 50
      vertex -23.060660171779823 123.06066017177983 50
    endloop
  endfacet
  facet normal 0 0 -1
    outer loop
      vertex -13.278232754749087 131.5 50
      vertex -22 123.5 50
      vertex -22.574025148547634 123.38581929876693 50
    endloop
  endfacet
  facet normal 0 0 -1
    outer loop
      vertex -13.278232754749087 131.5 50
      vertex -21.425974851452366 123.38581929876693 50
      vertex -22 123.5 50
    endloop
  endfacet
  facet normal 0 0 -1
    outer loop
      vertex -13.278232754749087 131.5 50
      vertex -16.574025148547634 123.38581929876693 50
      vertex -21.425974851452366 123.38581929876693 50
    endloop
  endfacet
  facet normal 0 0 1
    outer loop
      vertex -32.61418070123307 116.57402514854763 52
      vertex -23.060660171779823 123.06066017177983 52
      vertex -12.475000000000001 131.5 52
    endloop
  endfacet
  facet normal 0 0 1
    outer loop
      vertex -12.475000000000001 131.5 52
      vertex -28.574025148547634 123.38581929876693 52
      vertex -28 123.5 52
    endloop
  endfacet
  facet normal 0 0 1
    outer loop
      vertex -12.475000000000001 131.5 52
      vertex -26.61418070123307 121.42597485145237 52
      vertex -26.939339828220177 120.93933982822017 52
    endloop
  endfacet
  facet normal 0 0 1
    outer loop
      vertex -12.475000000000001 131.5 52
      vertex -28 123.5 52
      vertex -27.425974851452366 123.38581929876693 52
    endloop
  endfacet
  facet normal 0 0 1
    outer loop
      vertex -12.475000000000001 131.5 52
      vertex -26.939339828220177 123.06066017177983 52
      vertex -26.61418070123307 122.57402514854763 52
    endloop
  endfacet
  facet normal 0 0 1
    outer loop
      vertex -12.475000000000001 131.5 52
      vertex -27.425974851452366 123.38581929876693 52
      vertex -26.939339828220177 123.06066017177983 52
    endloop
  endfacet
  facet normal 0 0 1
    outer loop
      vertex -12.475000000000001 131.5 52
      vertex -26.5 122 52
      vertex -26.61418070123307 121.42597485145237 52
    endloop
  endfacet
  facet normal 0 0 1
    outer loop
      vertex -12.475000000000001 131.5 52
      vertex -26.61418070123307 122.57402514854763 52
      vertex -26.5 122 52
    endloop
  endfacet
  facet normal 0 0 1
    outer loop
      vertex -17.5 122 52
      vertex -20.61418070123307 122.57402514854763 52
      vertex -20.5 122 52
    endloop
  endfacet
  facet normal 0 0 1
    outer loop
      vertex -17.38581929876693 121.42597485145237 52
      vertex -20.5 122 52
      vertex -20.61418070123307 121.42597485145237 52
    endloop
  endfacet
  facet normal 0 0 1
    outer loop
      vertex -17.060660171779823 123.06066017177983 52
      vertex -21.425974851452366 123.38581929876693 52
      vertex -20.939339828220177 123.06066017177983 52
    endloop
  endfacet
  facet normal 0 0 1
    outer loop
      vertex -17.38581929876693 122.57402514854763 52
      vertex -20.939339828220177 123.06066017177983 52
      vertex -20.61418070123307 122.57402514854763 52
    endloop
  endfacet
  facet normal 0 0 1
    outer loop
      vertex -17.38581929876693 121.42597485145237 52
      vertex -17.5 122 52
      vertex -20.5 122 52
    endloop
  endfacet
  facet normal 0 0 1
    outer loop
      vertex -17.5 122 52
      vertex -17.38581929876693 122.57402514854763 52
      vertex -20.61418070123307 122.57402514854763 52
    endloop
  endfacet
  facet normal 0 0 1
    outer loop
      vertex -17.38581929876693 122.57402514854763 52
      vertex -17.060660171779823 123.06066017177983 52
      vertex -20.939339828220177 123.06066017177983 52
    endloop
  endfacet
  facet normal 0 0 1
    outer loop
      vertex -16.574025148547634 123.38581929876693 52
      vertex -21.425974851452366 123.38581929876693 52
      vertex -17.060660171779823 123.06066017177983 52
    endloop
  endfacet
  facet normal 0 0 1
    outer loop
      vertex -12.475000000000001 131.5 52
      vertex -23.060660171779823 123.06066017177983 52
      vertex -22.574025148547634 123.38581929876693 52
    endloop
  endfacet
  facet normal 0 0 1
    outer loop
      vertex -12.475000000000001 131.5 52
      vertex -22.574025148547634 123.38581929876693 52
      vertex -22 123.5 52
    endloop
  endfacet
  facet normal 0 0 1
    outer loop
      vertex -12.475000000000001 131.5 52
      vertex -22 123.5 52
      vertex -21.425974851452366 123.38581929876693 52
    endloop
  endfacet
  facet normal 0 0 1
    outer loop
      vertex -12.475000000000001 131.5 52
      vertex -21.425974851452366 123.38581929876693 52
      vertex -16.574025148547634 123.38581929876693 52
    endloop
  endfacet
  facet normal 0 0 1
    outer loop
      vertex -2 134.5 52
      vertex -30.1343677458871 138.13450303717738 52
      vertex -31.5 138 52
    endloop
  endfacet
  facet normal 0 0 1
    outer loop
      vertex -2 134.5 52
      vertex -28.82121597344437 138.532843272421 52
      vertex -30.1343677458871 138.13450303717738 52
    endloop
  endfacet
  facet normal 0 0 1
    outer loop
      vertex -2 134.5 52
      vertex -27.611008368862784 139.17971271388217 52
      vertex -28.82121597344437 138.532843272421 52
    endloop
  endfacet
  facet normal 0 0 1
    outer loop
      vertex -2 134.5 52
      vertex -26.550252531694166 140.05025253169418 52
      vertex -27.611008368862784 139.17971271388217 52
    endloop
  endfacet
  facet normal 0 0 1
    outer loop
      vertex -1 140 52
      vertex -25.679712713882182 141.11100836886277 52
      vertex -26.550252531694166 140.05025253169418 52
    endloop
  endfacet
  facet normal 0 0 1
    outer loop
      vertex -1 140 52
      vertex -25.032843272420994 142.32121597344437 52
      vertex -25.679712713882182 141.11100836886277 52
    endloop
  endfacet
  facet normal 0 0 -1
    outer loop
      vertex -30.1343677458871 151.86549696282262 50
      vertex -61 157.5 50
      vertex -2 157.5 50
    endloop
  endfacet
  facet normal 0 0 1
    outer loop
      vertex -2 157.5 52
      vertex -46.25 157.5 52
      vertex -28.82121597344437 151.467156727579 52
    endloop
  endfacet
  facet normal 0 0 -1
    outer loop
      vertex -2 157.5 50
      vertex -25.611111111111114 134.5 50
      vertex -26.550252531694166 140.05025253169418 50
    endloop
  endfacet
  facet normal 0 0 -1
    outer loop
      vertex -2 157.5 50
      vertex -26.550252531694166 140.05025253169418 50
      vertex -25.679712713882182 141.11100836886277 50
    endloop
  endfacet
  facet normal 0 0 -1
    outer loop
      vertex -2 157.5 50
      vertex -25.679712713882182 141.11100836886277 50
      vertex -25.032843272420994 142.32121597344437 50
    endloop
  endfacet
  facet normal 0 0 -1
    outer loop
      vertex -25.679712713882182 148.88899163113723 50
      vertex -26.550252531694166 149.94974746830582 50
      vertex -2 157.5 50
    endloop
  endfacet
  facet normal 0 0 -1
    outer loop
      vertex -2 157.5 50
      vertex -25.032843272420994 142.32121597344437 50
      vertex -24.63450303717739 143.63436774588712 50
    endloop
  endfacet
  facet normal 0 0 -1
    outer loop
      vertex -2 157.5 50
      vertex -24.63450303717739 143.63436774588712 50
      vertex -24.5 145 50
    endloop
  endfacet
  facet normal 0 0 -1
    outer loop
      vertex -2 157.5 50
      vertex -24.5 145 50
      vertex -24.63450303717739 146.36563225411288 50
    endloop
  endfacet
  facet normal 0 0 -1
    outer loop
      vertex -24.63450303717739 146.36563225411288 50
      vertex -25.032843272420994 147.67878402655563 50
      vertex -2 157.5 50
    endloop
  endfacet
  facet normal 0 0 -1
    outer loop
      vertex -25.032843272420994 147.67878402655563 50
      vertex -25.679712713882182 148.88899163113723 50
      vertex -2 157.5 50
    endloop
  endfacet
  facet normal 0 0 1
    outer loop
      vertex -1 140 52
      vertex -24.63450303717739 143.63436774588712 52
      vertex -25.032843272420994 142.32121597344437 52
    endloop
  endfacet
  facet normal 0 0 1
    outer loop
      vertex -1 140 52
      vertex -24.5 145 52
      vertex -24.63450303717739 143.63436774588712 52
    endloop
  endfacet
  facet normal 0 0 1
    outer loop
      vertex -1 140 52
      vertex -24.63450303717739 146.36563225411288 52
      vertex -24.5 145 52
    endloop
  endfacet
  facet normal 0 0 1
    outer loop
      vertex -2 157.5 52
      vertex -26.550252531694166 149.94974746830582 52
      vertex -25.679712713882182 148.88899163113723 52
    endloop
  endfacet
  facet normal 0 0 1
    outer loop
      vertex -25.032843272420994 147.67878402655563 52
      vertex -24.63450303717739 146.36563225411288 52
      vertex -2 157.5 52
    endloop
  endfacet
  facet normal 0 0 1
    outer loop
      vertex -2 157.5 52
      vertex -25.679712713882182 148.88899163113723 52
      vertex -25.032843272420994 147.67878402655563 52
    endloop
  endfacet
  facet normal 0 0 -1
    outer loop
      vertex -30.1343677458871 151.86549696282262 50
      vertex -2 157.5 50
      vertex -28.82121597344437 151.467156727579 50
    endloop
  endfacet
  facet normal 0 0 -1
    outer loop
      vertex -0.5 162.5 50
      vertex -2 160.5 50
      vertex -62.5 162.5 50
    endloop
  endfacet
  facet normal 0 0 -1
    outer loop
      vertex -28.82121597344437 151.467156727579 50
      vertex -2 157.5 50
      vertex -27.611008368862784 150.82028728611783 50
    endloop
  endfacet
  facet normal 0 0 -1
    outer loop
      vertex -27.611008368862784 150.82028728611783 50
      vertex -2 157.5 50
      vertex -26.550252531694166 149.94974746830582 50
    endloop
  endfacet
  facet normal 0 1 0
    outer loop
      vertex -0.5 162.5 50
      vertex -62.5 162.5 52
      vertex -0.5 162.5 52
    endloop
  endfacet
  facet normal 0 0 1
    outer loop
      vertex -0.3529742881655693 162.49277708679438 52
      vertex -0.5 162.5 52
      vertex -63 161.5 52
    endloop
  endfacet
  facet normal 0 0 1
    outer loop
      vertex -0.2073645144701004 162.47117792069912 52
      vertex -0.3529742881655693 162.49277708679438 52
      vertex -63 161.5 52
    endloop
  endfacet
  facet normal 0 0 1
    outer loop
      vertex -0.06457298249006271 162.43541050702333 52
      vertex -0.2073645144701004 162.47117792069912 52
      vertex -63 161.5 52
    endloop
  endfacet
  facet normal 0 0 1
    outer loop
      vertex 0 161.5 52
      vertex 0.4515899270772934 162.1595156788826 52
      vertex -63 161.5 52
    endloop
  endfacet
  facet normal 0 0 1
    outer loop
      vertex 0.20709510892629623 162.32288189977407 52
      vertex 0.07402514666318893 162.38581930100918 52
      vertex -63 161.5 52
    endloop
  endfacet
  facet normal 0 0 1
    outer loop
      vertex 0.07402514666318893 162.38581930100918 52
      vertex -0.06457298249006271 162.43541050702333 52
      vertex -63 161.5 52
    endloop
  endfacet
  facet normal 0 0 1
    outer loop
      vertex 0.3333553522825241 162.24720441550016 52
      vertex 0.20709510892629623 162.32288189977407 52
      vertex -63 161.5 52
    endloop
  endfacet
  facet normal 0 0 1
    outer loop
      vertex 0.4515899270772934 162.1595156788826 52
      vertex 0.3333553522825241 162.24720441550016 52
      vertex -63 161.5 52
    endloop
  endfacet
  facet normal 0 0 1
    outer loop
      vertex -2 157.5 52
      vertex -28.82121597344437 151.467156727579 52
      vertex -27.611008368862784 150.82028728611783 52
    endloop
  endfacet
  facet normal 0 0 1
    outer loop
      vertex -2 157.5 52
      vertex -27.611008368862784 150.82028728611783 52
      vertex -26.550252531694166 149.94974746830582 52
    endloop
  endfacet
  facet normal 0 0 -1
    outer loop
      vertex -13.278232754749087 131.5 50
      vertex -16 123.5 50
      vertex -16.574025148547634 123.38581929876693 50
    endloop
  endfacet
  facet normal 0 0 -1
    outer loop
      vertex -13.278232754749087 131.5 50
      vertex -15.425974851452365 123.38581929876693 50
      vertex -16 123.5 50
    endloop
  endfacet
  facet normal 0 0 -1
    outer loop
      vertex -11.5 122 50
      vertex -14.614180701233071 121.42597485145237 50
      vertex -14.5 122 50
    endloop
  endfacet
  facet normal 0 0 -1
    outer loop
      vertex -11.385819298766929 122.57402514854763 50
      vertex -14.5 122 50
      vertex -14.614180701233071 122.57402514854763 50
    endloop
  endfacet
  facet normal 0 0 -1
    outer loop
      vertex -11.060660171779821 123.06066017177983 50
      vertex -14.614180701233071 122.57402514854763 50
      vertex -14.939339828220179 123.06066017177983 50
    endloop
  endfacet
  facet normal 0 0 -1
    outer loop
      vertex -10.574025148547635 123.38581929876693 50
      vertex -14.939339828220179 123.06066017177983 50
      vertex -15.425974851452365 123.38581929876693 50
    endloop
  endfacet
  facet normal 0 0 -1
    outer loop
      vertex -11.5 122 50
      vertex -11.385819298766929 121.42597485145237 50
      vertex -14.614180701233071 121.42597485145237 50
    endloop
  endfacet
  facet normal 0 0 -1
    outer loop
      vertex -11.385819298766929 122.57402514854763 50
      vertex -11.5 122 50
      vertex -14.5 122 50
    endloop
  endfacet
  facet normal 0 0 -1
    outer loop
      vertex -11.060660171779821 123.06066017177983 50
      vertex -11.385819298766929 122.57402514854763 50
      vertex -14.614180701233071 122.57402514854763 50
    endloop
  endfacet
  facet normal 0 0 -1
    outer loop
      vertex -10.574025148547635 123.38581929876693 50
      vertex -11.060660171779821 123.06066017177983 50
      vertex -14.939339828220179 123.06066017177983 50
    endloop
  endfacet
  facet normal 0 0 -1
    outer loop
      vertex -13.278232754749087 131.5 50
      vertex -10.574025148547635 123.38581929876693 50
      vertex -15.425974851452365 123.38581929876693 50
    endloop
  endfacet
  facet normal 0 0 -1
    outer loop
      vertex -13.278232754749087 131.5 50
      vertex -10 123.5 50
      vertex -10.574025148547635 123.38581929876693 50
    endloop
  endfacet
  facet normal 0 0 -1
    outer loop
      vertex -13.278232754749087 131.5 50
      vertex -9.425974851452365 123.38581929876693 50
      vertex -10 123.5 50
    endloop
  endfacet
  facet normal 0 0 -1
    outer loop
      vertex -13.278232754749087 131.5 50
      vertex -4.574025148547634 123.38581929876693 50
      vertex -9.425974851452365 123.38581929876693 50
    endloop
  endfacet
  facet normal 0 0 1
    outer loop
      vertex -12.475000000000001 131.5 52
      vertex -16.574025148547634 123.38581929876693 52
      vertex -16 123.5 52
    endloop
  endfacet
  facet normal 0 0 1
    outer loop
      vertex -12.475000000000001 131.5 52
      vertex -16 123.5 52
      vertex -15.425974851452365 123.38581929876693 52
    endloop
  endfacet
  facet normal 0 0 1
    outer loop
      vertex -11.5 122 52
      vertex -14.614180701233071 122.57402514854763 52
      vertex -14.5 122 52
    endloop
  endfacet
  facet normal 0 0 1
    outer loop
      vertex -11.385819298766929 121.42597485145237 52
      vertex -14.5 122 52
      vertex -14.614180701233071 121.42597485145237 52
    endloop
  endfacet
  facet normal 0 0 1
    outer loop
      vertex -14.939339828220179 123.06066017177983 52
      vertex -11.060660171779821 123.06066017177983 52
      vertex -15.425974851452365 123.38581929876693 52
    endloop
  endfacet
  facet normal 0 0 1
    outer loop
      vertex -11.385819298766929 122.57402514854763 52
      vertex -14.939339828220179 123.06066017177983 52
      vertex -14.614180701233071 122.57402514854763 52
    endloop
  endfacet
  facet normal 0 0 1
    outer loop
      vertex -11.385819298766929 121.42597485145237 52
      vertex -11.5 122 52
      vertex -14.5 122 52
    endloop
  endfacet
  facet normal 0 0 1
    outer loop
      vertex -11.5 122 52
      vertex -11.385819298766929 122.57402514854763 52
      vertex -14.614180701233071 122.57402514854763 52
    endloop
  endfacet
  facet normal 0 0 1
    outer loop
      vertex -11.385819298766929 122.57402514854763 52
      vertex -11.060660171779821 123.06066017177983 52
      vertex -14.939339828220179 123.06066017177983 52
    endloop
  endfacet
  facet normal 0 0 1
    outer loop
      vertex -10.574025148547635 123.38581929876693 52
      vertex -15.425974851452365 123.38581929876693 52
      vertex -11.060660171779821 123.06066017177983 52
    endloop
  endfacet
  facet normal 0 0 1
    outer loop
      vertex -12.475000000000001 131.5 52
      vertex -15.425974851452365 123.38581929876693 52
      vertex -10.574025148547635 123.38581929876693 52
    endloop
  endfacet
  facet normal 0 0 1
    outer loop
      vertex -12.475000000000001 131.5 52
      vertex -10.574025148547635 123.38581929876693 52
      vertex -10 123.5 52
    endloop
  endfacet
  facet normal 0 0 1
    outer loop
      vertex -12.475000000000001 131.5 52
      vertex -10 123.5 52
      vertex -2 131.5 52
    endloop
  endfacet
  facet normal 0 0 1
    outer loop
      vertex -1 140 52
      vertex -26.550252531694166 140.05025253169418 52
      vertex -2 134.5 52
    endloop
  endfacet
  facet normal 0 0 -1
    outer loop
      vertex -5.5 122 50
      vertex -8.614180701233071 121.42597485145237 50
      vertex -8.5 122 50
    endloop
  endfacet
  facet normal 0 0 -1
    outer loop
      vertex -5.38581929876693 122.57402514854763 50
      vertex -8.5 122 50
      vertex -8.614180701233071 122.57402514854763 50
    endloop
  endfacet
  facet normal 0 0 -1
    outer loop
      vertex -5.060660171779821 123.06066017177983 50
      vertex -8.614180701233071 122.57402514854763 50
      vertex -8.939339828220179 123.06066017177983 50
    endloop
  endfacet
  facet normal 0 0 -1
    outer loop
      vertex -4.574025148547634 123.38581929876693 50
      vertex -8.939339828220179 123.06066017177983 50
      vertex -9.425974851452365 123.38581929876693 50
    endloop
  endfacet
  facet normal 0 0 -1
    outer loop
      vertex -5.5 122 50
      vertex -5.38581929876693 121.42597485145237 50
      vertex -8.614180701233071 121.42597485145237 50
    endloop
  endfacet
  facet normal 0 0 -1
    outer loop
      vertex -5.38581929876693 122.57402514854763 50
      vertex -5.5 122 50
      vertex -8.5 122 50
    endloop
  endfacet
  facet normal 0 0 -1
    outer loop
      vertex -5.060660171779821 123.06066017177983 50
      vertex -5.38581929876693 122.57402514854763 50
      vertex -8.614180701233071 122.57402514854763 50
    endloop
  endfacet
  facet normal 0 0 -1
    outer loop
      vertex -4.574025148547634 123.38581929876693 50
      vertex -5.060660171779821 123.06066017177983 50
      vertex -8.939339828220179 123.06066017177983 50
    endloop
  endfacet
  facet normal 0 0 -1
    outer loop
      vertex -13.278232754749087 131.5 50
      vertex -4 123.5 50
      vertex -4.574025148547634 123.38581929876693 50
    endloop
  endfacet
  facet normal 0 0 -1
    outer loop
      vertex -13.278232754749087 131.5 50
      vertex -2 131.5 50
      vertex -4 123.5 50
    endloop
  endfacet
  facet normal 0 0 -1
    outer loop
      vertex -4 123.5 50
      vertex -2 131.5 50
      vertex -3.4259748514523656 123.38581929876693 50
    endloop
  endfacet
  facet normal 0 0 -1
    outer loop
      vertex -2.61418070123307 122.57402514854763 50
      vertex -2.9393398282201786 123.06066017177983 50
      vertex -2 131.5 50
    endloop
  endfacet
  facet normal 0 0 -1
    outer loop
      vertex -3.4259748514523656 123.38581929876693 50
      vertex -2 131.5 50
      vertex -2.9393398282201786 123.06066017177983 50
    endloop
  endfacet
  facet normal 0 0 -1
    outer loop
      vertex -2.5 122 50
      vertex -2.61418070123307 122.57402514854763 50
      vertex -2 131.5 50
    endloop
  endfacet
  facet normal 0 0 -1
    outer loop
      vertex 1 142 50
      vertex -2.5 116 50
      vertex -2.5 122 50
    endloop
  endfacet
  facet normal 0 0 1
    outer loop
      vertex -5.5 122 52
      vertex -8.614180701233071 122.57402514854763 52
      vertex -8.5 122 52
    endloop
  endfacet
  facet normal 0 0 1
    outer loop
      vertex -5.38581929876693 121.42597485145237 52
      vertex -8.5 122 52
      vertex -8.614180701233071 121.42597485145237 52
    endloop
  endfacet
  facet normal 0 0 1
    outer loop
      vertex -8.939339828220179 123.06066017177983 52
      vertex -5.060660171779821 123.06066017177983 52
      vertex -9.425974851452365 123.38581929876693 52
    endloop
  endfacet
  facet normal 0 0 1
    outer loop
      vertex -5.38581929876693 122.57402514854763 52
      vertex -8.939339828220179 123.06066017177983 52
      vertex -8.614180701233071 122.57402514854763 52
    endloop
  endfacet
  facet normal 0 0 1
    outer loop
      vertex -5.38581929876693 121.42597485145237 52
      vertex -5.5 122 52
      vertex -8.5 122 52
    endloop
  endfacet
  facet normal 0 0 1
    outer loop
      vertex -5.5 122 52
      vertex -5.38581929876693 122.57402514854763 52
      vertex -8.614180701233071 122.57402514854763 52
    endloop
  endfacet
  facet normal 0 0 1
    outer loop
      vertex -5.38581929876693 122.57402514854763 52
      vertex -5.060660171779821 123.06066017177983 52
      vertex -8.939339828220179 123.06066017177983 52
    endloop
  endfacet
  facet normal 0 0 1
    outer loop
      vertex -4.574025148547634 123.38581929876693 52
      vertex -9.425974851452365 123.38581929876693 52
      vertex -5.060660171779821 123.06066017177983 52
    endloop
  endfacet
  facet normal 0 0 1
    outer loop
      vertex -9.425974851452365 123.38581929876693 52
      vertex -2 131.5 52
      vertex -10 123.5 52
    endloop
  endfacet
  facet normal 0 0 1
    outer loop
      vertex -4.574025148547634 123.38581929876693 52
      vertex -2 131.5 52
      vertex -9.425974851452365 123.38581929876693 52
    endloop
  endfacet
  facet normal 0 0 1
    outer loop
      vertex -2.61418070123307 116.57402514854763 52
      vertex -2 131.5 52
      vertex -2.5 122 52
    endloop
  endfacet
  facet normal 0 0 1
    outer loop
      vertex -4 123.5 52
      vertex -2 131.5 52
      vertex -4.574025148547634 123.38581929876693 52
    endloop
  endfacet
  facet normal 0 0 1
    outer loop
      vertex -3.4259748514523656 123.38581929876693 52
      vertex -2 131.5 52
      vertex -4 123.5 52
    endloop
  endfacet
  facet normal 0 0 1
    outer loop
      vertex -1 140 52
      vertex -2.61418070123307 116.57402514854763 52
      vertex -2.5 116 52
    endloop
  endfacet
  facet normal 0 0 1
    outer loop
      vertex -2.9393398282201786 123.06066017177983 52
      vertex -2.61418070123307 122.57402514854763 52
      vertex -2 131.5 52
    endloop
  endfacet
  facet normal 0 0 1
    outer loop
      vertex -2.9393398282201786 123.06066017177983 52
      vertex -2 131.5 52
      vertex -3.4259748514523656 123.38581929876693 52
    endloop
  endfacet
  facet normal 0 0 1
    outer loop
      vertex -2.61418070123307 122.57402514854763 52
      vertex -2.5 122 52
      vertex -2 131.5 52
    endloop
  endfacet
  facet normal 0 0 1
    outer loop
      vertex 0 110 52
      vertex -1 140 52
      vertex -2.5 116 52
    endloop
  endfacet
  facet normal 0 0 1
    outer loop
      vertex -1 140 52
      vertex -2 131.5 52
      vertex -2.61418070123307 116.57402514854763 52
    endloop
  endfacet
  facet normal 0 0 -1
    outer loop
      vertex 1 142 50
      vertex -2.5 122 50
      vertex -2 131.5 50
    endloop
  endfacet
  facet normal 0 0 -1
    outer loop
      vertex 1 142 50
      vertex -2 131.5 50
      vertex -2 134.5 50
    endloop
  endfacet
  facet normal 0 0 1
    outer loop
      vertex -1 140 52
      vertex -2 134.5 52
      vertex -2 131.5 52
    endloop
  endfacet
  facet normal 0 0 -1
    outer loop
      vertex -2 134.5 50
      vertex -25.611111111111114 134.5 50
      vertex -2 157.5 50
    endloop
  endfacet
  facet normal 0 0 1
    outer loop
      vertex -1 140 52
      vertex -2 157.5 52
      vertex -24.63450303717739 146.36563225411288 52
    endloop
  endfacet
  facet normal 0 0 -1
    outer loop
      vertex 1 142 50
      vertex -2 134.5 50
      vertex -2 157.5 50
    endloop
  endfacet
  facet normal 0 0 -1
    outer loop
      vertex 1 161 50
      vertex -2 157.5 50
      vertex 0.9927770867943764 161.14702571183443 50
    endloop
  endfacet
  facet normal 0 0 -1
    outer loop
      vertex -0.3529742881655693 162.49277708679438 50
      vertex -2 157.5 50
      vertex -2 160.5 50
    endloop
  endfacet
  facet normal 0 0 -1
    outer loop
      vertex -0.06457298249006271 162.43541050702333 50
      vertex -2 157.5 50
      vertex -0.2073645144701004 162.47117792069912 50
    endloop
  endfacet
  facet normal 0 0 -1
    outer loop
      vertex -0.2073645144701004 162.47117792069912 50
      vertex -2 157.5 50
      vertex -0.3529742881655693 162.49277708679438 50
    endloop
  endfacet
  facet normal 0 0 -1
    outer loop
      vertex 0.07402514666318893 162.38581930100918 50
      vertex -2 157.5 50
      vertex -0.06457298249006271 162.43541050702333 50
    endloop
  endfacet
  facet normal 0 0 -1
    outer loop
      vertex 0.20709510892629623 162.32288189977407 50
      vertex -2 157.5 50
      vertex 0.07402514666318893 162.38581930100918 50
    endloop
  endfacet
  facet normal 0 0 -1
    outer loop
      vertex 0.6595156788825989 161.9515899270773 50
      vertex -2 157.5 50
      vertex 0.5606601685285568 162.06066016852856 50
    endloop
  endfacet
  facet normal 0 0 -1
    outer loop
      vertex 0.9927770867943764 161.14702571183443 50
      vertex -2 157.5 50
      vertex 0.9711779206991196 161.2926354855299 50
    endloop
  endfacet
  facet normal 0 0 -1
    outer loop
      vertex 0.9711779206991196 161.2926354855299 50
      vertex -2 157.5 50
      vertex 0.9354105070233345 161.43542701750994 50
    endloop
  endfacet
  facet normal 0 0 -1
    outer loop
      vertex 0.9354105070233345 161.43542701750994 50
      vertex -2 157.5 50
      vertex 0.8858193010091782 161.5740251466632 50
    endloop
  endfacet
  facet normal 0 0 -1
    outer loop
      vertex 0.8228818997740746 161.7070951089263 50
      vertex -2 157.5 50
      vertex 0.747204415500164 161.83335535228252 50
    endloop
  endfacet
  facet normal 0 0 -1
    outer loop
      vertex 0.747204415500164 161.83335535228252 50
      vertex -2 157.5 50
      vertex 0.6595156788825989 161.9515899270773 50
    endloop
  endfacet
  facet normal 0 0 -1
    outer loop
      vertex 0.8858193010091782 161.5740251466632 50
      vertex -2 157.5 50
      vertex 0.8228818997740746 161.7070951089263 50
    endloop
  endfacet
  facet normal 0 0 -1
    outer loop
      vertex 0.4515899270772934 162.1595156788826 50
      vertex -2 157.5 50
      vertex 0.3333553522825241 162.24720441550016 50
    endloop
  endfacet
  facet normal 0 0 -1
    outer loop
      vertex 0.3333553522825241 162.24720441550016 50
      vertex -2 157.5 50
      vertex 0.20709510892629623 162.32288189977407 50
    endloop
  endfacet
  facet normal 0 0 -1
    outer loop
      vertex 0.5606601685285568 162.06066016852856 50
      vertex -2 157.5 50
      vertex 0.4515899270772934 162.1595156788826 50
    endloop
  endfacet
  facet normal 0 0 -1
    outer loop
      vertex -0.3529742881655693 162.49277708679438 50
      vertex -2 160.5 50
      vertex -0.5 162.5 50
    endloop
  endfacet
  facet normal 0 0 1
    outer loop
      vertex -1 140 52
      vertex -2 160.5 52
      vertex -2 157.5 52
    endloop
  endfacet
  facet normal 0 0 1
    outer loop
      vertex -1 140 52
      vertex -1 160.5 52
      vertex -2 160.5 52
    endloop
  endfacet
  facet normal 0.04906769566193293 0.9987954551570747 0
    outer loop
      vertex -0.3529742881655693 162.49277708679438 50
      vertex -0.5 162.5 50
      vertex -0.5 162.5 52
    endloop
  endfacet
  facet normal 0.14673045131624157 0.989176513397145 0
    outer loop
      vertex -0.2073645144701004 162.47117792069912 50
      vertex -0.3529742881655693 162.49277708679438 50
      vertex -0.3529742881655693 162.49277708679438 52
    endloop
  endfacet
  facet normal 0.24298016001722236 0.9700312581757379 0
    outer loop
      vertex -0.06457298249006271 162.43541050702333 50
      vertex -0.2073645144701004 162.47117792069912 50
      vertex -0.2073645144701004 162.47117792069912 52
    endloop
  endfacet
  facet normal 0.33688986808449944 0.941544059926039 0
    outer loop
      vertex 0.07402514666318893 162.38581930100918 50
      vertex -0.06457298249006271 162.43541050702333 50
      vertex -0.06457298249006271 162.43541050702333 52
    endloop
  endfacet
  facet normal 0.04906769566193293 0.9987954551570747 0
    outer loop
      vertex -0.3529742881655693 162.49277708679438 50
      vertex -0.5 162.5 52
      vertex -0.3529742881655693 162.49277708679438 52
    endloop
  endfacet
  facet normal 0.14673045131624157 0.989176513397145 0
    outer loop
      vertex -0.2073645144701004 162.47117792069912 50
      vertex -0.3529742881655693 162.49277708679438 52
      vertex -0.2073645144701004 162.47117792069912 52
    endloop
  endfacet
  facet normal 0.24298016001722236 0.9700312581757379 0
    outer loop
      vertex -0.06457298249006271 162.43541050702333 50
      vertex -0.2073645144701004 162.47117792069912 52
      vertex -0.06457298249006271 162.43541050702333 52
    endloop
  endfacet
  facet normal 0.04906769566193293 -0.9987954551570747 0
    outer loop
      vertex 0.6470257118344307 98.00722291320562 50
      vertex 0.6470257118344307 98.00722291320562 52
      vertex 0.5 98 50
    endloop
  endfacet
  facet normal 0.14673045131624157 -0.989176513397145 0
    outer loop
      vertex 0.7926354855298996 98.02882207930088 50
      vertex 0.7926354855298996 98.02882207930088 52
      vertex 0.6470257118344307 98.00722291320562 50
    endloop
  endfacet
  facet normal 0.24298016001722236 -0.9700312581757379 0
    outer loop
      vertex 0.9354270175099373 98.06458949297667 50
      vertex 0.9354270175099373 98.06458949297667 52
      vertex 0.7926354855298996 98.02882207930088 50
    endloop
  endfacet
  facet normal 0.33688986808449944 -0.941544059926039 0
    outer loop
      vertex 1.074025146663189 98.11418069899082 50
      vertex 1.074025146663189 98.11418069899082 52
      vertex 0.9354270175099373 98.06458949297667 50
    endloop
  endfacet
  facet normal 0.42755507319767905 -0.9039893026927516 0
    outer loop
      vertex 1.074025146663189 98.11418069899082 50
      vertex 1.2070951089262962 98.17711810022593 50
      vertex 1.2070951089262962 98.17711810022593 52
    endloop
  endfacet
  facet normal 0.5141027780042697 -0.857728589734709 0
    outer loop
      vertex 1.2070951089262962 98.17711810022593 50
      vertex 1.333355352282524 98.25279558449984 50
      vertex 1.333355352282524 98.25279558449984 52
    endloop
  endfacet
  facet normal 0.04906769566193293 -0.9987954551570747 0
    outer loop
      vertex 0.5 98 50
      vertex 0.6470257118344307 98.00722291320562 52
      vertex 0.5 98 52
    endloop
  endfacet
  facet normal 0.14673045131624157 -0.989176513397145 0
    outer loop
      vertex 0.6470257118344307 98.00722291320562 50
      vertex 0.7926354855298996 98.02882207930088 52
      vertex 0.6470257118344307 98.00722291320562 52
    endloop
  endfacet
  facet normal 0.24298016001722236 -0.9700312581757379 0
    outer loop
      vertex 0.7926354855298996 98.02882207930088 50
      vertex 0.9354270175099373 98.06458949297667 52
      vertex 0.7926354855298996 98.02882207930088 52
    endloop
  endfacet
  facet normal 0.33688986808449944 -0.941544059926039 0
    outer loop
      vertex 0.9354270175099373 98.06458949297667 50
      vertex 1.074025146663189 98.11418069899082 52
      vertex 0.9354270175099373 98.06458949297667 52
    endloop
  endfacet
  facet normal 0.42755507319767905 -0.9039893026927516 0
    outer loop
      vertex 1.074025146663189 98.11418069899082 50
      vertex 1.2070951089262962 98.17711810022593 52
      vertex 1.074025146663189 98.11418069899082 52
    endloop
  endfacet
  facet normal 0.5141027780042697 -0.857728589734709 0
    outer loop
      vertex 1.2070951089262962 98.17711810022593 50
      vertex 1.333355352282524 98.25279558449984 52
      vertex 1.2070951089262962 98.17711810022593 52
    endloop
  endfacet
  facet normal 0.5956993028830408 -0.8032075326742517 0
    outer loop
      vertex 1.4515899270772934 98.3404843211174 50
      vertex 1.4515899270772934 98.3404843211174 52
      vertex 1.333355352282524 98.25279558449984 50
    endloop
  endfacet
  facet normal 0.6715589764431047 -0.7409511057814067 0
    outer loop
      vertex 1.4515899270772934 98.3404843211174 50
      vertex 1.5606601685285568 98.43933983147144 50
      vertex 1.5606601685285568 98.43933983147144 52
    endloop
  endfacet
  facet normal 0.7409511057814067 -0.6715589764431047 0
    outer loop
      vertex 1.5606601685285568 98.43933983147144 50
      vertex 1.6595156788825989 98.5484100729227 50
      vertex 1.6595156788825989 98.5484100729227 52
    endloop
  endfacet
  facet normal 0.8032075326742517 -0.5956993028830408 0
    outer loop
      vertex 1.6595156788825989 98.5484100729227 50
      vertex 1.747204415500164 98.66664464771748 50
      vertex 1.747204415500164 98.66664464771748 52
    endloop
  endfacet
  facet normal 0.857728589734709 -0.5141027780042697 0
    outer loop
      vertex 1.8228818997740746 98.7929048910737 50
      vertex 1.8228818997740746 98.7929048910737 52
      vertex 1.747204415500164 98.66664464771748 50
    endloop
  endfacet
  facet normal 0.9039893026927516 -0.42755507319767905 0
    outer loop
      vertex 1.8228818997740746 98.7929048910737 50
      vertex 1.8858193010091782 98.92597485333681 50
      vertex 1.8858193010091782 98.92597485333681 52
    endloop
  endfacet
  facet normal 0.941544059926039 -0.33688986808449944 0
    outer loop
      vertex 1.8858193010091782 98.92597485333681 50
      vertex 1.9354105070233345 99.06457298249006 50
      vertex 1.9354105070233345 99.06457298249006 52
    endloop
  endfacet
  facet normal 0.9700312581757379 -0.24298016001722236 0
    outer loop
      vertex 1.9711779206991196 99.2073645144701 50
      vertex 1.9711779206991196 99.2073645144701 52
      vertex 1.9354105070233345 99.06457298249006 50
    endloop
  endfacet
  facet normal 0.989176513397145 -0.14673045131624157 0
    outer loop
      vertex 1.9711779206991196 99.2073645144701 50
      vertex 1.9927770867943764 99.35297428816557 50
      vertex 1.9927770867943764 99.35297428816557 52
    endloop
  endfacet
  facet normal 0.9987954551570747 -0.04906769566193293 0
    outer loop
      vertex 1.9927770867943764 99.35297428816557 50
      vertex 2 99.5 50
      vertex 2 99.5 52
    endloop
  endfacet
  facet normal 0.5956993028830408 -0.8032075326742517 0
    outer loop
      vertex 1.333355352282524 98.25279558449984 50
      vertex 1.4515899270772934 98.3404843211174 52
      vertex 1.333355352282524 98.25279558449984 52
    endloop
  endfacet
  facet normal 0.6715589764431047 -0.7409511057814067 0
    outer loop
      vertex 1.4515899270772934 98.3404843211174 50
      vertex 1.5606601685285568 98.43933983147144 52
      vertex 1.4515899270772934 98.3404843211174 52
    endloop
  endfacet
  facet normal 0.7409511057814067 -0.6715589764431047 0
    outer loop
      vertex 1.5606601685285568 98.43933983147144 50
      vertex 1.6595156788825989 98.5484100729227 52
      vertex 1.5606601685285568 98.43933983147144 52
    endloop
  endfacet
  facet normal 0.8032075326742517 -0.5956993028830408 0
    outer loop
      vertex 1.6595156788825989 98.5484100729227 50
      vertex 1.747204415500164 98.66664464771748 52
      vertex 1.6595156788825989 98.5484100729227 52
    endloop
  endfacet
  facet normal 0.857728589734709 -0.5141027780042697 0
    outer loop
      vertex 1.747204415500164 98.66664464771748 50
      vertex 1.8228818997740746 98.7929048910737 52
      vertex 1.747204415500164 98.66664464771748 52
    endloop
  endfacet
  facet normal 0.9039893026927516 -0.42755507319767905 0
    outer loop
      vertex 1.8228818997740746 98.7929048910737 50
      vertex 1.8858193010091782 98.92597485333681 52
      vertex 1.8228818997740746 98.7929048910737 52
    endloop
  endfacet
  facet normal 0.941544059926039 -0.33688986808449944 0
    outer loop
      vertex 1.8858193010091782 98.92597485333681 50
      vertex 1.9354105070233345 99.06457298249006 52
      vertex 1.8858193010091782 98.92597485333681 52
    endloop
  endfacet
  facet normal 0.9700312581757379 -0.24298016001722236 0
    outer loop
      vertex 1.9354105070233345 99.06457298249006 50
      vertex 1.9711779206991196 99.2073645144701 52
      vertex 1.9354105070233345 99.06457298249006 52
    endloop
  endfacet
  facet normal 0.989176513397145 -0.14673045131624157 0
    outer loop
      vertex 1.9711779206991196 99.2073645144701 50
      vertex 1.9927770867943764 99.35297428816557 52
      vertex 1.9711779206991196 99.2073645144701 52
    endloop
  endfacet
  facet normal 0.9987954551570747 -0.04906769566193293 0
    outer loop
      vertex 1.9927770867943764 99.35297428816557 50
      vertex 2 99.5 52
      vertex 1.9927770867943764 99.35297428816557 52
    endloop
  endfacet
  facet normal 0 0 1
    outer loop
      vertex 1 99 52
      vertex 0.5 98 52
      vertex 0.6470257118344307 98.00722291320562 52
    endloop
  endfacet
  facet normal 0 0 1
    outer loop
      vertex 0.7926354855298996 98.02882207930088 52
      vertex 1 99 52
      vertex 0.6470257118344307 98.00722291320562 52
    endloop
  endfacet
  facet normal 0 0 1
    outer loop
      vertex 0.9354270175099373 98.06458949297667 52
      vertex 1 99 52
      vertex 0.7926354855298996 98.02882207930088 52
    endloop
  endfacet
  facet normal 0 0 1
    outer loop
      vertex 1.074025146663189 98.11418069899082 52
      vertex 1 99 52
      vertex 0.9354270175099373 98.06458949297667 52
    endloop
  endfacet
  facet normal 0 0 -1
    outer loop
      vertex 2 108 50
      vertex 3 112 50
      vertex 5.5 112 50
    endloop
  endfacet
  facet normal 1 0 0
    outer loop
      vertex 2 99.5 50
      vertex 2 108 52
      vertex 2 99.5 52
    endloop
  endfacet
  facet normal 1 0 0
    outer loop
      vertex 2 99.5 50
      vertex 2 108 50
      vertex 2 108 52
    endloop
  endfacet
  facet normal 0 0 1
    outer loop
      vertex 1.074025146663189 98.11418069899082 52
      vertex 1.2070951089262962 98.17711810022593 52
      vertex 1 109 52
    endloop
  endfacet
  facet normal 0 0 1
    outer loop
      vertex 1.074025146663189 98.11418069899082 52
      vertex 1 109 52
      vertex 1 99 52
    endloop
  endfacet
  facet normal 0 0 1
    outer loop
      vertex 1.2070951089262962 98.17711810022593 52
      vertex 1.333355352282524 98.25279558449984 52
      vertex 1 109 52
    endloop
  endfacet
  facet normal 0 0 1
    outer loop
      vertex 1.4515899270772934 98.3404843211174 52
      vertex 1 109 52
      vertex 1.333355352282524 98.25279558449984 52
    endloop
  endfacet
  facet normal 0 0 1
    outer loop
      vertex 1.4515899270772934 98.3404843211174 52
      vertex 1.5606601685285568 98.43933983147144 52
      vertex 1 109 52
    endloop
  endfacet
  facet normal 0 0 1
    outer loop
      vertex 1.5606601685285568 98.43933983147144 52
      vertex 1.6595156788825989 98.5484100729227 52
      vertex 1 109 52
    endloop
  endfacet
  facet normal 0 0 1
    outer loop
      vertex 1.6595156788825989 98.5484100729227 52
      vertex 1.747204415500164 98.66664464771748 52
      vertex 1 109 52
    endloop
  endfacet
  facet normal 0 0 1
    outer loop
      vertex 1.8228818997740746 98.7929048910737 52
      vertex 1 109 52
      vertex 1.747204415500164 98.66664464771748 52
    endloop
  endfacet
  facet normal 0 0 1
    outer loop
      vertex 1.8228818997740746 98.7929048910737 52
      vertex 1.8858193010091782 98.92597485333681 52
      vertex 1 109 52
    endloop
  endfacet
  facet normal 0 0 1
    outer loop
      vertex 1.8858193010091782 98.92597485333681 52
      vertex 1.9354105070233345 99.06457298249006 52
      vertex 1 109 52
    endloop
  endfacet
  facet normal 0 0 1
    outer loop
      vertex 1.9711779206991196 99.2073645144701 52
      vertex 1 109 52
      vertex 1.9354105070233345 99.06457298249006 52
    endloop
  endfacet
  facet normal 0 0 1
    outer loop
      vertex 1.9711779206991196 99.2073645144701 52
      vertex 1.9927770867943764 99.35297428816557 52
      vertex 1 109 52
    endloop
  endfacet
  facet normal 0 0 1
    outer loop
      vertex 1.9927770867943764 99.35297428816557 52
      vertex 2 99.5 52
      vertex 1 109 52
    endloop
  endfacet
  facet normal 0 0 1
    outer loop
      vertex 2 99.5 52
      vertex 2 108 52
      vertex 1 109 52
    endloop
  endfacet
  facet normal 0 0 -1
    outer loop
      vertex 0.6470257118344307 98.00722291320562 50
      vertex 0.5 98 50
      vertex 1 142 50
    endloop
  endfacet
  facet normal 0 0 -1
    outer loop
      vertex 0.7926354855298996 98.02882207930088 50
      vertex 0.6470257118344307 98.00722291320562 50
      vertex 1 142 50
    endloop
  endfacet
  facet normal 0 0 -1
    outer loop
      vertex 0.9354270175099373 98.06458949297667 50
      vertex 0.7926354855298996 98.02882207930088 50
      vertex 1 142 50
    endloop
  endfacet
  facet normal 0 0 -1
    outer loop
      vertex 1.074025146663189 98.11418069899082 50
      vertex 1 142 50
      vertex 1.2070951089262962 98.17711810022593 50
    endloop
  endfacet
  facet normal 0 0 -1
    outer loop
      vertex 1.074025146663189 98.11418069899082 50
      vertex 0.9354270175099373 98.06458949297667 50
      vertex 1 142 50
    endloop
  endfacet
  facet normal 0 0 -1
    outer loop
      vertex 1.2070951089262962 98.17711810022593 50
      vertex 1 142 50
      vertex 1.333355352282524 98.25279558449984 50
    endloop
  endfacet
  facet normal 0 0 -1
    outer loop
      vertex 1.4515899270772934 98.3404843211174 50
      vertex 1.333355352282524 98.25279558449984 50
      vertex 1 142 50
    endloop
  endfacet
  facet normal 0 0 -1
    outer loop
      vertex 1.4515899270772934 98.3404843211174 50
      vertex 1 142 50
      vertex 1.5606601685285568 98.43933983147144 50
    endloop
  endfacet
  facet normal 0 0 -1
    outer loop
      vertex 1.5606601685285568 98.43933983147144 50
      vertex 1 142 50
      vertex 1.6595156788825989 98.5484100729227 50
    endloop
  endfacet
  facet normal 0 0 -1
    outer loop
      vertex 1.6595156788825989 98.5484100729227 50
      vertex 1 142 50
      vertex 1.747204415500164 98.66664464771748 50
    endloop
  endfacet
  facet normal 0 0 -1
    outer loop
      vertex 1.8228818997740746 98.7929048910737 50
      vertex 1.747204415500164 98.66664464771748 50
      vertex 1 142 50
    endloop
  endfacet
  facet normal 0 0 -1
    outer loop
      vertex 1.8858193010091782 98.92597485333681 50
      vertex 1 142 50
      vertex 1.9354105070233345 99.06457298249006 50
    endloop
  endfacet
  facet normal 0 0 -1
    outer loop
      vertex 1.8228818997740746 98.7929048910737 50
      vertex 1 142 50
      vertex 1.8858193010091782 98.92597485333681 50
    endloop
  endfacet
  facet normal 0 0 -1
    outer loop
      vertex 1.9711779206991196 99.2073645144701 50
      vertex 1.9354105070233345 99.06457298249006 50
      vertex 1 142 50
    endloop
  endfacet
  facet normal 0 0 -1
    outer loop
      vertex 1.9711779206991196 99.2073645144701 50
      vertex 1 142 50
      vertex 1.9927770867943764 99.35297428816557 50
    endloop
  endfacet
  facet normal 0 0 -1
    outer loop
      vertex 1.9927770867943764 99.35297428816557 50
      vertex 1 142 50
      vertex 2 99.5 50
    endloop
  endfacet
  facet normal 0 0 -1
    outer loop
      vertex 2 99.5 50
      vertex 1 142 50
      vertex 2 108 50
    endloop
  endfacet
  facet normal 0 0 -1
    outer loop
      vertex 2 108 50
      vertex 3 138 50
      vertex 3 112 50
    endloop
  endfacet
  facet normal 0 0 1
    outer loop
      vertex 0 110 52
      vertex 3 112 52
      vertex -1 140 52
    endloop
  endfacet
  facet normal 0 0 -1
    outer loop
      vertex 2 108 50
      vertex 5.5 112 50
      vertex 19.5 112 50
    endloop
  endfacet
  facet normal 0 0 -1
    outer loop
      vertex 25.5 108 50
      vertex 2 108 50
      vertex 19.5 112 50
    endloop
  endfacet
  facet normal 0 -1 0
    outer loop
      vertex 2 108 50
      vertex 25.5 108 52
      vertex 2 108 52
    endloop
  endfacet
  facet normal 0 0 1
    outer loop
      vertex 26 109 52
      vertex 1 109 52
      vertex 2 108 52
    endloop
  endfacet
  facet normal 0 0 1
    outer loop
      vertex 25 110 52
      vertex 3 112 52
      vertex 0 110 52
    endloop
  endfacet
  facet normal 0 0 -1
    outer loop
      vertex 5.5 112 50
      vertex 19.5 138 50
      vertex 19.5 112 50
    endloop
  endfacet
  facet normal 0 0 1
    outer loop
      vertex 25 110 52
      vertex 5.5 112 52
      vertex 3 112 52
    endloop
  endfacet
  facet normal 0 0 1
    outer loop
      vertex 5.5 138 52
      vertex 5.5 112 52
      vertex 19.5 112 52
    endloop
  endfacet
  facet normal 0 0 -1
    outer loop
      vertex 25.5 108 50
      vertex 19.5 112 50
      vertex 22 112 50
    endloop
  endfacet
  facet normal 0 -1 0
    outer loop
      vertex 25.5 108 50
      vertex 25.5 108 52
      vertex 2 108 50
    endloop
  endfacet
  facet normal 0 0 1
    outer loop
      vertex 25.5 108 52
      vertex 26 109 52
      vertex 2 108 52
    endloop
  endfacet
  facet normal 0 0 1
    outer loop
      vertex 25 110 52
      vertex 19.5 112 52
      vertex 5.5 112 52
    endloop
  endfacet
  facet normal 0 0 1
    outer loop
      vertex 25 110 52
      vertex 22 112 52
      vertex 19.5 112 52
    endloop
  endfacet
  facet normal 0 0 1
    outer loop
      vertex 25 110 52
      vertex 22 138 52
      vertex 22 112 52
    endloop
  endfacet
  facet normal 0.04906769566193293 -0.9987954551570747 0
    outer loop
      vertex 25.64702571183443 108.00722291320562 50
      vertex 25.64702571183443 108.00722291320562 52
      vertex 25.5 108 50
    endloop
  endfacet
  facet normal 0.14673045131624157 -0.989176513397145 0
    outer loop
      vertex 25.7926354855299 108.02882207930088 50
      vertex 25.7926354855299 108.02882207930088 52
      vertex 25.64702571183443 108.00722291320562 50
    endloop
  endfacet
  facet normal 0.24298016001722236 -0.9700312581757379 0
    outer loop
      vertex 25.935427017509937 108.06458949297667 50
      vertex 25.935427017509937 108.06458949297667 52
      vertex 25.7926354855299 108.02882207930088 50
    endloop
  endfacet
  facet normal 0.04906769566193293 -0.9987954551570747 0
    outer loop
      vertex 25.5 108 50
      vertex 25.64702571183443 108.00722291320562 52
      vertex 25.5 108 52
    endloop
  endfacet
  facet normal 0.14673045131624157 -0.989176513397145 0
    outer loop
      vertex 25.64702571183443 108.00722291320562 50
      vertex 25.7926354855299 108.02882207930088 52
      vertex 25.64702571183443 108.00722291320562 52
    endloop
  endfacet
  facet normal 0.24298016001722236 -0.9700312581757379 0
    outer loop
      vertex 25.7926354855299 108.02882207930088 50
      vertex 25.935427017509937 108.06458949297667 52
      vertex 25.7926354855299 108.02882207930088 52
    endloop
  endfacet
  facet normal 0.33688986808449944 -0.941544059926039 0
    outer loop
      vertex 25.935427017509937 108.06458949297667 50
      vertex 26.07402514666319 108.11418069899082 52
      vertex 25.935427017509937 108.06458949297667 52
    endloop
  endfacet
  facet normal 0.33688986808449944 -0.941544059926039 0
    outer loop
      vertex 25.935427017509937 108.06458949297667 50
      vertex 26.07402514666319 108.11418069899082 50
      vertex 26.07402514666319 108.11418069899082 52
    endloop
  endfacet
  facet normal 0.42755507319767905 -0.9039893026927516 0
    outer loop
      vertex 26.207095108926296 108.17711810022593 50
      vertex 26.207095108926296 108.17711810022593 52
      vertex 26.07402514666319 108.11418069899082 50
    endloop
  endfacet
  facet normal 0.5141027780042697 -0.857728589734709 0
    outer loop
      vertex 26.333355352282524 108.25279558449984 50
      vertex 26.333355352282524 108.25279558449984 52
      vertex 26.207095108926296 108.17711810022593 50
    endloop
  endfacet
  facet normal 0.5956993028830408 -0.8032075326742517 0
    outer loop
      vertex 26.333355352282524 108.25279558449984 50
      vertex 26.451589927077293 108.3404843211174 50
      vertex 26.451589927077293 108.3404843211174 52
    endloop
  endfacet
  facet normal 0.6715589764431047 -0.7409511057814067 0
    outer loop
      vertex 26.560660168528557 108.43933983147144 50
      vertex 26.560660168528557 108.43933983147144 52
      vertex 26.451589927077293 108.3404843211174 50
    endloop
  endfacet
  facet normal 0.7409511057814067 -0.6715589764431047 0
    outer loop
      vertex 26.6595156788826 108.5484100729227 50
      vertex 26.6595156788826 108.5484100729227 52
      vertex 26.560660168528557 108.43933983147144 50
    endloop
  endfacet
  facet normal 0.42755507319767905 -0.9039893026927516 0
    outer loop
      vertex 26.07402514666319 108.11418069899082 50
      vertex 26.207095108926296 108.17711810022593 52
      vertex 26.07402514666319 108.11418069899082 52
    endloop
  endfacet
  facet normal 0.5141027780042697 -0.857728589734709 0
    outer loop
      vertex 26.207095108926296 108.17711810022593 50
      vertex 26.333355352282524 108.25279558449984 52
      vertex 26.207095108926296 108.17711810022593 52
    endloop
  endfacet
  facet normal 0.5956993028830408 -0.8032075326742517 0
    outer loop
      vertex 26.333355352282524 108.25279558449984 50
      vertex 26.451589927077293 108.3404843211174 52
      vertex 26.333355352282524 108.25279558449984 52
    endloop
  endfacet
  facet normal 0.6715589764431047 -0.7409511057814067 0
    outer loop
      vertex 26.451589927077293 108.3404843211174 50
      vertex 26.560660168528557 108.43933983147144 52
      vertex 26.451589927077293 108.3404843211174 52
    endloop
  endfacet
  facet normal 0.7409511057814067 -0.6715589764431047 0
    outer loop
      vertex 26.560660168528557 108.43933983147144 50
      vertex 26.6595156788826 108.5484100729227 52
      vertex 26.560660168528557 108.43933983147144 52
    endloop
  endfacet
  facet normal 0.8032075326742517 -0.5956993028830408 0
    outer loop
      vertex 26.6595156788826 108.5484100729227 50
      vertex 26.747204415500164 108.66664464771748 50
      vertex 26.747204415500164 108.66664464771748 52
    endloop
  endfacet
  facet normal 0.857728589734709 -0.5141027780042697 0
    outer loop
      vertex 26.822881899774075 108.7929048910737 50
      vertex 26.822881899774075 108.7929048910737 52
      vertex 26.747204415500164 108.66664464771748 50
    endloop
  endfacet
  facet normal 0.9039893026927516 -0.42755507319767905 0
    outer loop
      vertex 26.822881899774075 108.7929048910737 50
      vertex 26.885819301009178 108.92597485333681 50
      vertex 26.885819301009178 108.92597485333681 52
    endloop
  endfacet
  facet normal 0.941544059926039 -0.33688986808449944 0
    outer loop
      vertex 26.885819301009178 108.92597485333681 50
      vertex 26.935410507023335 109.06457298249006 50
      vertex 26.935410507023335 109.06457298249006 52
    endloop
  endfacet
  facet normal 0.9700312581757379 -0.24298016001722236 0
    outer loop
      vertex 26.935410507023335 109.06457298249006 50
      vertex 26.97117792069912 109.2073645144701 50
      vertex 26.97117792069912 109.2073645144701 52
    endloop
  endfacet
  facet normal 0.989176513397145 -0.14673045131624157 0
    outer loop
      vertex 26.97117792069912 109.2073645144701 50
      vertex 26.992777086794376 109.35297428816557 50
      vertex 26.992777086794376 109.35297428816557 52
    endloop
  endfacet
  facet normal 0.9987954551570747 -0.04906769566193293 0
    outer loop
      vertex 26.992777086794376 109.35297428816557 50
      vertex 27 109.5 50
      vertex 27 109.5 52
    endloop
  endfacet
  facet normal 0.8032075326742517 -0.5956993028830408 0
    outer loop
      vertex 26.6595156788826 108.5484100729227 50
      vertex 26.747204415500164 108.66664464771748 52
      vertex 26.6595156788826 108.5484100729227 52
    endloop
  endfacet
  facet normal 0.857728589734709 -0.5141027780042697 0
    outer loop
      vertex 26.747204415500164 108.66664464771748 50
      vertex 26.822881899774075 108.7929048910737 52
      vertex 26.747204415500164 108.66664464771748 52
    endloop
  endfacet
  facet normal 0.9039893026927516 -0.42755507319767905 0
    outer loop
      vertex 26.822881899774075 108.7929048910737 50
      vertex 26.885819301009178 108.92597485333681 52
      vertex 26.822881899774075 108.7929048910737 52
    endloop
  endfacet
  facet normal 0.941544059926039 -0.33688986808449944 0
    outer loop
      vertex 26.885819301009178 108.92597485333681 50
      vertex 26.935410507023335 109.06457298249006 52
      vertex 26.885819301009178 108.92597485333681 52
    endloop
  endfacet
  facet normal 0.9700312581757379 -0.24298016001722236 0
    outer loop
      vertex 26.935410507023335 109.06457298249006 50
      vertex 26.97117792069912 109.2073645144701 52
      vertex 26.935410507023335 109.06457298249006 52
    endloop
  endfacet
  facet normal 0.989176513397145 -0.14673045131624157 0
    outer loop
      vertex 26.97117792069912 109.2073645144701 50
      vertex 26.992777086794376 109.35297428816557 52
      vertex 26.97117792069912 109.2073645144701 52
    endloop
  endfacet
  facet normal 0.9987954551570747 -0.04906769566193293 0
    outer loop
      vertex 26.992777086794376 109.35297428816557 50
      vertex 27 109.5 52
      vertex 26.992777086794376 109.35297428816557 52
    endloop
  endfacet
  facet normal 0 0 1
    outer loop
      vertex 25.64702571183443 108.00722291320562 52
      vertex 26 109 52
      vertex 25.5 108 52
    endloop
  endfacet
  facet normal 0 0 1
    outer loop
      vertex 25.7926354855299 108.02882207930088 52
      vertex 26 109 52
      vertex 25.64702571183443 108.00722291320562 52
    endloop
  endfacet
  facet normal 0 0 1
    outer loop
      vertex 25.935427017509937 108.06458949297667 52
      vertex 26 109 52
      vertex 25.7926354855299 108.02882207930088 52
    endloop
  endfacet
  facet normal 0 0 1
    outer loop
      vertex 25.935427017509937 108.06458949297667 52
      vertex 26.07402514666319 108.11418069899082 52
      vertex 26 109 52
    endloop
  endfacet
  facet normal 0 0 -1
    outer loop
      vertex 25.5 108 50
      vertex 22 112 50
      vertex 25.5 142 50
    endloop
  endfacet
  facet normal 0 0 -1
    outer loop
      vertex 25.64702571183443 108.00722291320562 50
      vertex 25.5 108 50
      vertex 25.5 142 50
    endloop
  endfacet
  facet normal 0 0 -1
    outer loop
      vertex 25.7926354855299 108.02882207930088 50
      vertex 25.64702571183443 108.00722291320562 50
      vertex 25.64702571183443 141.99277708679438 50
    endloop
  endfacet
  facet normal 0 0 -1
    outer loop
      vertex 25.935427017509937 108.06458949297667 50
      vertex 25.7926354855299 108.02882207930088 50
      vertex 25.7926354855299 141.97117792069912 50
    endloop
  endfacet
  facet normal 0 0 -1
    outer loop
      vertex 25.935427017509937 108.06458949297667 50
      vertex 25.935427017509937 141.93541050702333 50
      vertex 26.07402514666319 108.11418069899082 50
    endloop
  endfacet
  facet normal 0 0 -1
    outer loop
      vertex 26.207095108926296 108.17711810022593 50
      vertex 26.07402514666319 108.11418069899082 50
      vertex 26.07402514666319 141.88581930100918 50
    endloop
  endfacet
  facet normal 0 0 -1
    outer loop
      vertex 26.333355352282524 108.25279558449984 50
      vertex 26.207095108926296 108.17711810022593 50
      vertex 26.207095108926296 141.82288189977407 50
    endloop
  endfacet
  facet normal 0 0 -1
    outer loop
      vertex 26.333355352282524 108.25279558449984 50
      vertex 26.333355352282524 141.74720441550016 50
      vertex 26.451589927077293 108.3404843211174 50
    endloop
  endfacet
  facet normal 0 0 -1
    outer loop
      vertex 26.560660168528557 108.43933983147144 50
      vertex 26.451589927077293 108.3404843211174 50
      vertex 26.451589927077293 141.6595156788826 50
    endloop
  endfacet
  facet normal 0 0 -1
    outer loop
      vertex 26.6595156788826 108.5484100729227 50
      vertex 26.560660168528557 108.43933983147144 50
      vertex 26.560660168528557 141.56066016852856 50
    endloop
  endfacet
  facet normal 0 0 -1
    outer loop
      vertex 26.6595156788826 108.5484100729227 50
      vertex 26.6595156788826 141.4515899270773 50
      vertex 26.747204415500164 108.66664464771748 50
    endloop
  endfacet
  facet normal 0 0 -1
    outer loop
      vertex 26.822881899774075 108.7929048910737 50
      vertex 26.747204415500164 108.66664464771748 50
      vertex 26.747204415500164 141.33335535228252 50
    endloop
  endfacet
  facet normal 0 0 -1
    outer loop
      vertex 26.822881899774075 108.7929048910737 50
      vertex 26.822881899774075 141.2070951089263 50
      vertex 26.885819301009178 108.92597485333681 50
    endloop
  endfacet
  facet normal 0 0 -1
    outer loop
      vertex 26.935410507023335 109.06457298249006 50
      vertex 26.935410507023335 140.93542701750994 50
      vertex 26.97117792069912 109.2073645144701 50
    endloop
  endfacet
  facet normal 0 0 -1
    outer loop
      vertex 26.885819301009178 108.92597485333681 50
      vertex 26.885819301009178 141.0740251466632 50
      vertex 26.935410507023335 109.06457298249006 50
    endloop
  endfacet
  facet normal 0 0 -1
    outer loop
      vertex 26.97117792069912 109.2073645144701 50
      vertex 26.97117792069912 140.7926354855299 50
      vertex 26.992777086794376 109.35297428816557 50
    endloop
  endfacet
  facet normal 0 0 -1
    outer loop
      vertex 26.992777086794376 109.35297428816557 50
      vertex 26.992777086794376 140.64702571183443 50
      vertex 27 109.5 50
    endloop
  endfacet
  facet normal 1 0 0
    outer loop
      vertex 27 109.5 50
      vertex 27 140.5 52
      vertex 27 109.5 52
    endloop
  endfacet
  facet normal 0 0 1
    outer loop
      vertex 26.207095108926296 108.17711810022593 52
      vertex 26.07402514666319 141.88581930100918 52
      vertex 26.07402514666319 108.11418069899082 52
    endloop
  endfacet
  facet normal 0 0 1
    outer loop
      vertex 26.07402514666319 108.11418069899082 52
      vertex 26 141 52
      vertex 26 109 52
    endloop
  endfacet
  facet normal 0 0 1
    outer loop
      vertex 26.333355352282524 108.25279558449984 52
      vertex 26.207095108926296 141.82288189977407 52
      vertex 26.207095108926296 108.17711810022593 52
    endloop
  endfacet
  facet normal 0 0 1
    outer loop
      vertex 26.333355352282524 108.25279558449984 52
      vertex 26.451589927077293 108.3404843211174 52
      vertex 26.333355352282524 141.74720441550016 52
    endloop
  endfacet
  facet normal 0 0 1
    outer loop
      vertex 26.560660168528557 108.43933983147144 52
      vertex 26.451589927077293 141.6595156788826 52
      vertex 26.451589927077293 108.3404843211174 52
    endloop
  endfacet
  facet normal 0 0 1
    outer loop
      vertex 26.6595156788826 108.5484100729227 52
      vertex 26.560660168528557 141.56066016852856 52
      vertex 26.560660168528557 108.43933983147144 52
    endloop
  endfacet
  facet normal 0 0 1
    outer loop
      vertex 26.6595156788826 108.5484100729227 52
      vertex 26.747204415500164 108.66664464771748 52
      vertex 26.6595156788826 141.4515899270773 52
    endloop
  endfacet
  facet normal 0 0 1
    outer loop
      vertex 26.822881899774075 108.7929048910737 52
      vertex 26.747204415500164 141.33335535228252 52
      vertex 26.747204415500164 108.66664464771748 52
    endloop
  endfacet
  facet normal 0 0 1
    outer loop
      vertex 26.822881899774075 108.7929048910737 52
      vertex 26.885819301009178 108.92597485333681 52
      vertex 26.822881899774075 141.2070951089263 52
    endloop
  endfacet
  facet normal 0 0 1
    outer loop
      vertex 26.935410507023335 109.06457298249006 52
      vertex 26.97117792069912 109.2073645144701 52
      vertex 26.935410507023335 140.93542701750994 52
    endloop
  endfacet
  facet normal 0 0 1
    outer loop
      vertex 26.885819301009178 108.92597485333681 52
      vertex 26.935410507023335 109.06457298249006 52
      vertex 26.885819301009178 141.0740251466632 52
    endloop
  endfacet
  facet normal 0 0 1
    outer loop
      vertex 26.97117792069912 109.2073645144701 52
      vertex 26.992777086794376 109.35297428816557 52
      vertex 26.97117792069912 140.7926354855299 52
    endloop
  endfacet
  facet normal 0 0 1
    outer loop
      vertex 26.992777086794376 109.35297428816557 52
      vertex 27 109.5 52
      vertex 26.992777086794376 140.64702571183443 52
    endloop
  endfacet
  facet normal 0 0 -1
    outer loop
      vertex 2 108 50
      vertex 1 142 50
      vertex 3 138 50
    endloop
  endfacet
  facet normal 0 0 1
    outer loop
      vertex -1 140 52
      vertex 3 112 52
      vertex 3 138 52
    endloop
  endfacet
  facet normal 0 0 -1
    outer loop
      vertex 1 142 50
      vertex 5.5 138 50
      vertex 3 138 50
    endloop
  endfacet
  facet normal 0 0 -1
    outer loop
      vertex 19.5 138 50
      vertex 5.5 112 50
      vertex 5.5 138 50
    endloop
  endfacet
  facet normal 0 0 1
    outer loop
      vertex 19.5 112 52
      vertex 19.5 138 52
      vertex 5.5 138 52
    endloop
  endfacet
  facet normal 0 0 -1
    outer loop
      vertex 1 142 50
      vertex 19.5 138 50
      vertex 5.5 138 50
    endloop
  endfacet
  facet normal 0 0 -1
    outer loop
      vertex 1 142 50
      vertex 22 138 50
      vertex 19.5 138 50
    endloop
  endfacet
  facet normal 0 0 1
    outer loop
      vertex 25 140 52
      vertex -1 140 52
      vertex 3 138 52
    endloop
  endfacet
  facet normal 0 0 1
    outer loop
      vertex 25.5 142 52
      vertex 1 142 52
      vertex 0 141 52
    endloop
  endfacet
  facet normal 0 0 1
    outer loop
      vertex 25 140 52
      vertex 3 138 52
      vertex 5.5 138 52
    endloop
  endfacet
  facet normal 1 0 0
    outer loop
      vertex 1 142 50
      vertex 1 161 52
      vertex 1 142 52
    endloop
  endfacet
  facet normal 0 0 1
    outer loop
      vertex 0 141 52
      vertex 1 142 52
      vertex 0 161.5 52
    endloop
  endfacet
  facet normal 0 0 -1
    outer loop
      vertex 1 142 50
      vertex -2 157.5 50
      vertex 1 161 50
    endloop
  endfacet
  facet normal 1 0 0
    outer loop
      vertex 1 142 50
      vertex 1 161 50
      vertex 1 161 52
    endloop
  endfacet
  facet normal 0 0 1
    outer loop
      vertex 1 142 52
      vertex 1 161 52
      vertex 0 161.5 52
    endloop
  endfacet
  facet normal 0.9987954551570747 0.04906769566193293 0
    outer loop
      vertex 1 161 50
      vertex 0.9927770867943764 161.14702571183443 50
      vertex 0.9927770867943764 161.14702571183443 52
    endloop
  endfacet
  facet normal 0.42755507319767905 0.9039893026927516 0
    outer loop
      vertex 0.20709510892629623 162.32288189977407 50
      vertex 0.07402514666318893 162.38581930100918 50
      vertex 0.07402514666318893 162.38581930100918 52
    endloop
  endfacet
  facet normal 0.5141027780042697 0.857728589734709 0
    outer loop
      vertex 0.3333553522825241 162.24720441550016 50
      vertex 0.20709510892629623 162.32288189977407 50
      vertex 0.20709510892629623 162.32288189977407 52
    endloop
  endfacet
  facet normal 0.6715589764431047 0.7409511057814067 0
    outer loop
      vertex 0.5606601685285568 162.06066016852856 50
      vertex 0.4515899270772934 162.1595156788826 50
      vertex 0.4515899270772934 162.1595156788826 52
    endloop
  endfacet
  facet normal 0.5956993028830408 0.8032075326742517 0
    outer loop
      vertex 0.4515899270772934 162.1595156788826 50
      vertex 0.3333553522825241 162.24720441550016 50
      vertex 0.3333553522825241 162.24720441550016 52
    endloop
  endfacet
  facet normal 0.989176513397145 0.14673045131624157 0
    outer loop
      vertex 0.9927770867943764 161.14702571183443 50
      vertex 0.9711779206991196 161.2926354855299 50
      vertex 0.9711779206991196 161.2926354855299 52
    endloop
  endfacet
  facet normal 0.9700312581757379 0.24298016001722236 0
    outer loop
      vertex 0.9711779206991196 161.2926354855299 50
      vertex 0.9354105070233345 161.43542701750994 50
      vertex 0.9354105070233345 161.43542701750994 52
    endloop
  endfacet
  facet normal 0.941544059926039 0.33688986808449944 0
    outer loop
      vertex 0.9354105070233345 161.43542701750994 50
      vertex 0.8858193010091782 161.5740251466632 50
      vertex 0.8858193010091782 161.5740251466632 52
    endloop
  endfacet
  facet normal 0.9039893026927516 0.42755507319767905 0
    outer loop
      vertex 0.8858193010091782 161.5740251466632 50
      vertex 0.8228818997740746 161.7070951089263 50
      vertex 0.8228818997740746 161.7070951089263 52
    endloop
  endfacet
  facet normal 0.857728589734709 0.5141027780042697 0
    outer loop
      vertex 0.8228818997740746 161.7070951089263 50
      vertex 0.747204415500164 161.83335535228252 50
      vertex 0.747204415500164 161.83335535228252 52
    endloop
  endfacet
  facet normal 0.7409511057814067 0.6715589764431047 0
    outer loop
      vertex 0.6595156788825989 161.9515899270773 50
      vertex 0.5606601685285568 162.06066016852856 50
      vertex 0.5606601685285568 162.06066016852856 52
    endloop
  endfacet
  facet normal 0.8032075326742517 0.5956993028830408 0
    outer loop
      vertex 0.747204415500164 161.83335535228252 50
      vertex 0.6595156788825989 161.9515899270773 50
      vertex 0.6595156788825989 161.9515899270773 52
    endloop
  endfacet
  facet normal 0.9987954551570747 0.04906769566193293 0
    outer loop
      vertex 1 161 50
      vertex 0.9927770867943764 161.14702571183443 52
      vertex 1 161 52
    endloop
  endfacet
  facet normal 0.989176513397145 0.14673045131624157 0
    outer loop
      vertex 0.9927770867943764 161.14702571183443 50
      vertex 0.9711779206991196 161.2926354855299 52
      vertex 0.9927770867943764 161.14702571183443 52
    endloop
  endfacet
  facet normal 0.33688986808449944 0.941544059926039 0
    outer loop
      vertex 0.07402514666318893 162.38581930100918 50
      vertex -0.06457298249006271 162.43541050702333 52
      vertex 0.07402514666318893 162.38581930100918 52
    endloop
  endfacet
  facet normal 0.42755507319767905 0.9039893026927516 0
    outer loop
      vertex 0.20709510892629623 162.32288189977407 50
      vertex 0.07402514666318893 162.38581930100918 52
      vertex 0.20709510892629623 162.32288189977407 52
    endloop
  endfacet
  facet normal 0.5141027780042697 0.857728589734709 0
    outer loop
      vertex 0.3333553522825241 162.24720441550016 50
      vertex 0.20709510892629623 162.32288189977407 52
      vertex 0.3333553522825241 162.24720441550016 52
    endloop
  endfacet
  facet normal 0.5956993028830408 0.8032075326742517 0
    outer loop
      vertex 0.4515899270772934 162.1595156788826 50
      vertex 0.3333553522825241 162.24720441550016 52
      vertex 0.4515899270772934 162.1595156788826 52
    endloop
  endfacet
  facet normal 0.9700312581757379 0.24298016001722236 0
    outer loop
      vertex 0.9711779206991196 161.2926354855299 50
      vertex 0.9354105070233345 161.43542701750994 52
      vertex 0.9711779206991196 161.2926354855299 52
    endloop
  endfacet
  facet normal 0.941544059926039 0.33688986808449944 0
    outer loop
      vertex 0.9354105070233345 161.43542701750994 50
      vertex 0.8858193010091782 161.5740251466632 52
      vertex 0.9354105070233345 161.43542701750994 52
    endloop
  endfacet
  facet normal 0.9039893026927516 0.42755507319767905 0
    outer loop
      vertex 0.8858193010091782 161.5740251466632 50
      vertex 0.8228818997740746 161.7070951089263 52
      vertex 0.8858193010091782 161.5740251466632 52
    endloop
  endfacet
  facet normal 0.857728589734709 0.5141027780042697 0
    outer loop
      vertex 0.8228818997740746 161.7070951089263 50
      vertex 0.747204415500164 161.83335535228252 52
      vertex 0.8228818997740746 161.7070951089263 52
    endloop
  endfacet
  facet normal 0.6715589764431047 0.7409511057814067 0
    outer loop
      vertex 0.5606601685285568 162.06066016852856 50
      vertex 0.4515899270772934 162.1595156788826 52
      vertex 0.5606601685285568 162.06066016852856 52
    endloop
  endfacet
  facet normal 0.8032075326742517 0.5956993028830408 0
    outer loop
      vertex 0.747204415500164 161.83335535228252 50
      vertex 0.6595156788825989 161.9515899270773 52
      vertex 0.747204415500164 161.83335535228252 52
    endloop
  endfacet
  facet normal 0.7409511057814067 0.6715589764431047 0
    outer loop
      vertex 0.6595156788825989 161.9515899270773 50
      vertex 0.5606601685285568 162.06066016852856 52
      vertex 0.6595156788825989 161.9515899270773 52
    endloop
  endfacet
  facet normal 0 0 1
    outer loop
      vertex 0.747204415500164 161.83335535228252 52
      vertex 0.6595156788825989 161.9515899270773 52
      vertex 0 161.5 52
    endloop
  endfacet
  facet normal 0 0 1
    outer loop
      vertex 0.6595156788825989 161.9515899270773 52
      vertex 0.5606601685285568 162.06066016852856 52
      vertex 0 161.5 52
    endloop
  endfacet
  facet normal 0 0 1
    outer loop
      vertex 0 161.5 52
      vertex 0.5606601685285568 162.06066016852856 52
      vertex 0.4515899270772934 162.1595156788826 52
    endloop
  endfacet
  facet normal 0 0 1
    outer loop
      vertex 0.9354105070233345 161.43542701750994 52
      vertex 0.8858193010091782 161.5740251466632 52
      vertex 0 161.5 52
    endloop
  endfacet
  facet normal 0 0 1
    outer loop
      vertex 1 161 52
      vertex 0.9927770867943764 161.14702571183443 52
      vertex 0 161.5 52
    endloop
  endfacet
  facet normal 0 0 1
    outer loop
      vertex 0.9927770867943764 161.14702571183443 52
      vertex 0.9711779206991196 161.2926354855299 52
      vertex 0 161.5 52
    endloop
  endfacet
  facet normal 0 0 1
    outer loop
      vertex 0.9711779206991196 161.2926354855299 52
      vertex 0.9354105070233345 161.43542701750994 52
      vertex 0 161.5 52
    endloop
  endfacet
  facet normal 0 0 1
    outer loop
      vertex 0.8858193010091782 161.5740251466632 52
      vertex 0.8228818997740746 161.7070951089263 52
      vertex 0 161.5 52
    endloop
  endfacet
  facet normal 0 0 1
    outer loop
      vertex 0.8228818997740746 161.7070951089263 52
      vertex 0.747204415500164 161.83335535228252 52
      vertex 0 161.5 52
    endloop
  endfacet
  facet normal 0 1 0
    outer loop
      vertex 25.5 142 50
      vertex 1 142 50
      vertex 1 142 52
    endloop
  endfacet
  facet normal 0 0 -1
    outer loop
      vertex 25.5 142 50
      vertex 22 112 50
      vertex 22 138 50
    endloop
  endfacet
  facet normal 0 0 -1
    outer loop
      vertex 25.5 142 50
      vertex 22 138 50
      vertex 1 142 50
    endloop
  endfacet
  facet normal 0 0 1
    outer loop
      vertex 25 140 52
      vertex 5.5 138 52
      vertex 19.5 138 52
    endloop
  endfacet
  facet normal 0 0 1
    outer loop
      vertex 25.64702571183443 141.99277708679438 52
      vertex 25.5 142 52
      vertex 0 141 52
    endloop
  endfacet
  facet normal 0 0 1
    outer loop
      vertex 25.935427017509937 141.93541050702333 52
      vertex 25.7926354855299 141.97117792069912 52
      vertex 0 141 52
    endloop
  endfacet
  facet normal 0 0 1
    outer loop
      vertex 25.7926354855299 141.97117792069912 52
      vertex 25.64702571183443 141.99277708679438 52
      vertex 0 141 52
    endloop
  endfacet
  facet normal 0 0 1
    outer loop
      vertex 26 141 52
      vertex 26.07402514666319 141.88581930100918 52
      vertex 0 141 52
    endloop
  endfacet
  facet normal 0 0 1
    outer loop
      vertex 26.07402514666319 141.88581930100918 52
      vertex 25.935427017509937 141.93541050702333 52
      vertex 0 141 52
    endloop
  endfacet
  facet normal 0 0 1
    outer loop
      vertex 25 140 52
      vertex 19.5 138 52
      vertex 22 138 52
    endloop
  endfacet
  facet normal 0 0 -1
    outer loop
      vertex 25.64702571183443 108.00722291320562 50
      vertex 25.5 142 50
      vertex 25.64702571183443 141.99277708679438 50
    endloop
  endfacet
  facet normal 0 0 -1
    outer loop
      vertex 25.7926354855299 108.02882207930088 50
      vertex 25.64702571183443 141.99277708679438 50
      vertex 25.7926354855299 141.97117792069912 50
    endloop
  endfacet
  facet normal 0 0 -1
    outer loop
      vertex 25.935427017509937 108.06458949297667 50
      vertex 25.7926354855299 141.97117792069912 50
      vertex 25.935427017509937 141.93541050702333 50
    endloop
  endfacet
  facet normal 0 0 -1
    outer loop
      vertex 27 109.5 50
      vertex 26.992777086794376 140.64702571183443 50
      vertex 27 140.5 50
    endloop
  endfacet
  facet normal 0 0 -1
    outer loop
      vertex 26.97117792069912 109.2073645144701 50
      vertex 26.935410507023335 140.93542701750994 50
      vertex 26.97117792069912 140.7926354855299 50
    endloop
  endfacet
  facet normal 0 0 -1
    outer loop
      vertex 26.992777086794376 109.35297428816557 50
      vertex 26.97117792069912 140.7926354855299 50
      vertex 26.992777086794376 140.64702571183443 50
    endloop
  endfacet
  facet normal 0 0 -1
    outer loop
      vertex 26.935410507023335 109.06457298249006 50
      vertex 26.885819301009178 141.0740251466632 50
      vertex 26.935410507023335 140.93542701750994 50
    endloop
  endfacet
  facet normal 0 0 -1
    outer loop
      vertex 26.07402514666319 108.11418069899082 50
      vertex 25.935427017509937 141.93541050702333 50
      vertex 26.07402514666319 141.88581930100918 50
    endloop
  endfacet
  facet normal 0 0 -1
    outer loop
      vertex 26.207095108926296 108.17711810022593 50
      vertex 26.07402514666319 141.88581930100918 50
      vertex 26.207095108926296 141.82288189977407 50
    endloop
  endfacet
  facet normal 0 0 -1
    outer loop
      vertex 26.333355352282524 108.25279558449984 50
      vertex 26.207095108926296 141.82288189977407 50
      vertex 26.333355352282524 141.74720441550016 50
    endloop
  endfacet
  facet normal 0 0 -1
    outer loop
      vertex 26.451589927077293 108.3404843211174 50
      vertex 26.333355352282524 141.74720441550016 50
      vertex 26.451589927077293 141.6595156788826 50
    endloop
  endfacet
  facet normal 0 0 -1
    outer loop
      vertex 26.560660168528557 108.43933983147144 50
      vertex 26.451589927077293 141.6595156788826 50
      vertex 26.560660168528557 141.56066016852856 50
    endloop
  endfacet
  facet normal 0 0 -1
    outer loop
      vertex 26.747204415500164 108.66664464771748 50
      vertex 26.6595156788826 141.4515899270773 50
      vertex 26.747204415500164 141.33335535228252 50
    endloop
  endfacet
  facet normal 0 0 -1
    outer loop
      vertex 26.6595156788826 108.5484100729227 50
      vertex 26.560660168528557 141.56066016852856 50
      vertex 26.6595156788826 141.4515899270773 50
    endloop
  endfacet
  facet normal 0 0 -1
    outer loop
      vertex 26.885819301009178 108.92597485333681 50
      vertex 26.822881899774075 141.2070951089263 50
      vertex 26.885819301009178 141.0740251466632 50
    endloop
  endfacet
  facet normal 0 0 -1
    outer loop
      vertex 26.822881899774075 108.7929048910737 50
      vertex 26.747204415500164 141.33335535228252 50
      vertex 26.822881899774075 141.2070951089263 50
    endloop
  endfacet
  facet normal 1 0 0
    outer loop
      vertex 27 109.5 50
      vertex 27 140.5 50
      vertex 27 140.5 52
    endloop
  endfacet
  facet normal 0 0 1
    outer loop
      vertex 25 110 52
      vertex 25 140 52
      vertex 22 138 52
    endloop
  endfacet
  facet normal 0 0 1
    outer loop
      vertex 26.07402514666319 108.11418069899082 52
      vertex 26.07402514666319 141.88581930100918 52
      vertex 26 141 52
    endloop
  endfacet
  facet normal 0 0 1
    outer loop
      vertex 27 109.5 52
      vertex 27 140.5 52
      vertex 26.992777086794376 140.64702571183443 52
    endloop
  endfacet
  facet normal 0 0 1
    outer loop
      vertex 26.97117792069912 109.2073645144701 52
      vertex 26.97117792069912 140.7926354855299 52
      vertex 26.935410507023335 140.93542701750994 52
    endloop
  endfacet
  facet normal 0 0 1
    outer loop
      vertex 26.992777086794376 109.35297428816557 52
      vertex 26.992777086794376 140.64702571183443 52
      vertex 26.97117792069912 140.7926354855299 52
    endloop
  endfacet
  facet normal 0 0 1
    outer loop
      vertex 26.935410507023335 109.06457298249006 52
      vertex 26.935410507023335 140.93542701750994 52
      vertex 26.885819301009178 141.0740251466632 52
    endloop
  endfacet
  facet normal 0 0 1
    outer loop
      vertex 26.207095108926296 108.17711810022593 52
      vertex 26.207095108926296 141.82288189977407 52
      vertex 26.07402514666319 141.88581930100918 52
    endloop
  endfacet
  facet normal 0 0 1
    outer loop
      vertex 26.333355352282524 108.25279558449984 52
      vertex 26.333355352282524 141.74720441550016 52
      vertex 26.207095108926296 141.82288189977407 52
    endloop
  endfacet
  facet normal 0 0 1
    outer loop
      vertex 26.451589927077293 108.3404843211174 52
      vertex 26.451589927077293 141.6595156788826 52
      vertex 26.333355352282524 141.74720441550016 52
    endloop
  endfacet
  facet normal 0 0 1
    outer loop
      vertex 26.560660168528557 108.43933983147144 52
      vertex 26.560660168528557 141.56066016852856 52
      vertex 26.451589927077293 141.6595156788826 52
    endloop
  endfacet
  facet normal 0 0 1
    outer loop
      vertex 26.747204415500164 108.66664464771748 52
      vertex 26.747204415500164 141.33335535228252 52
      vertex 26.6595156788826 141.4515899270773 52
    endloop
  endfacet
  facet normal 0 0 1
    outer loop
      vertex 26.6595156788826 108.5484100729227 52
      vertex 26.6595156788826 141.4515899270773 52
      vertex 26.560660168528557 141.56066016852856 52
    endloop
  endfacet
  facet normal 0 0 1
    outer loop
      vertex 26.885819301009178 108.92597485333681 52
      vertex 26.885819301009178 141.0740251466632 52
      vertex 26.822881899774075 141.2070951089263 52
    endloop
  endfacet
  facet normal 0 0 1
    outer loop
      vertex 26.822881899774075 108.7929048910737 52
      vertex 26.822881899774075 141.2070951089263 52
      vertex 26.747204415500164 141.33335535228252 52
    endloop
  endfacet
  facet normal 0.33688986808449944 0.941544059926039 0
    outer loop
      vertex 26.07402514666319 141.88581930100918 50
      vertex 25.935427017509937 141.93541050702333 50
      vertex 25.935427017509937 141.93541050702333 52
    endloop
  endfacet
  facet normal 0.9987954551570747 0.04906769566193293 0
    outer loop
      vertex 27 140.5 50
      vertex 26.992777086794376 140.64702571183443 50
      vertex 26.992777086794376 140.64702571183443 52
    endloop
  endfacet
  facet normal 0.42755507319767905 0.9039893026927516 0
    outer loop
      vertex 26.207095108926296 141.82288189977407 50
      vertex 26.07402514666319 141.88581930100918 50
      vertex 26.07402514666319 141.88581930100918 52
    endloop
  endfacet
  facet normal 0.5141027780042697 0.857728589734709 0
    outer loop
      vertex 26.333355352282524 141.74720441550016 50
      vertex 26.207095108926296 141.82288189977407 50
      vertex 26.207095108926296 141.82288189977407 52
    endloop
  endfacet
  facet normal 0.5956993028830408 0.8032075326742517 0
    outer loop
      vertex 26.451589927077293 141.6595156788826 50
      vertex 26.333355352282524 141.74720441550016 50
      vertex 26.333355352282524 141.74720441550016 52
    endloop
  endfacet
  facet normal 0.6715589764431047 0.7409511057814067 0
    outer loop
      vertex 26.560660168528557 141.56066016852856 50
      vertex 26.451589927077293 141.6595156788826 50
      vertex 26.451589927077293 141.6595156788826 52
    endloop
  endfacet
  facet normal 0.989176513397145 0.14673045131624157 0
    outer loop
      vertex 26.992777086794376 140.64702571183443 50
      vertex 26.97117792069912 140.7926354855299 50
      vertex 26.97117792069912 140.7926354855299 52
    endloop
  endfacet
  facet normal 0.9700312581757379 0.24298016001722236 0
    outer loop
      vertex 26.97117792069912 140.7926354855299 50
      vertex 26.935410507023335 140.93542701750994 50
      vertex 26.935410507023335 140.93542701750994 52
    endloop
  endfacet
  facet normal 0.9039893026927516 0.42755507319767905 0
    outer loop
      vertex 26.885819301009178 141.0740251466632 50
      vertex 26.822881899774075 141.2070951089263 50
      vertex 26.822881899774075 141.2070951089263 52
    endloop
  endfacet
  facet normal 0.857728589734709 0.5141027780042697 0
    outer loop
      vertex 26.822881899774075 141.2070951089263 50
      vertex 26.747204415500164 141.33335535228252 50
      vertex 26.747204415500164 141.33335535228252 52
    endloop
  endfacet
  facet normal 0.941544059926039 0.33688986808449944 0
    outer loop
      vertex 26.935410507023335 140.93542701750994 50
      vertex 26.885819301009178 141.0740251466632 50
      vertex 26.885819301009178 141.0740251466632 52
    endloop
  endfacet
  facet normal 0.7409511057814067 0.6715589764431047 0
    outer loop
      vertex 26.6595156788826 141.4515899270773 50
      vertex 26.560660168528557 141.56066016852856 50
      vertex 26.560660168528557 141.56066016852856 52
    endloop
  endfacet
  facet normal 0.8032075326742517 0.5956993028830408 0
    outer loop
      vertex 26.747204415500164 141.33335535228252 50
      vertex 26.6595156788826 141.4515899270773 50
      vertex 26.6595156788826 141.4515899270773 52
    endloop
  endfacet
  facet normal 0.9987954551570747 0.04906769566193293 0
    outer loop
      vertex 27 140.5 50
      vertex 26.992777086794376 140.64702571183443 52
      vertex 27 140.5 52
    endloop
  endfacet
  facet normal 0.33688986808449944 0.941544059926039 0
    outer loop
      vertex 26.07402514666319 141.88581930100918 50
      vertex 25.935427017509937 141.93541050702333 52
      vertex 26.07402514666319 141.88581930100918 52
    endloop
  endfacet
  facet normal 0.42755507319767905 0.9039893026927516 0
    outer loop
      vertex 26.207095108926296 141.82288189977407 50
      vertex 26.07402514666319 141.88581930100918 52
      vertex 26.207095108926296 141.82288189977407 52
    endloop
  endfacet
  facet normal 0.5141027780042697 0.857728589734709 0
    outer loop
      vertex 26.333355352282524 141.74720441550016 50
      vertex 26.207095108926296 141.82288189977407 52
      vertex 26.333355352282524 141.74720441550016 52
    endloop
  endfacet
  facet normal 0.5956993028830408 0.8032075326742517 0
    outer loop
      vertex 26.451589927077293 141.6595156788826 50
      vertex 26.333355352282524 141.74720441550016 52
      vertex 26.451589927077293 141.6595156788826 52
    endloop
  endfacet
  facet normal 0.989176513397145 0.14673045131624157 0
    outer loop
      vertex 26.992777086794376 140.64702571183443 50
      vertex 26.97117792069912 140.7926354855299 52
      vertex 26.992777086794376 140.64702571183443 52
    endloop
  endfacet
  facet normal 0.9700312581757379 0.24298016001722236 0
    outer loop
      vertex 26.97117792069912 140.7926354855299 50
      vertex 26.935410507023335 140.93542701750994 52
      vertex 26.97117792069912 140.7926354855299 52
    endloop
  endfacet
  facet normal 0.9039893026927516 0.42755507319767905 0
    outer loop
      vertex 26.885819301009178 141.0740251466632 50
      vertex 26.822881899774075 141.2070951089263 52
      vertex 26.885819301009178 141.0740251466632 52
    endloop
  endfacet
  facet normal 0.857728589734709 0.5141027780042697 0
    outer loop
      vertex 26.822881899774075 141.2070951089263 50
      vertex 26.747204415500164 141.33335535228252 52
      vertex 26.822881899774075 141.2070951089263 52
    endloop
  endfacet
  facet normal 0.941544059926039 0.33688986808449944 0
    outer loop
      vertex 26.935410507023335 140.93542701750994 50
      vertex 26.885819301009178 141.0740251466632 52
      vertex 26.935410507023335 140.93542701750994 52
    endloop
  endfacet
  facet normal 0.6715589764431047 0.7409511057814067 0
    outer loop
      vertex 26.560660168528557 141.56066016852856 50
      vertex 26.451589927077293 141.6595156788826 52
      vertex 26.560660168528557 141.56066016852856 52
    endloop
  endfacet
  facet normal 0.8032075326742517 0.5956993028830408 0
    outer loop
      vertex 26.747204415500164 141.33335535228252 50
      vertex 26.6595156788826 141.4515899270773 52
      vertex 26.747204415500164 141.33335535228252 52
    endloop
  endfacet
  facet normal 0.7409511057814067 0.6715589764431047 0
    outer loop
      vertex 26.6595156788826 141.4515899270773 50
      vertex 26.560660168528557 141.56066016852856 52
      vertex 26.6595156788826 141.4515899270773 52
    endloop
  endfacet
  facet normal 0 1 0
    outer loop
      vertex 25.5 142 50
      vertex 1 142 52
      vertex 25.5 142 52
    endloop
  endfacet
  facet normal 0.04906769566193293 0.9987954551570747 0
    outer loop
      vertex 25.64702571183443 141.99277708679438 50
      vertex 25.5 142 50
      vertex 25.5 142 52
    endloop
  endfacet
  facet normal 0.14673045131624157 0.989176513397145 0
    outer loop
      vertex 25.7926354855299 141.97117792069912 50
      vertex 25.64702571183443 141.99277708679438 50
      vertex 25.64702571183443 141.99277708679438 52
    endloop
  endfacet
  facet normal 0.24298016001722236 0.9700312581757379 0
    outer loop
      vertex 25.935427017509937 141.93541050702333 50
      vertex 25.7926354855299 141.97117792069912 50
      vertex 25.7926354855299 141.97117792069912 52
    endloop
  endfacet
  facet normal 0.04906769566193293 0.9987954551570747 0
    outer loop
      vertex 25.64702571183443 141.99277708679438 50
      vertex 25.5 142 52
      vertex 25.64702571183443 141.99277708679438 52
    endloop
  endfacet
  facet normal 0.14673045131624157 0.989176513397145 0
    outer loop
      vertex 25.7926354855299 141.97117792069912 50
      vertex 25.64702571183443 141.99277708679438 52
      vertex 25.7926354855299 141.97117792069912 52
    endloop
  endfacet
  facet normal 0.24298016001722236 0.9700312581757379 0
    outer loop
      vertex 25.935427017509937 141.93541050702333 50
      vertex 25.7926354855299 141.97117792069912 52
      vertex 25.935427017509937 141.93541050702333 52
    endloop
  endfacet
  facet normal 1 0 0
    outer loop
      vertex -55 100 52
      vertex -55 129.5 52
      vertex -55 100 53.5
    endloop
  endfacet
  facet normal -1 0 0
    outer loop
      vertex -56 99 52
      vertex -56 99 53
      vertex -56 128.5 53
    endloop
  endfacet
  facet normal -1 0 0
    outer loop
      vertex -56 99 52
      vertex -56 128.5 53
      vertex -56 128.5 52
    endloop
  endfacet
  facet normal 1 0 0
    outer loop
      vertex -55 100 53.5
      vertex -55 129.5 52
      vertex -55 129.5 53.125
    endloop
  endfacet
  facet normal 0 -1 0
    outer loop
      vertex 1 99 52
      vertex -56 99 53
      vertex -56 99 52
    endloop
  endfacet
  facet normal 0 1 0
    outer loop
      vertex 0 100 53.5
      vertex -55 100 52
      vertex -55 100 53.5
    endloop
  endfacet
  facet normal 0 -1 0
    outer loop
      vertex -56 128.5 52
      vertex -63 128.5 53
      vertex -63 128.5 52
    endloop
  endfacet
  facet normal 0 -1 0
    outer loop
      vertex -56 128.5 52
      vertex -56 128.5 53
      vertex -63 128.5 53
    endloop
  endfacet
  facet normal 0 1 0
    outer loop
      vertex -62 129.5 52
      vertex -62 129.5 53
      vertex -55 129.5 53.5
    endloop
  endfacet
  facet normal 0 1 0
    outer loop
      vertex -62 129.5 53
      vertex -62 129.5 53.5
      vertex -55 129.5 53.5
    endloop
  endfacet
  facet normal 0 1 0
    outer loop
      vertex -55 129.5 52
      vertex -62 129.5 52
      vertex -55 129.5 53.125
    endloop
  endfacet
  facet normal 0 1 0
    outer loop
      vertex -62 129.5 52
      vertex -55 129.5 53.5
      vertex -55 129.5 53.125
    endloop
  endfacet
  facet normal -1 0 0
    outer loop
      vertex -63 128.5 52
      vertex -63 128.5 53
      vertex -63 161.5 53
    endloop
  endfacet
  facet normal 0 0 1
    outer loop
      vertex -62 129.5 53.5
      vertex -62 160.5 53.5
      vertex -63 128.5 53.5
    endloop
  endfacet
  facet normal 1 0 0
    outer loop
      vertex -62 129.5 52
      vertex -62 160.5 52
      vertex -62 129.5 53
    endloop
  endfacet
  facet normal -1 0 0
    outer loop
      vertex -63 128.5 52
      vertex -63 161.5 53
      vertex -63 161.5 52
    endloop
  endfacet
  facet normal 1 0 0
    outer loop
      vertex -62 129.5 53
      vertex -62 160.5 52
      vertex -62 160.5 53
    endloop
  endfacet
  facet normal 1 0 0
    outer loop
      vertex -62 129.5 53.5
      vertex -62 160.5 53.125
      vertex -62 160.5 53.5
    endloop
  endfacet
  facet normal 0 -1 0
    outer loop
      vertex -61 160.5 52
      vertex -62 160.5 53
      vertex -62 160.5 52
    endloop
  endfacet
  facet normal 0 0 1
    outer loop
      vertex -10.166666792912718 161.5 53.5
      vertex -63 161.5 53.5
      vertex -62 160.5 53.5
    endloop
  endfacet
  facet normal 0 -1 0
    outer loop
      vertex -62 160.5 53
      vertex -61 160.5 52
      vertex -2 160.5 52
    endloop
  endfacet
  facet normal 0 -1 0
    outer loop
      vertex -1 160.5 52
      vertex -62 160.5 53.125
      vertex -62 160.5 53
    endloop
  endfacet
  facet normal 0 -1 0
    outer loop
      vertex -1 160.5 52
      vertex -62 160.5 53.5
      vertex -62 160.5 53.125
    endloop
  endfacet
  facet normal 0 1 0
    outer loop
      vertex 0 161.5 53
      vertex -63 161.5 52
      vertex -63 161.5 53
    endloop
  endfacet
  facet normal 0 1 0
    outer loop
      vertex 0 100 52
      vertex -55 100 52
      vertex 0 100 53
    endloop
  endfacet
  facet normal 0 1 0
    outer loop
      vertex 0 100 53
      vertex -55 100 52
      vertex 0 100 53.5
    endloop
  endfacet
  facet normal 0 -1 0
    outer loop
      vertex 1 99 52
      vertex 1 99 53
      vertex -56 99 53
    endloop
  endfacet
  facet normal 0 -1 0
    outer loop
      vertex -1 160.5 52
      vertex -62 160.5 53
      vertex -2 160.5 52
    endloop
  endfacet
  facet normal 0 1 0
    outer loop
      vertex 0 161.5 52
      vertex -63 161.5 52
      vertex 0 161.5 53
    endloop
  endfacet
  facet normal 0 -1 0
    outer loop
      vertex -1 160.5 52
      vertex -1 160.5 53
      vertex -62 160.5 53.5
    endloop
  endfacet
  facet normal -1 0 0
    outer loop
      vertex -1 140 52
      vertex -1 140 53.5
      vertex -1 160.5 53.5
    endloop
  endfacet
  facet normal -1 0 0
    outer loop
      vertex -1 140 52
      vertex -1 160.5 53
      vertex -1 160.5 52
    endloop
  endfacet
  facet normal -1 0 0
    outer loop
      vertex -1 140 52
      vertex -1 160.5 53.5
      vertex -1 160.5 53
    endloop
  endfacet
  facet normal 1 0 0
    outer loop
      vertex 1 99 52
      vertex 1 109 52
      vertex 1 99 53
    endloop
  endfacet
  facet normal -1 0 0
    outer loop
      vertex 0 100 52
      vertex 0 100 53
      vertex 0 110 53
    endloop
  endfacet
  facet normal 1 0 0
    outer loop
      vertex 1 109 52
      vertex 1 109 53
      vertex 1 99 53
    endloop
  endfacet
  facet normal -1 0 0
    outer loop
      vertex 0 100 52
      vertex 0 110 53
      vertex 0 110 52
    endloop
  endfacet
  facet normal 0 1 0
    outer loop
      vertex 16.666666666666668 110 53
      vertex 0 110 52
      vertex 0 110 53
    endloop
  endfacet
  facet normal 0 1 0
    outer loop
      vertex 16.666666666666668 110 53
      vertex 0 110 53
      vertex 0 110 53.5
    endloop
  endfacet
  facet normal 0 -1 0
    outer loop
      vertex 26 109 52
      vertex 1 109 53
      vertex 1 109 52
    endloop
  endfacet
  facet normal 0 1 0
    outer loop
      vertex 25 110 53
      vertex 0 110 52
      vertex 16.666666666666668 110 53
    endloop
  endfacet
  facet normal 0 1 0
    outer loop
      vertex 16.666666666666668 110 53
      vertex 0 110 53.5
      vertex 25 110 53.5
    endloop
  endfacet
  facet normal 0 1 0
    outer loop
      vertex 25 110 52
      vertex 0 110 52
      vertex 25 110 53
    endloop
  endfacet
  facet normal 0 -1 0
    outer loop
      vertex 26 109 52
      vertex 26 109 53
      vertex 1 109 53
    endloop
  endfacet
  facet normal 0 1 0
    outer loop
      vertex 16.666666666666668 110 53
      vertex 25 110 53.5
      vertex 25 110 53.125
    endloop
  endfacet
  facet normal -1 0 0
    outer loop
      vertex 25 110 52
      vertex 25 110 53
      vertex 25 140 53.5
    endloop
  endfacet
  facet normal -1 0 0
    outer loop
      vertex 25 110 53
      vertex 25 110 53.125
      vertex 25 140 53.5
    endloop
  endfacet
  facet normal -1 0 0
    outer loop
      vertex 25 110 53.125
      vertex 25 110 53.5
      vertex 25 140 53.5
    endloop
  endfacet
  facet normal 1 0 0
    outer loop
      vertex 26 109 52
      vertex 26 141 52
      vertex 26 109 53
    endloop
  endfacet
  facet normal 0 -1 0
    outer loop
      vertex 25 140 52
      vertex -1 140 53.5
      vertex -1 140 52
    endloop
  endfacet
  facet normal 0 1 0
    outer loop
      vertex 26 141 53
      vertex 0 141 52
      vertex 0 141 53
    endloop
  endfacet
  facet normal 1 0 0
    outer loop
      vertex 0 141 52
      vertex 0 161.5 52
      vertex 0 141 53
    endloop
  endfacet
  facet normal 1 0 0
    outer loop
      vertex 0 141 53
      vertex 0 161.5 52
      vertex 0 161.5 53
    endloop
  endfacet
  facet normal 0 1 0
    outer loop
      vertex 26 141 52
      vertex 0 141 52
      vertex 26 141 53
    endloop
  endfacet
  facet normal 0 -1 0
    outer loop
      vertex 25 140 52
      vertex 25 140 53
      vertex -1 140 53.5
    endloop
  endfacet
  facet normal 0 0 1
    outer loop
      vertex 25 140 53.5
      vertex 26 141 53.5
      vertex 4.333333387143083 141 53.5
    endloop
  endfacet
  facet normal -1 0 0
    outer loop
      vertex 25 110 52
      vertex 25 140 53
      vertex 25 140 52
    endloop
  endfacet
  facet normal -1 0 0
    outer loop
      vertex 25 110 52
      vertex 25 140 53.5
      vertex 25 140 53
    endloop
  endfacet
  facet normal 1 0 0
    outer loop
      vertex 26 109 53
      vertex 26 141 52
      vertex 26 141 53
    endloop
  endfacet
  facet normal 0 0 -1
    outer loop
      vertex -56 99 53
      vertex -56.20000000298023 98.79999999701977 53
      vertex -56 128.5 53
    endloop
  endfacet
  facet normal -1 0 0
    outer loop
      vertex -56.20000000298023 98.79999999701977 53
      vertex -56.20000000298023 98.79999999701977 53.5
      vertex -56.20000000298023 128.29999999701977 53
    endloop
  endfacet
  facet normal 0 0 -1
    outer loop
      vertex -56.20000000298023 98.79999999701977 53
      vertex -56.20000000298023 128.29999999701977 53
      vertex -56 128.5 53
    endloop
  endfacet
  facet normal -1 0 0
    outer loop
      vertex -56.20000000298023 98.79999999701977 53.5
      vertex -56.20000000298023 128.29999999701977 53.5
      vertex -56.20000000298023 128.29999999701977 53
    endloop
  endfacet
  facet normal 0 0 1
    outer loop
      vertex -55 100 53.5
      vertex -56.20000000298023 128.29999999701977 53.5
      vertex -56.20000000298023 98.79999999701977 53.5
    endloop
  endfacet
  facet normal 0 0 1
    outer loop
      vertex -55 100 53.5
      vertex -55 129.5 53.5
      vertex -56.20000000298023 128.29999999701977 53.5
    endloop
  endfacet
  facet normal 1 0 0
    outer loop
      vertex -55 100 53.5
      vertex -55 129.5 53.125
      vertex -55 129.5 53.5
    endloop
  endfacet
  facet normal 0 -1 0
    outer loop
      vertex 1.2000000029802322 98.79999999701977 53.5
      vertex -56.20000000298023 98.79999999701977 53.5
      vertex -56.20000000298023 98.79999999701977 53
    endloop
  endfacet
  facet normal 0 0 -1
    outer loop
      vertex 1.2000000029802322 98.79999999701977 53
      vertex -56.20000000298023 98.79999999701977 53
      vertex -56 99 53
    endloop
  endfacet
  facet normal 0 0 1
    outer loop
      vertex 1.2000000029802322 98.79999999701977 53.5
      vertex -55 100 53.5
      vertex -56.20000000298023 98.79999999701977 53.5
    endloop
  endfacet
  facet normal 0 0 -1
    outer loop
      vertex -56.20000000298023 128.29999999701977 53
      vertex -63.20000000298023 128.29999999701977 53
      vertex -63 128.5 53
    endloop
  endfacet
  facet normal 0 -1 0
    outer loop
      vertex -63.20000000298023 128.29999999701977 53
      vertex -56.20000000298023 128.29999999701977 53.5
      vertex -63.20000000298023 128.29999999701977 53.5
    endloop
  endfacet
  facet normal 0 0 1
    outer loop
      vertex -56.20000000298023 128.29999999701977 53.5
      vertex -63 128.5 53.5
      vertex -63.20000000298023 128.29999999701977 53.5
    endloop
  endfacet
  facet normal 0 0 1
    outer loop
      vertex -56.20000000298023 128.29999999701977 53.5
      vertex -62 129.5 53.5
      vertex -63 128.5 53.5
    endloop
  endfacet
  facet normal 0 0 -1
    outer loop
      vertex -56 128.5 53
      vertex -56.20000000298023 128.29999999701977 53
      vertex -63 128.5 53
    endloop
  endfacet
  facet normal 0 -1 0
    outer loop
      vertex -56.20000000298023 128.29999999701977 53
      vertex -56.20000000298023 128.29999999701977 53.5
      vertex -63.20000000298023 128.29999999701977 53
    endloop
  endfacet
  facet normal 0 0 1
    outer loop
      vertex -55 129.5 53.5
      vertex -62 129.5 53.5
      vertex -56.20000000298023 128.29999999701977 53.5
    endloop
  endfacet
  facet normal 0 0 1
    outer loop
      vertex -63.20000000298023 128.29999999701977 53.5
      vertex -63 128.5 53.5
      vertex -62 160.5 53.5
    endloop
  endfacet
  facet normal 0 0 -1
    outer loop
      vertex -63.20000000298023 128.29999999701977 53
      vertex -63 161.5 53
      vertex -63 128.5 53
    endloop
  endfacet
  facet normal -1 0 0
    outer loop
      vertex -63.20000000298023 128.29999999701977 53
      vertex -63.20000000298023 128.29999999701977 53.5
      vertex -63.20000000298023 161.70000000298023 53
    endloop
  endfacet
  facet normal 1 0 0
    outer loop
      vertex -62 129.5 53
      vertex -62 160.5 53
      vertex -62 129.5 53.5
    endloop
  endfacet
  facet normal 0 0 -1
    outer loop
      vertex -63.20000000298023 128.29999999701977 53
      vertex -63.20000000298023 161.70000000298023 53
      vertex -63 161.5 53
    endloop
  endfacet
  facet normal -1 0 0
    outer loop
      vertex -63.20000000298023 128.29999999701977 53.5
      vertex -63.20000000298023 161.70000000298023 53.5
      vertex -63.20000000298023 161.70000000298023 53
    endloop
  endfacet
  facet normal 0 0 1
    outer loop
      vertex -63.20000000298023 128.29999999701977 53.5
      vertex -63 161.5 53.5
      vertex -63.20000000298023 161.70000000298023 53.5
    endloop
  endfacet
  facet normal 0 0 1
    outer loop
      vertex -63.20000000298023 128.29999999701977 53.5
      vertex -62 160.5 53.5
      vertex -63 161.5 53.5
    endloop
  endfacet
  facet normal 1 0 0
    outer loop
      vertex -62 129.5 53.5
      vertex -62 160.5 53
      vertex -62 160.5 53.125
    endloop
  endfacet
  facet normal 0 0 1
    outer loop
      vertex -10.166666792912718 161.5 53.5
      vertex -63.20000000298023 161.70000000298023 53.5
      vertex -63 161.5 53.5
    endloop
  endfacet
  facet normal 0 0 -1
    outer loop
      vertex 0 161.5 53
      vertex -63 161.5 53
      vertex -63.20000000298023 161.70000000298023 53
    endloop
  endfacet
  facet normal 0 1 0
    outer loop
      vertex 0.20000000298023224 161.70000000298023 53
      vertex -63.20000000298023 161.70000000298023 53
      vertex -63.20000000298023 161.70000000298023 53.5
    endloop
  endfacet
  facet normal 0 0 -1
    outer loop
      vertex 1.2000000029802322 98.79999999701977 53
      vertex -56 99 53
      vertex 1 99 53
    endloop
  endfacet
  facet normal 0 -1 0
    outer loop
      vertex 1.2000000029802322 98.79999999701977 53
      vertex 1.2000000029802322 98.79999999701977 53.5
      vertex -56.20000000298023 98.79999999701977 53
    endloop
  endfacet
  facet normal 0 0 1
    outer loop
      vertex 1.2000000029802322 98.79999999701977 53.5
      vertex 0 100 53.5
      vertex -55 100 53.5
    endloop
  endfacet
  facet normal 0 0 1
    outer loop
      vertex -1 160.5 53.5
      vertex -10.166666792912718 161.5 53.5
      vertex -62 160.5 53.5
    endloop
  endfacet
  facet normal 0 0 1
    outer loop
      vertex 0.20000000298023224 161.70000000298023 53.5
      vertex -63.20000000298023 161.70000000298023 53.5
      vertex -10.166666792912718 161.5 53.5
    endloop
  endfacet
  facet normal 0 -1 0
    outer loop
      vertex -1 160.5 53
      vertex -1 160.5 53.5
      vertex -62 160.5 53.5
    endloop
  endfacet
  facet normal 0 0 -1
    outer loop
      vertex 0.20000000298023224 161.70000000298023 53
      vertex 0 161.5 53
      vertex -63.20000000298023 161.70000000298023 53
    endloop
  endfacet
  facet normal 0 1 0
    outer loop
      vertex 0.20000000298023224 161.70000000298023 53
      vertex -63.20000000298023 161.70000000298023 53.5
      vertex 0.20000000298023224 161.70000000298023 53.5
    endloop
  endfacet
  facet normal 0 0 1
    outer loop
      vertex -1 140 53.5
      vertex 0.20000000298023224 141.20000000298023 53.5
      vertex -1 160.5 53.5
    endloop
  endfacet
  facet normal 0 0 1
    outer loop
      vertex 0.20000000298023224 141.20000000298023 53.5
      vertex 0.20000000298023224 161.70000000298023 53.5
      vertex -1 160.5 53.5
    endloop
  endfacet
  facet normal 0 0 1
    outer loop
      vertex 0.20000000298023224 161.70000000298023 53.5
      vertex -10.166666792912718 161.5 53.5
      vertex -1 160.5 53.5
    endloop
  endfacet
  facet normal -1 0 0
    outer loop
      vertex 0 100 53
      vertex 0 100 53.5
      vertex 0 110 53.5
    endloop
  endfacet
  facet normal 0 0 1
    outer loop
      vertex 1.2000000029802322 98.79999999701977 53.5
      vertex 1.2000000029802322 108.79999999701977 53.5
      vertex 0 100 53.5
    endloop
  endfacet
  facet normal 0 0 -1
    outer loop
      vertex 1.2000000029802322 98.79999999701977 53
      vertex 1 99 53
      vertex 1.2000000029802322 108.79999999701977 53
    endloop
  endfacet
  facet normal 1 0 0
    outer loop
      vertex 1.2000000029802322 98.79999999701977 53
      vertex 1.2000000029802322 108.79999999701977 53.5
      vertex 1.2000000029802322 98.79999999701977 53.5
    endloop
  endfacet
  facet normal 0 0 -1
    outer loop
      vertex 1 99 53
      vertex 1 109 53
      vertex 1.2000000029802322 108.79999999701977 53
    endloop
  endfacet
  facet normal 1 0 0
    outer loop
      vertex 1.2000000029802322 98.79999999701977 53
      vertex 1.2000000029802322 108.79999999701977 53
      vertex 1.2000000029802322 108.79999999701977 53.5
    endloop
  endfacet
  facet normal 0 0 1
    outer loop
      vertex 0 100 53.5
      vertex 1.2000000029802322 108.79999999701977 53.5
      vertex 0 110 53.5
    endloop
  endfacet
  facet normal -1 0 0
    outer loop
      vertex 0 100 53
      vertex 0 110 53.5
      vertex 0 110 53
    endloop
  endfacet
  facet normal 0 0 1
    outer loop
      vertex 25 110 53.5
      vertex 0 110 53.5
      vertex 1.2000000029802322 108.79999999701977 53.5
    endloop
  endfacet
  facet normal 0 0 -1
    outer loop
      vertex 26.200000002980232 108.79999999701977 53
      vertex 1.2000000029802322 108.79999999701977 53
      vertex 1 109 53
    endloop
  endfacet
  facet normal 0 -1 0
    outer loop
      vertex 26.200000002980232 108.79999999701977 53.5
      vertex 1.2000000029802322 108.79999999701977 53.5
      vertex 1.2000000029802322 108.79999999701977 53
    endloop
  endfacet
  facet normal 0 0 -1
    outer loop
      vertex 26.200000002980232 108.79999999701977 53
      vertex 1 109 53
      vertex 26 109 53
    endloop
  endfacet
  facet normal 0 0 1
    outer loop
      vertex 26.200000002980232 108.79999999701977 53.5
      vertex 25 110 53.5
      vertex 1.2000000029802322 108.79999999701977 53.5
    endloop
  endfacet
  facet normal 0 -1 0
    outer loop
      vertex 26.200000002980232 108.79999999701977 53
      vertex 26.200000002980232 108.79999999701977 53.5
      vertex 1.2000000029802322 108.79999999701977 53
    endloop
  endfacet
  facet normal 0 1 0
    outer loop
      vertex 25 110 53
      vertex 16.666666666666668 110 53
      vertex 25 110 53.125
    endloop
  endfacet
  facet normal 0 0 1
    outer loop
      vertex 26.200000002980232 108.79999999701977 53.5
      vertex 25 140 53.5
      vertex 25 110 53.5
    endloop
  endfacet
  facet normal 0 0 -1
    outer loop
      vertex 26.200000002980232 108.79999999701977 53
      vertex 26 109 53
      vertex 26.200000002980232 141.20000000298023 53
    endloop
  endfacet
  facet normal 1 0 0
    outer loop
      vertex 26.200000002980232 108.79999999701977 53
      vertex 26.200000002980232 141.20000000298023 53.5
      vertex 26.200000002980232 108.79999999701977 53.5
    endloop
  endfacet
  facet normal 0 0 1
    outer loop
      vertex 4.333333387143083 141 53.5
      vertex 0.20000000298023224 141.20000000298023 53.5
      vertex -1 140 53.5
    endloop
  endfacet
  facet normal 0 0 -1
    outer loop
      vertex 26 141 53
      vertex 0 141 53
      vertex 0.20000000298023224 141.20000000298023 53
    endloop
  endfacet
  facet normal 0 1 0
    outer loop
      vertex 26.200000002980232 141.20000000298023 53
      vertex 0.20000000298023224 141.20000000298023 53
      vertex 0.20000000298023224 141.20000000298023 53.5
    endloop
  endfacet
  facet normal 0 0 1
    outer loop
      vertex 25 140 53.5
      vertex 4.333333387143083 141 53.5
      vertex -1 140 53.5
    endloop
  endfacet
  facet normal 0 0 1
    outer loop
      vertex 26.200000002980232 141.20000000298023 53.5
      vertex 0.20000000298023224 141.20000000298023 53.5
      vertex 4.333333387143083 141 53.5
    endloop
  endfacet
  facet normal 0 0 -1
    outer loop
      vertex 0 141 53
      vertex 0.20000000298023224 161.70000000298023 53
      vertex 0.20000000298023224 141.20000000298023 53
    endloop
  endfacet
  facet normal 1 0 0
    outer loop
      vertex 0.20000000298023224 141.20000000298023 53
      vertex 0.20000000298023224 161.70000000298023 53.5
      vertex 0.20000000298023224 141.20000000298023 53.5
    endloop
  endfacet
  facet normal 0 0 -1
    outer loop
      vertex 0 141 53
      vertex 0 161.5 53
      vertex 0.20000000298023224 161.70000000298023 53
    endloop
  endfacet
  facet normal 1 0 0
    outer loop
      vertex 0.20000000298023224 141.20000000298023 53
      vertex 0.20000000298023224 161.70000000298023 53
      vertex 0.20000000298023224 161.70000000298023 53.5
    endloop
  endfacet
  facet normal 0 -1 0
    outer loop
      vertex 25 140 53
      vertex 25 140 53.5
      vertex -1 140 53.5
    endloop
  endfacet
  facet normal 0 0 -1
    outer loop
      vertex 26 141 53
      vertex 0.20000000298023224 141.20000000298023 53
      vertex 26.200000002980232 141.20000000298023 53
    endloop
  endfacet
  facet normal 0 1 0
    outer loop
      vertex 26.200000002980232 141.20000000298023 53
      vertex 0.20000000298023224 141.20000000298023 53.5
      vertex 26.200000002980232 141.20000000298023 53.5
    endloop
  endfacet
  facet normal 0 0 1
    outer loop
      vertex 26 141 53.5
      vertex 26.200000002980232 141.20000000298023 53.5
      vertex 4.333333387143083 141 53.5
    endloop
  endfacet
  facet normal 0 0 1
    outer loop
      vertex 26.200000002980232 108.79999999701977 53.5
      vertex 26 141 53.5
      vertex 25 140 53.5
    endloop
  endfacet
  facet normal 0 0 1
    outer loop
      vertex 26.200000002980232 108.79999999701977 53.5
      vertex 26.200000002980232 141.20000000298023 53.5
      vertex 26 141 53.5
    endloop
  endfacet
  facet normal 0 0 -1
    outer loop
      vertex 26 109 53
      vertex 26 141 53
      vertex 26.200000002980232 141.20000000298023 53
    endloop
  endfacet
  facet normal 1 0 0
    outer loop
      vertex 26.200000002980232 108.79999999701977 53
      vertex 26.200000002980232 141.20000000298023 53
      vertex 26.200000002980232 141.20000000298023 53.5
    endloop
  endfacet
  facet normal 0.8819212643483564 0.47139673682599503 0
    outer loop
      vertex -37.96715672757901 142.32121597344437 50
      vertex -37.32028728611782 141.11100836886277 52
      vertex -37.32028728611782 141.11100836886277 50
    endloop
  endfacet
  facet normal 0.7730104533627263 0.6343932841636585 0
    outer loop
      vertex -37.32028728611782 141.11100836886277 50
      vertex -36.44974746830583 140.05025253169418 52
      vertex -36.44974746830583 140.05025253169418 50
    endloop
  endfacet
  facet normal 0.8819212643483564 0.47139673682599503 0
    outer loop
      vertex -37.96715672757901 142.32121597344437 50
      vertex -37.96715672757901 142.32121597344437 52
      vertex -37.32028728611782 141.11100836886277 52
    endloop
  endfacet
  facet normal 0.7730104533627263 0.6343932841636585 0
    outer loop
      vertex -37.32028728611782 141.11100836886277 50
      vertex -37.32028728611782 141.11100836886277 52
      vertex -36.44974746830583 140.05025253169418 52
    endloop
  endfacet
  facet normal 0.6343932841636607 0.7730104533627244 0
    outer loop
      vertex -36.44974746830583 140.05025253169418 50
      vertex -36.44974746830583 140.05025253169418 52
      vertex -35.388991631137216 139.17971271388217 52
    endloop
  endfacet
  facet normal 0.4713967368259892 0.8819212643483596 0
    outer loop
      vertex -34.178784026555626 138.532843272421 50
      vertex -35.388991631137216 139.17971271388217 50
      vertex -34.178784026555626 138.532843272421 52
    endloop
  endfacet
  facet normal 0.4713967368259892 0.8819212643483596 0
    outer loop
      vertex -35.388991631137216 139.17971271388217 50
      vertex -35.388991631137216 139.17971271388217 52
      vertex -34.178784026555626 138.532843272421 52
    endloop
  endfacet
  facet normal 0.6343932841636607 0.7730104533627244 0
    outer loop
      vertex -35.388991631137216 139.17971271388217 50
      vertex -36.44974746830583 140.05025253169418 50
      vertex -35.388991631137216 139.17971271388217 52
    endloop
  endfacet
  facet normal 0.29028467725446444 0.9569403357322082 0
    outer loop
      vertex -32.865632254112896 138.13450303717738 50
      vertex -34.178784026555626 138.532843272421 50
      vertex -32.865632254112896 138.13450303717738 52
    endloop
  endfacet
  facet normal 0.29028467725446444 0.9569403357322082 0
    outer loop
      vertex -34.178784026555626 138.532843272421 50
      vertex -34.178784026555626 138.532843272421 52
      vertex -32.865632254112896 138.13450303717738 52
    endloop
  endfacet
  facet normal 0.098017140329557 0.9951847266721972 0
    outer loop
      vertex -32.865632254112896 138.13450303717738 50
      vertex -32.865632254112896 138.13450303717738 52
      vertex -31.5 138 52
    endloop
  endfacet
  facet normal 0.956940335732211 0.2902846772544554 0
    outer loop
      vertex -38.36549696282261 143.63436774588712 50
      vertex -37.96715672757901 142.32121597344437 52
      vertex -37.96715672757901 142.32121597344437 50
    endloop
  endfacet
  facet normal 0.9951847266721967 0.09801714032956314 0
    outer loop
      vertex -38.5 145 50
      vertex -38.36549696282261 143.63436774588712 52
      vertex -38.36549696282261 143.63436774588712 50
    endloop
  endfacet
  facet normal 0.956940335732211 0.2902846772544554 0
    outer loop
      vertex -38.36549696282261 143.63436774588712 50
      vertex -38.36549696282261 143.63436774588712 52
      vertex -37.96715672757901 142.32121597344437 52
    endloop
  endfacet
  facet normal 0.9951847266721967 -0.09801714032956314 0
    outer loop
      vertex -38.36549696282261 146.36563225411288 50
      vertex -38.5 145 52
      vertex -38.5 145 50
    endloop
  endfacet
  facet normal 0.956940335732211 -0.2902846772544554 0
    outer loop
      vertex -37.96715672757901 147.67878402655563 50
      vertex -38.36549696282261 146.36563225411288 52
      vertex -38.36549696282261 146.36563225411288 50
    endloop
  endfacet
  facet normal 0.9951847266721967 0.09801714032956314 0
    outer loop
      vertex -38.5 145 50
      vertex -38.5 145 52
      vertex -38.36549696282261 143.63436774588712 52
    endloop
  endfacet
  facet normal 0.9951847266721967 -0.09801714032956314 0
    outer loop
      vertex -38.36549696282261 146.36563225411288 50
      vertex -38.36549696282261 146.36563225411288 52
      vertex -38.5 145 52
    endloop
  endfacet
  facet normal 0.956940335732211 -0.2902846772544554 0
    outer loop
      vertex -37.96715672757901 147.67878402655563 50
      vertex -37.96715672757901 147.67878402655563 52
      vertex -38.36549696282261 146.36563225411288 52
    endloop
  endfacet
  facet normal 0.8819212643483564 -0.47139673682599503 0
    outer loop
      vertex -37.32028728611782 148.88899163113723 50
      vertex -37.96715672757901 147.67878402655563 52
      vertex -37.96715672757901 147.67878402655563 50
    endloop
  endfacet
  facet normal 0.7730104533627263 -0.6343932841636585 0
    outer loop
      vertex -36.44974746830583 149.94974746830582 50
      vertex -37.32028728611782 148.88899163113723 52
      vertex -37.32028728611782 148.88899163113723 50
    endloop
  endfacet
  facet normal 0.8819212643483564 -0.47139673682599503 0
    outer loop
      vertex -37.32028728611782 148.88899163113723 50
      vertex -37.32028728611782 148.88899163113723 52
      vertex -37.96715672757901 147.67878402655563 52
    endloop
  endfacet
  facet normal 0.7730104533627263 -0.6343932841636585 0
    outer loop
      vertex -36.44974746830583 149.94974746830582 50
      vertex -36.44974746830583 149.94974746830582 52
      vertex -37.32028728611782 148.88899163113723 52
    endloop
  endfacet
  facet normal 0.6343932841636607 -0.7730104533627244 0
    outer loop
      vertex -36.44974746830583 149.94974746830582 50
      vertex -35.388991631137216 150.82028728611783 50
      vertex -36.44974746830583 149.94974746830582 52
    endloop
  endfacet
  facet normal 0.4713967368259892 -0.8819212643483596 0
    outer loop
      vertex -35.388991631137216 150.82028728611783 50
      vertex -34.178784026555626 151.467156727579 50
      vertex -35.388991631137216 150.82028728611783 52
    endloop
  endfacet
  facet normal 0.6343932841636607 -0.7730104533627244 0
    outer loop
      vertex -35.388991631137216 150.82028728611783 50
      vertex -35.388991631137216 150.82028728611783 52
      vertex -36.44974746830583 149.94974746830582 52
    endloop
  endfacet
  facet normal 0.4713967368259892 -0.8819212643483596 0
    outer loop
      vertex -34.178784026555626 151.467156727579 50
      vertex -34.178784026555626 151.467156727579 52
      vertex -35.388991631137216 150.82028728611783 52
    endloop
  endfacet
  facet normal 0.29028467725446444 -0.9569403357322082 0
    outer loop
      vertex -34.178784026555626 151.467156727579 50
      vertex -32.865632254112896 151.86549696282262 50
      vertex -34.178784026555626 151.467156727579 52
    endloop
  endfacet
  facet normal 0.098017140329557 -0.9951847266721972 0
    outer loop
      vertex -32.865632254112896 151.86549696282262 50
      vertex -31.5 152 50
      vertex -32.865632254112896 151.86549696282262 52
    endloop
  endfacet
  facet normal 0.29028467725446444 -0.9569403357322082 0
    outer loop
      vertex -32.865632254112896 151.86549696282262 50
      vertex -32.865632254112896 151.86549696282262 52
      vertex -34.178784026555626 151.467156727579 52
    endloop
  endfacet
  facet normal 0.098017140329557 0.9951847266721972 0
    outer loop
      vertex -31.5 138 50
      vertex -32.865632254112896 138.13450303717738 50
      vertex -31.5 138 52
    endloop
  endfacet
  facet normal -0.09801714032955675 0.9951847266721973 0
    outer loop
      vertex -30.1343677458871 138.13450303717738 50
      vertex -31.5 138 50
      vertex -30.1343677458871 138.13450303717738 52
    endloop
  endfacet
  facet normal -0.09801714032955675 0.9951847266721973 0
    outer loop
      vertex -31.5 138 50
      vertex -31.5 138 52
      vertex -30.1343677458871 138.13450303717738 52
    endloop
  endfacet
  facet normal -0.29028467725446444 0.9569403357322082 0
    outer loop
      vertex -28.82121597344437 138.532843272421 50
      vertex -30.1343677458871 138.13450303717738 50
      vertex -28.82121597344437 138.532843272421 52
    endloop
  endfacet
  facet normal -0.47139673682599026 0.881921264348359 0
    outer loop
      vertex -27.611008368862784 139.17971271388217 50
      vertex -28.82121597344437 138.532843272421 50
      vertex -27.611008368862784 139.17971271388217 52
    endloop
  endfacet
  facet normal -0.29028467725446444 0.9569403357322082 0
    outer loop
      vertex -30.1343677458871 138.13450303717738 50
      vertex -30.1343677458871 138.13450303717738 52
      vertex -28.82121597344437 138.532843272421 52
    endloop
  endfacet
  facet normal -0.47139673682599026 0.881921264348359 0
    outer loop
      vertex -28.82121597344437 138.532843272421 50
      vertex -28.82121597344437 138.532843272421 52
      vertex -27.611008368862784 139.17971271388217 52
    endloop
  endfacet
  facet normal -0.6343932841636595 0.7730104533627254 0
    outer loop
      vertex -26.550252531694166 140.05025253169418 50
      vertex -27.611008368862784 139.17971271388217 50
      vertex -26.550252531694166 140.05025253169418 52
    endloop
  endfacet
  facet normal -0.6343932841636595 0.7730104533627254 0
    outer loop
      vertex -27.611008368862784 139.17971271388217 50
      vertex -27.611008368862784 139.17971271388217 52
      vertex -26.550252531694166 140.05025253169418 52
    endloop
  endfacet
  facet normal -0.7730104533627276 0.6343932841636569 0
    outer loop
      vertex -26.550252531694166 140.05025253169418 50
      vertex -26.550252531694166 140.05025253169418 52
      vertex -25.679712713882182 141.11100836886277 52
    endloop
  endfacet
  facet normal -0.7730104533627276 0.6343932841636569 0
    outer loop
      vertex -26.550252531694166 140.05025253169418 50
      vertex -25.679712713882182 141.11100836886277 52
      vertex -25.679712713882182 141.11100836886277 50
    endloop
  endfacet
  facet normal -0.8819212643483575 0.4713967368259931 0
    outer loop
      vertex -25.679712713882182 141.11100836886277 50
      vertex -25.032843272420994 142.32121597344437 52
      vertex -25.032843272420994 142.32121597344437 50
    endloop
  endfacet
  facet normal -0.8819212643483575 0.4713967368259931 0
    outer loop
      vertex -25.679712713882182 141.11100836886277 50
      vertex -25.679712713882182 141.11100836886277 52
      vertex -25.032843272420994 142.32121597344437 52
    endloop
  endfacet
  facet normal -0.09801714032955675 -0.9951847266721973 0
    outer loop
      vertex -31.5 152 50
      vertex -30.1343677458871 151.86549696282262 50
      vertex -31.5 152 52
    endloop
  endfacet
  facet normal 0.098017140329557 -0.9951847266721972 0
    outer loop
      vertex -31.5 152 50
      vertex -31.5 152 52
      vertex -32.865632254112896 151.86549696282262 52
    endloop
  endfacet
  facet normal -0.09801714032955675 -0.9951847266721973 0
    outer loop
      vertex -30.1343677458871 151.86549696282262 50
      vertex -30.1343677458871 151.86549696282262 52
      vertex -31.5 152 52
    endloop
  endfacet
  facet normal -0.29028467725446444 -0.9569403357322082 0
    outer loop
      vertex -30.1343677458871 151.86549696282262 50
      vertex -28.82121597344437 151.467156727579 50
      vertex -30.1343677458871 151.86549696282262 52
    endloop
  endfacet
  facet normal -0.47139673682599026 -0.881921264348359 0
    outer loop
      vertex -28.82121597344437 151.467156727579 50
      vertex -27.611008368862784 150.82028728611783 50
      vertex -28.82121597344437 151.467156727579 52
    endloop
  endfacet
  facet normal -0.29028467725446444 -0.9569403357322082 0
    outer loop
      vertex -28.82121597344437 151.467156727579 50
      vertex -28.82121597344437 151.467156727579 52
      vertex -30.1343677458871 151.86549696282262 52
    endloop
  endfacet
  facet normal -0.47139673682599026 -0.881921264348359 0
    outer loop
      vertex -27.611008368862784 150.82028728611783 50
      vertex -27.611008368862784 150.82028728611783 52
      vertex -28.82121597344437 151.467156727579 52
    endloop
  endfacet
  facet normal -0.9569403357322103 0.2902846772544578 0
    outer loop
      vertex -25.032843272420994 142.32121597344437 50
      vertex -24.63450303717739 143.63436774588712 52
      vertex -24.63450303717739 143.63436774588712 50
    endloop
  endfacet
  facet normal -0.9569403357322103 0.2902846772544578 0
    outer loop
      vertex -25.032843272420994 142.32121597344437 50
      vertex -25.032843272420994 142.32121597344437 52
      vertex -24.63450303717739 143.63436774588712 52
    endloop
  endfacet
  facet normal -0.9951847266721967 0.09801714032956314 0
    outer loop
      vertex -24.63450303717739 143.63436774588712 50
      vertex -24.63450303717739 143.63436774588712 52
      vertex -24.5 145 52
    endloop
  endfacet
  facet normal -0.9951847266721967 0.09801714032956314 0
    outer loop
      vertex -24.63450303717739 143.63436774588712 50
      vertex -24.5 145 52
      vertex -24.5 145 50
    endloop
  endfacet
  facet normal -0.9951847266721967 -0.09801714032956314 0
    outer loop
      vertex -24.5 145 50
      vertex -24.63450303717739 146.36563225411288 52
      vertex -24.63450303717739 146.36563225411288 50
    endloop
  endfacet
  facet normal -0.9951847266721967 -0.09801714032956314 0
    outer loop
      vertex -24.5 145 50
      vertex -24.5 145 52
      vertex -24.63450303717739 146.36563225411288 52
    endloop
  endfacet
  facet normal -0.9569403357322103 -0.2902846772544578 0
    outer loop
      vertex -25.032843272420994 147.67878402655563 52
      vertex -24.63450303717739 146.36563225411288 50
      vertex -24.63450303717739 146.36563225411288 52
    endloop
  endfacet
  facet normal -0.7730104533627276 -0.6343932841636569 0
    outer loop
      vertex -25.679712713882182 148.88899163113723 50
      vertex -26.550252531694166 149.94974746830582 52
      vertex -26.550252531694166 149.94974746830582 50
    endloop
  endfacet
  facet normal -0.6343932841636595 -0.7730104533627254 0
    outer loop
      vertex -27.611008368862784 150.82028728611783 50
      vertex -26.550252531694166 149.94974746830582 50
      vertex -27.611008368862784 150.82028728611783 52
    endloop
  endfacet
  facet normal -0.6343932841636595 -0.7730104533627254 0
    outer loop
      vertex -26.550252531694166 149.94974746830582 50
      vertex -26.550252531694166 149.94974746830582 52
      vertex -27.611008368862784 150.82028728611783 52
    endloop
  endfacet
  facet normal -0.8819212643483575 -0.4713967368259931 0
    outer loop
      vertex -25.032843272420994 147.67878402655563 50
      vertex -25.679712713882182 148.88899163113723 52
      vertex -25.679712713882182 148.88899163113723 50
    endloop
  endfacet
  facet normal -0.9569403357322103 -0.2902846772544578 0
    outer loop
      vertex -24.63450303717739 146.36563225411288 50
      vertex -25.032843272420994 147.67878402655563 52
      vertex -25.032843272420994 147.67878402655563 50
    endloop
  endfacet
  facet normal -0.8819212643483575 -0.4713967368259931 0
    outer loop
      vertex -25.032843272420994 147.67878402655563 50
      vertex -25.032843272420994 147.67878402655563 52
      vertex -25.679712713882182 148.88899163113723 52
    endloop
  endfacet
  facet normal -0.7730104533627276 -0.6343932841636569 0
    outer loop
      vertex -25.679712713882182 148.88899163113723 50
      vertex -25.679712713882182 148.88899163113723 52
      vertex -26.550252531694166 149.94974746830582 52
    endloop
  endfacet
  facet normal 1 0 0
    outer loop
      vertex 19.5 112 50
      vertex 19.5 138 50
      vertex 19.5 112 52
    endloop
  endfacet
  facet normal 0 1 0
    outer loop
      vertex 19.5 112 50
      vertex 22 112 52
      vertex 22 112 50
    endloop
  endfacet
  facet normal 0 1 0
    outer loop
      vertex 19.5 112 50
      vertex 19.5 112 52
      vertex 22 112 52
    endloop
  endfacet
  facet normal -1 0 0
    outer loop
      vertex 22 112 50
      vertex 22 112 52
      vertex 22 138 52
    endloop
  endfacet
  facet normal 1 0 0
    outer loop
      vertex 19.5 112 52
      vertex 19.5 138 50
      vertex 19.5 138 52
    endloop
  endfacet
  facet normal -1 0 0
    outer loop
      vertex 22 112 50
      vertex 22 138 52
      vertex 22 138 50
    endloop
  endfacet
  facet normal 0 -1 0
    outer loop
      vertex 19.5 138 52
      vertex 19.5 138 50
      vertex 22 138 50
    endloop
  endfacet
  facet normal 0 -1 0
    outer loop
      vertex 22 138 52
      vertex 19.5 138 52
      vertex 22 138 50
    endloop
  endfacet
  facet normal 0 1 0
    outer loop
      vertex 3 112 52
      vertex 5.5 112 52
      vertex 3 112 50
    endloop
  endfacet
  facet normal 1 0 0
    outer loop
      vertex 3 112 50
      vertex 3 138 50
      vertex 3 112 52
    endloop
  endfacet
  facet normal 0 1 0
    outer loop
      vertex 3 112 50
      vertex 5.5 112 52
      vertex 5.5 112 50
    endloop
  endfacet
  facet normal -1 0 0
    outer loop
      vertex 5.5 138 52
      vertex 5.5 112 50
      vertex 5.5 112 52
    endloop
  endfacet
  facet normal 1 0 0
    outer loop
      vertex 3 112 52
      vertex 3 138 50
      vertex 3 138 52
    endloop
  endfacet
  facet normal -1 0 0
    outer loop
      vertex 5.5 138 52
      vertex 5.5 138 50
      vertex 5.5 112 50
    endloop
  endfacet
  facet normal 0 -1 0
    outer loop
      vertex 3 138 52
      vertex 3 138 50
      vertex 5.5 138 50
    endloop
  endfacet
  facet normal 0 -1 0
    outer loop
      vertex 5.5 138 52
      vertex 3 138 52
      vertex 5.5 138 50
    endloop
  endfacet
endsolid OpenSCAD_Model
